Distance_m,Obstacle_Count,Obstacle_Type,Noise_Power_dBm,Received_SNR_dB,Total_Path_Loss_dB,BER,Is_Outage
98.34,0,None,-65.82,5.91,79.91,0.0029,False
85.84,1,Concrete,-93.95,25.22,88.73,0.0,False
40.25,0,None,-78.06,25.91,72.15,0.0,False
19.66,2,Concrete,-84.37,18.45,85.93,0.0,False
66.87,1,Concrete,-62.24,-4.32,86.56,0.1975,True
153.64,2,Concrete,-66.97,-16.82,103.78,0.42,True
57.3,4,Glass,-81.09,17.87,83.22,0.0,False
22.32,2,Concrete,-83.13,16.1,87.03,0.0,False
94.51,1,Concrete,-98.91,29.34,89.56,0.0,False
37.46,3,Glass,-77.04,19.51,77.53,0.0,False
112.44,1,Glass,-71.16,8.09,83.07,0.0001,False
86.44,3,Glass,-94.88,30.09,84.79,0.0,False
45.09,0,None,-81.01,27.87,73.14,0.0,False
170.38,4,Glass,-97.4,24.72,92.68,0.0,False
101.57,0,None,-89.62,29.43,80.19,0.0,False
44.4,3,Glass,-94.83,35.83,79.0,0.0,False
58.53,4,Concrete,-78.39,-17.01,115.4,0.4194,True
182.53,2,Glass,-77.58,8.3,89.28,0.0,False
78.5,1,Glass,-60.89,0.94,79.95,0.0594,False
17.77,1,Glass,-96.51,49.46,67.05,0.0,False
40.41,3,Glass,-68.36,10.17,78.18,0.0001,False
79.38,2,Concrete,-67.95,-10.1,98.05,0.3285,True
96.08,2,Concrete,-86.12,6.41,99.71,0.0014,False
196.93,1,Concrete,-82.82,6.88,95.94,0.0009,False
118.85,1,Concrete,-74.74,3.18,91.55,0.022,False
142.54,3,Concrete,-81.06,-12.08,113.13,0.3611,True
77.38,3,Glass,-73.66,9.84,83.83,0.0,False
14.98,4,Glass,-87.54,35.98,71.56,0.0,False
193.62,1,Concrete,-78.99,3.19,95.79,0.0214,False
119.12,1,Glass,-64.72,1.15,83.57,0.0534,False
165.83,0,None,-97.94,33.49,84.45,0.0,False
145.97,2,Glass,-66.18,-1.16,87.34,0.1109,True
31.43,3,Concrete,-99.47,19.47,100.0,0.0,False
67.63,0,None,-86.41,29.75,76.66,0.0,False
93.85,4,Concrete,-88.63,-10.87,119.5,0.3381,True
90.59,4,Glass,-71.77,4.57,87.2,0.01,False
34.81,0,None,-92.05,41.16,70.89,0.0,False
164.4,3,Glass,-71.66,1.29,90.37,0.0462,False
54.07,0,None,-92.48,37.77,74.71,0.0,False
48.37,1,Glass,-66.15,10.4,75.75,0.0,False
28.41,3,Concrete,-93.66,14.54,99.12,0.0,False
115.41,0,None,-68.19,6.89,81.3,0.0008,False
115.86,3,Concrete,-89.11,-2.22,111.33,0.1385,True
165.29,2,Concrete,-61.04,-23.38,104.42,0.4608,True
77.34,4,Concrete,-69.55,-28.27,117.82,0.4823,True
148.61,3,Glass,-69.39,-0.1,89.49,0.0845,False
35.38,1,Glass,-81.1,28.07,73.03,0.0,False
14.6,2,Concrete,-97.99,34.65,83.34,0.0,False
46.79,0,None,-82.39,28.93,73.46,0.0,False
195.0,1,Concrete,-86.13,10.27,95.85,0.0,False
70.78,0,None,-70.63,13.58,77.05,0.0,False
92.08,1,Glass,-94.5,33.17,81.34,0.0,False
179.15,2,Glass,-70.25,1.13,89.12,0.0547,False
119.99,2,Glass,-90.72,25.08,85.64,0.0,False
76.0,1,Concrete,-73.98,6.31,87.67,0.0018,False
51.52,4,Concrete,-98.92,4.63,114.29,0.0073,False
11.51,1,Glass,-95.28,52.0,63.28,0.0,False
191.77,0,None,-72.87,7.16,85.71,0.0002,False
158.81,3,Glass,-75.83,5.76,90.07,0.0028,False
82.86,2,Glass,-99.47,37.05,82.42,0.0,False
184.74,1,Concrete,-84.95,9.56,95.39,0.0,False
93.21,2,Concrete,-88.14,8.7,99.44,0.0001,False
15.38,1,Concrete,-63.3,9.51,73.79,0.0,False
136.77,1,Glass,-62.05,-2.73,84.77,0.1512,True
160.91,4,Glass,-73.61,1.42,92.19,0.0442,False
147.2,3,Glass,-79.27,9.85,89.41,0.0,False
53.59,2,Glass,-96.9,38.26,78.64,0.0,False
188.56,1,Concrete,-94.36,18.8,95.56,0.0,False
32.66,1,Glass,-63.11,10.78,72.34,0.0,False
78.69,3,Glass,-73.12,9.15,83.97,0.0,False
75.94,4,Concrete,-98.91,1.25,117.66,0.0488,False
91.9,2,Glass,-72.16,8.84,83.32,0.0,False
11.97,3,Glass,-96.03,48.42,67.61,0.0,False
147.65,4,Concrete,-75.91,-27.53,123.44,0.4808,True
156.5,3,Concrete,-66.97,-26.97,113.94,0.4757,True
148.66,2,Concrete,-91.46,7.96,103.5,0.0004,False
159.49,3,Concrete,-92.85,-1.26,114.11,0.1177,True
15.63,4,Glass,-92.54,40.61,71.93,0.0,False
190.72,0,None,-82.6,16.94,85.66,0.0,False
157.0,2,Glass,-63.95,-4.03,87.97,0.1892,True
173.49,2,Concrete,-61.92,-22.92,104.84,0.4627,True
111.3,0,None,-67.46,6.48,80.98,0.0012,False
52.0,2,Glass,-82.44,24.07,78.37,0.0,False
24.69,4,Concrete,-63.89,-24.01,107.9,0.4591,True
106.56,1,Glass,-82.94,20.34,82.61,0.0,False
178.69,2,Concrete,-98.63,13.53,105.1,0.0,False
127.11,4,Concrete,-87.82,-14.32,122.14,0.3904,True
44.58,3,Glass,-65.35,6.31,79.04,0.0021,False
167.34,3,Glass,-62.0,-8.53,90.53,0.2971,True
12.86,1,Concrete,-95.36,43.12,72.24,0.0,False
159.59,3,Glass,-73.26,3.14,90.11,0.0207,False
148.22,4,Glass,-94.23,22.76,91.47,0.0,False
114.33,4,Glass,-75.72,6.5,89.22,0.002,False
188.61,0,None,-74.16,8.59,85.57,0.0,False
36.76,0,None,-68.18,16.82,71.36,0.0,False
36.55,0,None,-68.2,16.89,71.31,0.0,False
25.93,1,Concrete,-70.6,12.27,78.33,0.0,False
172.03,1,Glass,-84.5,17.74,86.77,0.0,False
131.89,0,None,-99.72,37.26,82.46,0.0,False
73.79,0,None,-72.08,14.67,77.41,0.0,False
182.0,3,Glass,-98.98,27.72,91.26,0.0,False
23.86,0,None,-73.2,25.6,67.61,0.0,False
53.46,1,Concrete,-61.6,-3.02,84.62,0.151,True
88.63,0,None,-60.45,1.44,79.01,0.049,False
157.15,4,Concrete,-90.07,-13.91,123.98,0.3846,True
105.97,0,None,-98.44,37.88,80.56,0.0,False
20.75,3,Concrete,-86.34,9.95,96.39,0.0,False
152.76,3,Glass,-84.77,15.04,89.73,0.0,False
84.63,0,None,-88.81,30.21,78.6,0.0,False
137.44,0,None,-78.39,15.57,82.82,0.0,False
109.98,0,None,-89.69,28.81,80.88,0.0,False
128.43,0,None,-66.84,4.61,82.23,0.0068,False
139.17,2,Concrete,-80.51,-2.42,102.93,0.1391,True
100.08,4,Glass,-68.76,0.7,88.06,0.0609,False
53.36,2,Glass,-64.39,5.79,78.6,0.0027,False
15.12,4,Concrete,-75.76,-7.89,103.65,0.2876,True
39.97,3,Glass,-77.56,19.47,78.09,0.0,False
66.64,0,None,-66.13,9.6,76.53,0.0002,False
55.85,0,None,-84.68,29.68,74.99,0.0,False
182.6,3,Glass,-97.53,26.25,91.28,0.0,False
195.91,1,Concrete,-99.78,23.89,95.9,0.0,False
116.86,3,Glass,-69.23,1.83,87.41,0.0404,False
58.18,2,Concrete,-62.19,-13.16,95.35,0.371,True
120.05,2,Concrete,-98.29,16.65,101.64,0.0,False
105.91,1,Glass,-84.64,22.09,82.55,0.0,False
11.24,2,Glass,-61.06,15.99,65.07,0.0,False
96.64,1,Glass,-90.41,28.65,81.76,0.0,False
68.43,0,None,-69.91,13.15,76.76,0.0,False
159.08,1,Concrete,-62.71,-11.37,94.09,0.3465,True
26.65,4,Concrete,-72.74,-15.83,108.57,0.4048,True
44.34,2,Glass,-99.7,42.71,76.99,0.0,False
48.28,4,Concrete,-78.01,-15.71,113.73,0.4093,True
99.79,3,Concrete,-97.75,7.72,110.04,0.0005,False
144.59,1,Concrete,-96.22,22.96,93.26,0.0,False
189.84,4,Glass,-84.42,10.8,93.62,0.0,False
33.73,2,Glass,-76.14,21.53,74.61,0.0,False
36.09,0,None,-81.12,29.92,71.2,0.0,False
99.67,1,Concrete,-81.21,11.18,90.03,0.0,False
191.9,1,Concrete,-96.02,20.31,95.72,0.0,False
11.86,4,Concrete,-94.77,13.23,101.54,0.0,False
64.86,3,Glass,-98.34,36.05,82.29,0.0,False
47.24,0,None,-68.32,14.78,73.54,0.0,False
26.14,2,Concrete,-68.72,0.32,88.4,0.0757,False
75.71,1,Concrete,-86.93,19.29,87.64,0.0,False
101.19,1,Concrete,-73.98,3.82,90.16,0.012,False
49.4,2,Concrete,-62.22,-11.71,93.93,0.3496,True
92.77,2,Glass,-97.47,34.07,83.4,0.0,False
196.34,2,Concrete,-93.4,7.48,105.91,0.0003,False
26.81,3,Concrete,-82.08,3.46,98.62,0.0166,False
107.07,3,Concrete,-75.26,-15.39,110.65,0.4026,True
32.02,1,Glass,-84.49,32.33,72.16,0.0,False
23.04,0,None,-89.46,42.16,67.3,0.0,False
115.67,0,None,-72.56,11.24,81.32,0.0,False
74.49,1,Concrete,-78.19,10.7,87.5,0.0,False
11.51,0,None,-68.08,26.81,61.27,0.0,False
190.67,1,Glass,-99.89,32.23,87.66,0.0,False
137.98,2,Concrete,-86.69,3.84,102.85,0.0115,False
25.62,1,Glass,-95.18,44.95,70.23,0.0,False
108.68,3,Glass,-66.67,-0.11,86.78,0.0824,False
92.52,3,Concrete,-97.13,7.75,109.38,0.0001,False
190.26,2,Concrete,-79.66,-5.98,105.64,0.2335,True
109.99,4,Concrete,-94.87,-6.01,120.88,0.2493,True
34.39,3,Concrete,-77.23,-3.55,100.78,0.1687,True
155.94,3,Glass,-84.58,14.67,89.91,0.0,False
28.29,0,None,-81.48,32.39,69.09,0.0,False
33.46,0,None,-98.61,48.06,70.55,0.0,False
14.54,1,Concrete,-71.63,18.32,73.31,0.0,False
133.84,1,Glass,-70.75,6.16,84.59,0.0016,False
54.5,0,None,-99.38,44.6,74.78,0.0,False
20.27,1,Concrete,-97.1,40.91,76.19,0.0,False
184.27,3,Concrete,-98.92,3.56,115.36,0.0163,False
195.3,3,Concrete,-83.51,-12.35,115.87,0.3636,True
175.4,3,Concrete,-80.67,-14.27,114.93,0.3908,True
188.96,4,Glass,-100.0,26.41,93.58,0.0,False
184.26,1,Concrete,-92.12,16.76,95.36,0.0,False
54.0,1,Glass,-88.59,31.89,76.7,0.0,False
29.81,0,None,-66.21,16.67,69.54,0.0,False
81.86,2,Concrete,-98.46,20.14,98.32,0.0,False
182.87,0,None,-95.29,30.0,85.3,0.0,False
195.87,1,Concrete,-84.71,8.82,95.89,0.0,False
34.07,1,Concrete,-79.31,18.61,80.7,0.0,False
137.0,2,Concrete,-64.71,-18.08,102.79,0.4266,True
43.72,3,Glass,-72.14,13.27,78.87,0.0,False
94.23,2,Concrete,-70.77,-8.77,99.54,0.3067,True
165.0,3,Concrete,-92.89,-1.51,114.4,0.1192,True
106.22,0,None,-72.59,12.01,80.58,0.0,False
177.86,3,Glass,-62.07,-8.99,91.06,0.3105,True
143.99,0,None,-75.28,12.06,83.22,0.0,False
22.17,1,Concrete,-73.98,17.01,76.97,0.0,False
53.1,2,Glass,-90.4,31.85,78.56,0.0,False
13.68,4,Glass,-90.09,39.31,70.78,0.0,False
134.59,1,Concrete,-69.38,-3.25,92.63,0.1676,True
170.01,3,Concrete,-86.5,-8.17,114.66,0.2969,True
16.13,1,Glass,-86.73,40.53,66.2,0.0,False
44.73,2,Glass,-96.19,39.12,77.07,0.0,False
92.2,2,Glass,-60.27,-3.08,83.35,0.1626,True
46.28,1,Concrete,-86.75,23.39,83.36,0.0,False
90.03,4,Concrete,-62.6,-36.55,119.14,0.4924,True
177.33,1,Glass,-80.82,13.79,87.03,0.0,False
83.92,3,Concrete,-71.59,-16.94,108.53,0.4168,True
70.8,4,Concrete,-67.21,-29.84,117.05,0.4852,True
96.2,4,Glass,-80.68,12.96,87.72,0.0,False
107.62,0,None,-70.09,9.39,80.69,0.0,False
99.02,4,Glass,-62.58,-5.39,87.97,0.2256,True
134.57,3,Glass,-61.64,-6.99,88.63,0.2627,True
79.48,0,None,-76.78,18.72,78.06,0.0,False
80.56,0,None,-99.49,41.32,78.18,0.0,False
163.37,2,Glass,-79.46,11.14,88.32,0.0,False
109.89,4,Glass,-82.16,13.29,88.87,0.0,False
172.83,3,Concrete,-87.97,-6.83,114.81,0.2543,True
12.73,2,Glass,-95.05,48.9,66.15,0.0,False
105.18,0,None,-76.54,16.04,80.49,0.0,False
34.82,2,Concrete,-80.72,9.83,90.89,0.0,False
61.02,2,Concrete,-89.21,13.45,95.76,0.0,False
156.51,4,Glass,-60.34,-11.6,91.95,0.3568,True
119.92,0,None,-87.83,26.2,81.63,0.0,False
119.21,1,Concrete,-77.25,5.67,91.58,0.0034,False
55.77,3,Concrete,-75.35,-9.63,104.98,0.3304,True
135.29,1,Concrete,-96.61,23.94,92.68,0.0,False
91.03,1,Glass,-84.18,22.94,81.24,0.0,False
13.33,1,Concrete,-85.47,32.92,72.55,0.0,False
77.31,0,None,-89.61,31.79,77.82,0.0,False
109.43,1,Concrete,-99.62,28.79,90.84,0.0,False
34.67,4,Glass,-74.91,16.06,78.85,0.0,False
149.02,1,Concrete,-91.25,17.73,93.52,0.0,False
29.46,4,Glass,-64.64,7.2,77.44,0.0004,False
66.27,2,Glass,-92.24,31.76,80.48,0.0,False
49.75,4,Concrete,-92.19,-1.81,113.99,0.1237,True
91.15,4,Glass,-91.71,24.46,87.25,0.0,False
33.14,2,Glass,-66.41,11.95,74.46,0.0,False
22.52,1,Glass,-62.78,13.67,69.1,0.0,False
38.79,3,Glass,-69.21,11.38,77.83,0.0,False
122.71,0,None,-84.67,22.84,81.83,0.0,False
13.14,2,Concrete,-99.56,37.14,82.43,0.0,False
159.59,1,Concrete,-81.59,7.48,94.11,0.0003,False
115.3,3,Concrete,-96.6,5.31,111.29,0.0044,False
127.13,4,Glass,-89.0,18.86,90.14,0.0,False
175.91,4,Concrete,-81.62,-23.34,124.96,0.4583,True
99.48,1,Glass,-74.61,12.61,82.01,0.0,False
105.84,2,Glass,-75.74,11.2,84.55,0.0,False
67.44,0,None,-94.68,38.05,76.63,0.0,False
172.38,4,Glass,-60.86,-11.92,92.78,0.3624,True
93.73,4,Glass,-78.92,11.43,87.49,0.0,False
38.49,4,Concrete,-98.2,6.44,111.76,0.0017,False
62.74,0,None,-60.34,4.34,76.01,0.0114,False
169.39,0,None,-74.5,9.87,84.63,0.0,False
69.58,1,Concrete,-64.7,-2.2,86.9,0.1324,True
11.72,1,Glass,-75.32,31.89,63.43,0.0,False
125.21,1,Concrete,-61.6,-10.41,92.01,0.3306,True
10.06,0,None,-66.07,25.96,60.11,0.0,False
16.55,4,Concrete,-88.56,4.13,104.43,0.0113,False
19.46,4,Glass,-71.87,18.04,73.84,0.0,False
90.17,4,Glass,-98.95,31.79,87.16,0.0,False
47.19,2,Glass,-79.78,22.25,77.53,0.0,False
180.25,4,Concrete,-66.23,-38.94,125.17,0.4983,True
81.0,4,Concrete,-96.15,-2.07,118.22,0.137,True
55.9,3,Concrete,-85.39,0.39,105.0,0.0688,False
76.78,1,Glass,-69.52,9.76,79.76,0.0,False
130.67,4,Concrete,-94.91,-7.46,122.38,0.279,True
92.58,1,Concrete,-98.04,28.65,89.38,0.0,False
19.54,3,Glass,-62.29,10.42,71.87,0.0,False
173.44,1,Concrete,-93.24,18.4,94.84,0.0,False
35.8,1,Glass,-73.06,19.93,73.13,0.0,False
168.81,4,Glass,-61.08,-11.52,92.6,0.3524,True
42.42,1,Concrete,-88.31,25.7,82.61,0.0,False
199.3,2,Concrete,-74.82,-11.22,106.04,0.3446,True
73.24,4,Glass,-60.38,-4.97,85.35,0.2147,True
86.58,4,Glass,-68.34,1.54,86.8,0.0497,False
48.94,0,None,-62.51,8.67,73.85,0.0,False
163.76,3,Glass,-82.99,12.65,90.34,0.0,False
183.98,4,Concrete,-78.03,-27.32,125.35,0.4777,True
80.62,2,Glass,-62.77,0.59,82.18,0.0688,False
24.72,2,Concrete,-88.24,20.32,87.92,0.0,False
159.28,2,Concrete,-94.74,10.64,104.1,0.0,False
166.27,0,None,-75.52,11.05,84.47,0.0,False
188.99,3,Glass,-74.2,2.61,91.58,0.0296,False
139.45,3,Glass,-81.84,12.9,88.94,0.0,False
168.65,0,None,-60.44,-4.15,84.59,0.1858,True
13.2,1,Concrete,-77.99,25.52,72.46,0.0,False
189.22,2,Concrete,-83.7,-1.89,105.59,0.127,True
173.2,3,Glass,-99.88,29.05,90.83,0.0,False
80.19,1,Concrete,-91.79,23.65,88.14,0.0,False
25.26,1,Concrete,-92.7,34.6,78.1,0.0,False
50.33,0,None,-77.72,23.63,74.09,0.0,False
191.24,0,None,-88.8,23.12,85.69,0.0,False
17.75,1,Concrete,-93.83,38.79,75.04,0.0,False
104.33,0,None,-94.95,34.53,80.42,0.0,False
19.53,3,Glass,-77.01,25.15,71.87,0.0,False
156.47,0,None,-75.07,11.13,83.94,0.0,False
48.56,4,Concrete,-78.24,-15.54,113.78,0.4065,True
128.46,0,None,-66.12,3.89,82.23,0.0129,False
194.35,2,Glass,-98.77,28.94,89.83,0.0,False
111.46,1,Glass,-91.07,28.08,83.0,0.0,False
159.49,0,None,-80.3,16.2,84.11,0.0,False
198.81,3,Concrete,-80.26,-15.76,116.02,0.4064,True
35.07,0,None,-97.21,46.26,70.95,0.0,False
180.65,1,Concrete,-60.77,-14.42,95.19,0.3929,True
146.43,1,Concrete,-77.32,3.96,93.37,0.0141,False
172.13,2,Concrete,-63.4,-21.37,104.77,0.4518,True
198.8,0,None,-68.38,2.36,86.02,0.0298,False
94.07,4,Glass,-71.44,3.92,87.52,0.0126,False
135.7,3,Concrete,-76.73,-15.97,112.71,0.4109,True
47.63,1,Glass,-67.38,11.77,75.61,0.0,False
118.02,2,Glass,-98.61,33.12,85.49,0.0,False
49.0,0,None,-73.74,19.88,73.86,0.0,False
76.18,1,Concrete,-68.64,0.95,87.69,0.0589,False
185.65,0,None,-70.91,5.49,85.43,0.0043,False
166.4,1,Concrete,-72.68,-1.8,94.48,0.1216,True
115.24,2,Glass,-70.01,4.72,85.29,0.0056,False
29.21,3,Concrete,-80.62,1.25,99.37,0.0521,False
151.72,2,Glass,-78.65,10.97,87.68,0.0,False
20.0,4,Glass,-95.95,41.87,74.08,0.0,False
67.29,3,Concrete,-67.54,-19.07,106.61,0.4417,True
39.53,2,Concrete,-89.69,17.69,91.99,0.0,False
10.25,0,None,-63.1,22.83,60.27,0.0,False
75.64,2,Glass,-80.65,19.02,81.63,0.0,False
170.56,3,Glass,-63.53,-7.17,90.69,0.2698,True
183.81,4,Concrete,-98.25,-7.09,125.34,0.2633,True
98.32,2,Concrete,-73.01,-6.9,99.91,0.2618,True
39.83,1,Glass,-66.28,12.22,74.06,0.0,False
89.56,4,Concrete,-65.28,-33.82,119.1,0.4917,True
50.61,2,Concrete,-66.42,-7.72,94.14,0.2793,True
134.74,1,Concrete,-99.87,27.22,92.64,0.0,False
74.78,1,Glass,-85.95,26.42,79.53,0.0,False
23.08,0,None,-74.68,27.36,67.32,0.0,False
37.3,2,Glass,-63.81,8.32,75.49,0.0,False
176.92,4,Glass,-83.71,10.7,93.01,0.0,False
77.97,0,None,-92.06,34.16,77.89,0.0,False
163.15,2,Glass,-63.12,-5.19,88.31,0.2194,True
144.18,3,Concrete,-85.88,-7.35,113.23,0.2785,True
188.49,1,Glass,-61.96,-5.6,87.56,0.2284,True
120.03,0,None,-95.04,33.4,81.64,0.0,False
23.12,0,None,-76.8,29.47,67.33,0.0,False
31.86,1,Concrete,-68.97,8.85,80.12,0.0,False
10.03,3,Concrete,-93.11,23.03,90.08,0.0,False
59.52,3,Glass,-91.0,29.46,81.55,0.0,False
182.17,3,Glass,-85.79,14.52,91.26,0.0,False
120.6,1,Concrete,-93.28,21.6,91.68,0.0,False
136.73,1,Glass,-69.58,4.81,84.77,0.0077,False
38.53,0,None,-71.08,19.31,71.77,0.0,False
28.62,3,Glass,-97.85,42.67,75.19,0.0,False
175.45,1,Glass,-94.32,27.38,86.94,0.0,False
94.61,3,Concrete,-84.75,-4.83,109.57,0.2132,True
11.47,4,Concrete,-61.36,-19.89,101.25,0.4304,True
164.66,4,Concrete,-73.72,-30.67,124.39,0.4804,True
190.43,4,Concrete,-81.23,-24.42,125.65,0.464,True
153.16,1,Glass,-78.63,12.87,85.76,0.0,False
34.02,2,Glass,-95.48,40.79,74.69,0.0,False
175.37,1,Glass,-69.32,2.39,86.93,0.0308,False
124.63,0,None,-80.3,18.33,81.97,0.0,False
132.39,4,Concrete,-77.77,-24.72,122.49,0.4654,True
10.2,2,Glass,-80.38,36.16,64.22,0.0,False
124.99,3,Glass,-66.09,-1.9,87.99,0.1292,True
165.89,4,Concrete,-66.27,-38.18,124.45,0.4974,True
54.02,2,Glass,-70.47,11.76,78.7,0.0,False
22.37,0,None,-87.46,40.42,67.05,0.0,False
117.93,4,Concrete,-95.31,-6.18,121.49,0.2391,True
188.99,3,Glass,-67.05,-4.53,91.58,0.2066,True
83.38,4,Glass,-94.43,27.96,86.48,0.0,False
148.41,3,Glass,-64.09,-5.39,89.48,0.2241,True
132.21,4,Concrete,-60.58,-41.9,122.48,0.4979,True
78.24,2,Concrete,-78.87,0.95,97.92,0.0565,False
137.32,3,Glass,-89.82,21.01,88.81,0.0,False
176.01,4,Glass,-77.53,4.56,92.97,0.0084,False
121.77,2,Glass,-86.75,20.99,85.77,0.0,False
143.93,0,None,-96.18,32.96,83.22,0.0,False
81.68,1,Glass,-93.21,32.91,80.3,0.0,False
191.62,3,Concrete,-72.6,-23.11,115.7,0.4582,True
167.58,3,Concrete,-69.8,-24.74,114.54,0.4629,True
84.7,2,Glass,-80.05,17.44,82.61,0.0,False
126.68,0,None,-71.72,9.62,82.11,0.0,False
44.99,0,None,-61.31,8.19,73.12,0.0,False
73.84,3,Concrete,-97.21,9.79,107.42,0.0,False
90.53,0,None,-68.81,9.62,79.19,0.0,False
195.02,2,Glass,-84.81,14.96,89.86,0.0,False
152.27,1,Glass,-69.98,4.27,85.71,0.0096,False
95.91,4,Glass,-85.17,17.48,87.69,0.0,False
125.65,2,Concrete,-98.65,16.61,102.04,0.0,False
121.14,3,Concrete,-71.94,-19.78,111.72,0.4358,True
87.31,3,Glass,-88.74,23.87,84.88,0.0,False
76.98,3,Concrete,-70.24,-17.54,107.78,0.4207,True
116.0,2,Concrete,-71.66,-9.68,101.34,0.3133,True
30.77,3,Concrete,-97.06,17.25,99.82,0.0,False
112.51,0,None,-62.99,1.91,81.08,0.0398,False
143.22,0,None,-95.31,32.13,83.17,0.0,False
45.72,0,None,-89.41,36.15,73.26,0.0,False
187.66,2,Concrete,-71.17,-14.35,105.52,0.3967,True
23.48,4,Glass,-60.42,4.95,75.47,0.0065,False
164.47,3,Concrete,-81.39,-12.98,114.38,0.3786,True
25.99,4,Glass,-92.93,36.58,76.35,0.0,False
76.55,1,Glass,-83.53,23.79,79.73,0.0,False
93.63,3,Glass,-80.85,15.37,85.48,0.0,False
191.57,4,Concrete,-68.79,-36.91,125.7,0.4987,True
55.55,2,Glass,-91.47,32.52,78.95,0.0,False
193.01,0,None,-98.92,33.15,85.77,0.0,False
128.99,3,Glass,-74.04,5.77,88.27,0.0034,False
132.52,1,Concrete,-97.23,24.73,92.5,0.0,False
189.37,3,Concrete,-63.9,-31.7,115.6,0.4806,True
114.95,1,Concrete,-99.14,27.88,91.26,0.0,False
105.92,0,None,-96.64,36.09,80.55,0.0,False
191.95,2,Concrete,-98.39,12.67,105.72,0.0,False
134.43,3,Glass,-60.09,-8.53,88.62,0.3042,True
129.45,2,Concrete,-62.81,-19.49,102.3,0.4367,True
130.99,2,Glass,-69.57,3.17,86.4,0.0205,False
173.38,4,Glass,-93.7,20.87,92.83,0.0,False
144.77,2,Glass,-80.77,13.5,87.27,0.0,False
121.88,0,None,-60.43,-1.35,81.77,0.1128,True
173.87,4,Glass,-79.3,6.44,92.86,0.0013,False
180.29,0,None,-96.37,31.2,85.17,0.0,False
180.5,0,None,-75.08,9.9,85.18,0.0,False
109.44,1,Concrete,-71.62,0.79,90.84,0.0613,False
186.28,1,Glass,-74.55,7.09,87.46,0.0014,False
152.22,0,None,-63.51,-0.2,83.7,0.081,False
136.66,0,None,-91.57,28.8,82.77,0.0,False
122.81,4,Concrete,-79.33,-22.51,121.84,0.4616,True
158.43,0,None,-71.65,7.59,84.05,0.0005,False
178.24,3,Glass,-74.51,3.44,91.07,0.0164,False
21.74,3,Glass,-67.35,14.55,72.8,0.0,False
193.87,2,Glass,-68.83,-0.97,89.8,0.1039,True
173.22,1,Glass,-86.77,19.94,86.83,0.0,False
42.45,4,Concrete,-76.87,-15.74,112.61,0.4072,True
132.1,3,Glass,-92.11,23.64,88.47,0.0,False
100.82,0,None,-98.18,38.05,80.13,0.0,False
161.36,1,Glass,-76.64,10.43,86.21,0.0,False
87.58,2,Concrete,-83.55,4.64,98.9,0.0074,False
55.53,2,Concrete,-83.0,8.05,94.94,0.0001,False
112.84,0,None,-75.07,13.96,81.1,0.0,False
165.62,1,Concrete,-63.44,-11.0,94.44,0.3475,True
113.32,3,Glass,-62.69,-4.45,87.14,0.1972,True
41.47,3,Concrete,-80.4,-2.01,102.41,0.1265,True
92.48,2,Concrete,-77.51,-1.86,99.38,0.1226,True
199.1,4,Concrete,-69.61,-36.43,126.04,0.4947,True
86.03,0,None,-91.33,32.58,78.75,0.0,False
29.33,1,Concrete,-63.76,4.36,79.4,0.0119,False
96.45,1,Glass,-76.94,15.2,81.74,0.0,False
188.81,0,None,-73.15,7.58,85.57,0.0001,False
55.51,3,Concrete,-67.51,-17.43,104.94,0.4191,True
32.35,2,Glass,-75.54,21.29,74.25,0.0,False
49.62,3,Glass,-65.63,5.66,79.97,0.0032,False
60.24,4,Glass,-95.16,31.51,83.65,0.0,False
106.62,3,Concrete,-94.85,4.24,110.61,0.0117,False
96.95,0,None,-91.59,31.8,79.79,0.0,False
79.94,0,None,-78.18,20.07,78.11,0.0,False
104.17,4,Concrete,-94.94,-5.47,120.41,0.2326,True
56.24,0,None,-79.13,24.08,75.05,0.0,False
196.88,2,Concrete,-83.27,-2.67,105.94,0.1512,True
93.83,2,Glass,-61.61,-1.89,83.5,0.1234,True
50.94,3,Concrete,-81.33,-2.87,104.19,0.1527,True
49.16,0,None,-77.26,23.38,73.89,0.0,False
101.33,4,Glass,-76.69,8.52,88.17,0.0001,False
118.22,1,Concrete,-90.84,19.33,91.51,0.0,False
119.22,1,Glass,-73.65,10.07,83.58,0.0,False
116.75,0,None,-77.0,15.6,81.4,0.0,False
29.94,4,Glass,-63.25,5.68,77.58,0.003,False
92.85,3,Glass,-77.86,12.45,85.41,0.0,False
117.29,4,Concrete,-79.93,-21.51,121.44,0.4486,True
46.61,3,Concrete,-69.73,-13.7,103.42,0.3851,True
41.49,3,Concrete,-85.45,3.04,102.41,0.0263,False
116.73,2,Glass,-93.01,27.61,85.4,0.0,False
66.64,2,Glass,-65.77,5.24,80.53,0.0037,False
137.38,0,None,-97.36,34.55,82.81,0.0,False
29.11,1,Concrete,-80.36,21.03,79.34,0.0,False
34.93,2,Concrete,-93.44,22.52,90.92,0.0,False
108.63,2,Concrete,-60.47,-20.31,100.77,0.4406,True
135.26,0,None,-90.48,27.8,82.68,0.0,False
197.94,1,Glass,-72.72,4.73,87.98,0.0076,False
147.49,0,None,-71.96,8.53,83.43,0.0001,False
10.12,3,Concrete,-62.36,-7.8,90.16,0.2862,True
167.11,1,Concrete,-94.22,19.7,94.51,0.0,False
18.0,2,Concrete,-67.6,2.44,85.16,0.0279,False
56.46,1,Glass,-78.99,21.9,77.09,0.0,False
174.99,3,Glass,-62.12,-8.79,90.91,0.305,True
62.41,2,Concrete,-74.44,-1.52,95.96,0.1165,True
138.94,1,Glass,-65.55,0.64,84.91,0.0656,False
125.93,4,Glass,-61.52,-8.54,90.06,0.301,True
167.64,4,Glass,-93.58,21.04,92.54,0.0,False
39.9,1,Glass,-81.16,27.09,74.07,0.0,False
95.32,3,Glass,-92.51,26.87,85.64,0.0,False
49.98,1,Concrete,-78.98,14.95,84.03,0.0,False
50.77,4,Glass,-97.48,35.31,82.17,0.0,False
190.95,3,Glass,-92.75,21.08,91.67,0.0,False
145.34,3,Glass,-95.72,26.42,89.3,0.0,False
194.9,0,None,-90.98,25.13,85.85,0.0,False
186.65,3,Concrete,-62.95,-32.53,115.47,0.4845,True
194.19,1,Concrete,-97.97,22.15,95.82,0.0,False
12.31,2,Concrete,-93.85,31.99,81.86,0.0,False
197.09,4,Glass,-75.03,1.08,93.95,0.0513,False
195.96,0,None,-62.52,-3.37,85.9,0.1732,True
112.95,4,Glass,-68.56,-0.55,89.11,0.0946,False
114.47,1,Glass,-78.16,14.93,83.23,0.0,False
183.05,0,None,-90.32,25.02,85.31,0.0,False
136.83,0,None,-82.3,19.52,82.78,0.0,False
87.2,4,Concrete,-67.18,-31.68,118.86,0.4812,True
119.69,3,Glass,-72.68,5.06,87.62,0.0059,False
146.71,3,Concrete,-71.59,-21.79,113.38,0.4559,True
151.22,2,Concrete,-93.52,9.87,103.65,0.0,False
95.98,3,Glass,-99.1,33.4,85.7,0.0,False
115.5,4,Glass,-91.12,21.81,89.31,0.0,False
76.81,4,Glass,-79.79,14.03,85.76,0.0,False
96.99,3,Glass,-61.27,-4.52,85.79,0.2058,True
175.12,1,Glass,-72.37,5.45,86.92,0.0043,False
136.82,1,Glass,-76.73,11.95,84.78,0.0,False
60.76,2,Concrete,-71.47,-4.26,95.73,0.1987,True
122.28,2,Glass,-60.35,-5.46,85.8,0.2282,True
57.78,0,None,-73.18,17.89,75.29,0.0,False
13.94,1,Concrete,-83.52,30.58,72.94,0.0,False
137.39,4,Glass,-67.93,-2.89,90.81,0.1544,True
124.12,3,Concrete,-74.83,-17.1,111.93,0.4196,True
67.91,1,Concrete,-95.4,28.71,86.69,0.0,False
191.92,1,Concrete,-71.22,-4.5,95.72,0.1974,True
139.01,3,Glass,-78.24,9.32,88.92,0.0,False
133.29,4,Concrete,-93.07,-9.48,122.55,0.3238,True
79.76,1,Concrete,-66.24,-1.85,88.09,0.1274,True
93.36,1,Concrete,-85.06,15.61,89.46,0.0,False
66.15,0,None,-76.45,19.98,76.46,0.0,False
115.68,0,None,-70.91,9.6,81.32,0.0001,False
188.53,3,Concrete,-99.26,3.7,115.56,0.0147,False
148.33,4,Glass,-66.25,-5.23,91.48,0.2253,True
73.54,2,Concrete,-82.67,5.29,97.38,0.0041,False
32.14,4,Concrete,-78.81,-11.38,110.19,0.3433,True
53.7,0,None,-78.88,24.22,74.65,0.0,False
141.19,3,Concrete,-64.83,-28.22,113.05,0.4782,True
125.94,3,Glass,-70.79,2.73,88.06,0.0263,False
151.14,4,Concrete,-89.53,-14.11,123.64,0.392,True
11.98,0,None,-66.1,24.48,61.62,0.0,False
29.51,0,None,-73.76,24.31,69.45,0.0,False
143.02,2,Concrete,-69.61,-13.55,103.16,0.3763,True
45.94,0,None,-71.75,18.45,73.3,0.0,False
23.3,1,Concrete,-63.19,5.79,77.4,0.0024,False
139.54,4,Glass,-65.2,-5.74,90.95,0.2254,True
86.24,4,Concrete,-79.79,-18.98,118.77,0.4355,True
160.27,4,Concrete,-60.25,-43.9,124.15,0.5021,True
145.35,1,Concrete,-94.07,20.77,93.3,0.0,False
108.83,1,Glass,-78.55,15.76,82.79,0.0,False
199.19,0,None,-95.92,29.89,86.04,0.0,False
168.58,4,Glass,-95.04,22.45,92.59,0.0,False
43.62,4,Glass,-82.69,21.84,80.85,0.0,False
85.46,2,Glass,-80.98,18.29,82.69,0.0,False
59.84,4,Glass,-65.18,1.58,83.59,0.0459,False
46.78,3,Concrete,-92.04,8.59,103.45,0.0001,False
27.45,1,Glass,-79.1,28.28,70.83,0.0,False
182.16,3,Glass,-78.97,7.7,91.26,0.0,False
149.11,4,Glass,-91.81,20.28,91.52,0.0,False
72.46,0,None,-67.47,10.21,77.26,0.0,False
86.17,2,Glass,-63.78,1.02,82.76,0.0575,False
80.6,0,None,-65.71,7.53,78.18,0.0001,False
173.05,2,Glass,-61.05,-7.77,88.82,0.2852,True
13.16,0,None,-74.4,31.96,62.44,0.0,False
49.72,4,Concrete,-77.19,-16.8,113.98,0.4231,True
19.76,3,Glass,-93.66,41.69,71.97,0.0,False
60.8,1,Concrete,-61.28,-4.45,85.73,0.1964,True
146.83,3,Concrete,-86.46,-6.93,113.39,0.2657,True
137.87,3,Concrete,-68.1,-24.75,112.84,0.4733,True
77.08,2,Concrete,-64.8,-12.99,97.79,0.3663,True
182.11,1,Concrete,-78.78,3.52,95.26,0.0165,False
89.44,1,Glass,-75.39,14.31,81.08,0.0,False
37.17,3,Concrete,-73.85,-7.6,101.46,0.2766,True
44.14,0,None,-63.12,10.17,72.95,0.0,False
83.43,3,Concrete,-69.72,-18.76,108.48,0.4372,True
134.8,4,Concrete,-95.95,-6.7,122.65,0.2552,True
180.49,0,None,-90.87,25.69,85.18,0.0,False
165.35,3,Glass,-86.67,16.24,90.42,0.0,False
26.23,4,Concrete,-87.91,-0.52,108.43,0.0894,False
29.9,3,Concrete,-91.76,12.2,99.57,0.0,False
178.66,4,Glass,-97.97,24.87,93.09,0.0,False
72.4,3,Concrete,-80.42,-6.83,107.25,0.2567,True
20.91,1,Glass,-76.77,28.3,68.46,0.0,False
154.73,1,Glass,-70.27,4.43,85.85,0.0094,False
50.91,0,None,-96.41,42.22,74.19,0.0,False
99.43,1,Concrete,-64.06,-5.95,90.0,0.2379,True
102.6,1,Glass,-87.97,25.69,82.28,0.0,False
15.52,0,None,-60.86,16.99,63.87,0.0,False
91.76,3,Concrete,-70.11,-19.19,109.31,0.4378,True
61.97,1,Concrete,-98.14,32.25,85.9,0.0,False
125.19,2,Concrete,-65.11,-16.9,102.01,0.4249,True
79.67,2,Concrete,-68.4,-9.68,98.08,0.3327,True
45.44,1,Glass,-91.56,36.36,75.2,0.0,False
96.38,2,Glass,-88.34,24.61,83.73,0.0,False
158.21,0,None,-62.37,-1.67,84.04,0.1202,True
16.2,1,Concrete,-93.86,39.62,74.24,0.0,False
149.22,0,None,-96.83,33.3,83.53,0.0,False
196.22,3,Concrete,-75.54,-20.37,115.91,0.4468,True
164.1,0,None,-70.02,5.67,84.36,0.0018,False
88.34,2,Concrete,-82.57,3.59,98.98,0.0172,False
79.4,1,Concrete,-80.79,12.74,88.05,0.0,False
150.05,2,Concrete,-98.88,15.3,103.58,0.0,False
118.82,4,Concrete,-77.12,-24.43,121.55,0.4672,True
90.82,2,Concrete,-99.6,20.39,99.22,0.0,False
164.04,0,None,-78.74,14.38,84.35,0.0,False
66.81,1,Glass,-67.46,8.91,78.55,0.0,False
177.89,0,None,-73.54,8.48,85.06,0.0,False
193.96,4,Glass,-82.61,8.8,93.81,0.0,False
124.46,3,Glass,-69.81,1.86,87.96,0.0374,False
49.75,0,None,-74.98,20.99,73.99,0.0,False
156.74,1,Concrete,-98.23,24.27,93.96,0.0,False
86.43,1,Concrete,-60.12,-8.67,88.79,0.3016,True
133.3,4,Glass,-85.88,15.33,90.55,0.0,False
27.25,4,Glass,-78.31,21.55,76.76,0.0,False
123.16,4,Glass,-80.79,10.93,89.86,0.0,False
21.67,0,None,-81.59,34.82,66.77,0.0,False
35.58,2,Glass,-75.65,20.57,75.08,0.0,False
94.18,1,Glass,-80.27,18.74,81.53,0.0,False
11.08,4,Concrete,-66.97,-13.98,100.95,0.3947,True
98.02,0,None,-81.29,21.41,79.88,0.0,False
119.61,1,Glass,-62.67,-0.94,83.61,0.1016,True
109.81,1,Concrete,-65.58,-5.29,90.87,0.2344,True
79.89,0,None,-97.92,39.82,78.1,0.0,False
40.66,0,None,-91.59,39.35,72.24,0.0,False
143.13,1,Concrete,-82.82,9.65,93.17,0.0,False
21.03,2,Concrete,-61.38,-5.14,86.51,0.216,True
72.24,0,None,-88.05,30.82,77.23,0.0,False
56.22,1,Glass,-85.17,28.12,77.05,0.0,False
108.72,2,Glass,-66.84,2.06,84.78,0.0371,False
100.88,0,None,-84.37,24.24,80.13,0.0,False
127.74,0,None,-92.79,30.61,82.18,0.0,False
188.89,2,Glass,-66.98,-2.59,89.58,0.1445,True
26.2,1,Concrete,-92.25,33.83,78.42,0.0,False
87.15,1,Glass,-60.5,-0.36,80.86,0.08,False
124.13,4,Concrete,-66.33,-35.6,121.93,0.4962,True
108.83,4,Glass,-97.53,28.74,88.79,0.0,False
170.22,1,Glass,-94.24,27.56,86.67,0.0,False
197.2,0,None,-80.36,14.41,85.95,0.0,False
172.19,0,None,-86.58,21.81,84.77,0.0,False
108.87,0,None,-97.32,36.53,80.79,0.0,False
59.24,4,Concrete,-99.18,3.68,115.51,0.0147,False
63.98,0,None,-87.31,31.13,76.17,0.0,False
67.78,3,Glass,-63.9,1.23,82.68,0.0552,False
70.19,1,Glass,-93.36,34.38,78.98,0.0,False
119.25,2,Glass,-95.77,30.19,85.58,0.0,False
44.2,1,Glass,-76.54,21.58,74.96,0.0,False
13.5,3,Concrete,-69.63,-3.03,92.66,0.1629,True
181.5,2,Concrete,-61.83,-23.4,105.23,0.467,True
142.59,2,Glass,-95.7,28.57,87.14,0.0,False
101.77,3,Concrete,-69.88,-20.33,110.21,0.4467,True
190.53,0,None,-99.06,33.4,85.65,0.0,False
77.06,2,Glass,-76.76,14.97,81.79,0.0,False
135.28,3,Concrete,-91.81,-0.87,112.68,0.1037,True
189.41,3,Concrete,-87.74,-7.87,115.6,0.286,True
10.51,4,Glass,-92.02,43.53,68.49,0.0,False
14.64,0,None,-73.68,30.32,63.36,0.0,False
72.64,0,None,-70.79,13.51,77.28,0.0,False
122.89,0,None,-76.98,15.14,81.84,0.0,False
160.94,3,Concrete,-95.98,1.79,114.19,0.0371,False
144.45,3,Concrete,-90.84,-2.41,113.25,0.1499,True
137.01,4,Concrete,-84.1,-18.69,122.79,0.4379,True
162.88,3,Glass,-92.45,22.16,90.29,0.0,False
135.17,4,Glass,-71.83,1.16,90.67,0.0561,False
171.11,4,Concrete,-61.8,-42.92,124.72,0.5003,True
192.33,4,Glass,-72.17,-1.57,93.74,0.1163,True
15.34,2,Concrete,-90.81,27.04,83.77,0.0,False
136.27,1,Glass,-90.13,25.38,84.74,0.0,False
157.03,3,Concrete,-86.69,-7.29,113.97,0.2689,True
136.54,3,Concrete,-96.0,3.24,112.76,0.0201,False
22.38,2,Concrete,-67.51,0.46,87.05,0.0716,False
25.65,0,None,-98.44,50.21,68.24,0.0,False
159.57,3,Concrete,-86.72,-7.4,114.11,0.2766,True
151.23,4,Glass,-93.95,22.3,91.65,0.0,False
57.65,2,Concrete,-78.25,2.97,95.27,0.0242,False
21.29,3,Concrete,-76.33,-0.29,96.62,0.0848,False
37.14,3,Concrete,-79.71,-1.74,101.45,0.1238,True
94.2,3,Concrete,-99.33,9.79,109.53,0.0,False
105.89,4,Glass,-85.05,16.5,88.55,0.0,False
142.97,2,Concrete,-68.17,-14.99,103.16,0.3897,True
45.09,2,Concrete,-66.01,-7.13,93.14,0.2664,True
37.14,2,Concrete,-98.35,26.9,91.45,0.0,False
198.72,3,Concrete,-77.54,-18.48,116.02,0.441,True
83.07,3,Concrete,-91.95,3.51,108.44,0.0166,False
53.54,4,Concrete,-76.87,-17.76,114.63,0.4245,True
29.01,1,Glass,-70.83,19.53,71.3,0.0,False
115.51,3,Concrete,-95.1,3.79,111.31,0.0169,False
137.33,4,Concrete,-93.36,-9.45,122.81,0.3123,True
85.98,0,None,-63.83,5.09,78.74,0.0047,False
148.36,4,Glass,-95.54,24.06,91.48,0.0,False
24.41,1,Concrete,-86.23,28.43,77.81,0.0,False
55.46,1,Glass,-70.77,13.84,76.93,0.0,False
95.3,0,None,-68.63,9.0,79.64,0.0,False
81.0,2,Glass,-67.27,5.05,82.22,0.0051,False
195.12,1,Glass,-89.77,21.9,87.86,0.0,False
143.1,1,Concrete,-86.17,13.0,93.17,0.0,False
45.54,3,Concrete,-90.7,7.48,103.22,0.0005,False
195.36,1,Concrete,-64.94,-10.93,95.87,0.3454,True
158.15,1,Concrete,-60.76,-13.28,94.04,0.3849,True
112.76,1,Glass,-69.01,5.91,83.1,0.0022,False
145.96,2,Concrete,-70.47,-12.87,103.34,0.3739,True
48.76,2,Concrete,-86.37,12.56,93.81,0.0,False
14.48,0,None,-60.06,16.79,63.27,0.0,False
33.9,3,Glass,-72.51,15.85,76.66,0.0,False
183.06,0,None,-73.12,7.81,85.31,0.0001,False
78.23,2,Glass,-99.42,37.5,81.92,0.0,False
156.43,1,Concrete,-84.19,10.25,93.94,0.0,False
187.08,4,Glass,-95.55,22.05,93.49,0.0,False
167.8,2,Concrete,-89.96,5.41,104.55,0.0044,False
124.38,3,Glass,-73.81,5.86,87.95,0.0031,False
119.33,4,Concrete,-62.2,-39.39,121.59,0.495,True
181.66,3,Concrete,-92.14,-3.1,115.24,0.1618,True
182.74,4,Concrete,-65.9,-39.39,125.29,0.4935,True
98.61,2,Concrete,-79.49,-0.44,99.93,0.0885,False
194.29,2,Glass,-77.27,7.45,89.82,0.0003,False
23.89,4,Concrete,-83.6,-4.02,107.62,0.1821,True
95.08,0,None,-98.98,39.36,79.62,0.0,False
186.37,2,Concrete,-86.76,1.3,105.46,0.0473,False
120.9,0,None,-81.63,19.93,81.7,0.0,False
88.46,1,Concrete,-61.29,-7.7,88.99,0.2823,True
148.82,2,Concrete,-60.63,-22.88,103.51,0.4618,True
98.66,4,Glass,-61.81,-6.12,87.94,0.2374,True
68.42,4,Concrete,-61.42,-35.34,116.76,0.4923,True
198.93,4,Glass,-93.85,19.82,94.03,0.0,False
179.11,2,Concrete,-90.15,5.04,105.12,0.0047,False
55.58,3,Concrete,-94.91,9.95,104.95,0.0,False
178.07,1,Glass,-71.94,4.87,87.07,0.0061,False
144.48,1,Glass,-71.4,6.15,85.25,0.0034,False
57.82,2,Glass,-90.22,30.93,79.3,0.0,False
184.3,2,Concrete,-87.84,2.47,105.36,0.0275,False
162.25,0,None,-66.7,2.44,84.26,0.0293,False
164.85,1,Concrete,-92.95,18.55,94.4,0.0,False
23.06,3,Concrete,-75.67,-1.64,97.31,0.1193,True
52.16,4,Concrete,-64.53,-29.87,114.4,0.4854,True
164.18,0,None,-89.58,25.22,84.36,0.0,False
181.59,0,None,-65.7,0.46,85.24,0.0698,False
72.06,1,Concrete,-85.92,18.71,87.21,0.0,False
21.35,3,Glass,-74.73,22.09,72.64,0.0,False
35.61,1,Glass,-92.45,39.37,73.09,0.0,False
29.4,2,Concrete,-71.96,2.53,89.42,0.0338,False
38.17,2,Concrete,-69.11,-2.58,91.69,0.1503,True
176.11,0,None,-71.0,6.03,84.97,0.0027,False
74.95,3,Glass,-73.2,9.65,83.55,0.0,False
152.13,1,Glass,-79.99,14.29,85.7,0.0,False
152.92,1,Concrete,-90.95,17.2,93.74,0.0,False
160.1,0,None,-97.34,33.19,84.14,0.0,False
172.46,3,Concrete,-82.78,-12.01,114.79,0.3626,True
51.64,1,Glass,-91.13,34.81,76.31,0.0,False
44.72,3,Concrete,-77.62,-5.45,103.06,0.2219,True
125.44,0,None,-81.86,19.84,82.02,0.0,False
161.83,1,Glass,-65.59,-0.65,86.24,0.0954,False
123.37,3,Concrete,-94.24,2.36,111.88,0.0323,False
25.38,2,Glass,-65.1,12.96,72.15,0.0,False
183.53,0,None,-60.47,-4.86,85.33,0.2012,True
167.49,1,Glass,-78.52,11.99,86.53,0.0,False
130.64,4,Glass,-61.1,-9.27,90.38,0.3179,True
151.96,2,Concrete,-87.25,3.56,103.69,0.0192,False
131.93,3,Glass,-75.3,6.84,88.46,0.001,False
84.16,2,Glass,-67.68,5.12,82.56,0.0056,False
173.72,1,Concrete,-65.57,-9.28,94.85,0.32,True
42.56,1,Glass,-67.78,13.14,74.63,0.0,False
171.2,1,Concrete,-91.09,16.37,94.72,0.0,False
96.19,2,Glass,-93.28,29.57,83.72,0.0,False
121.96,1,Glass,-60.69,-3.09,83.78,0.1572,True
86.37,3,Concrete,-63.1,-25.68,108.78,0.4743,True
199.56,1,Concrete,-82.56,6.5,96.06,0.0016,False
80.1,0,None,-68.95,10.83,78.13,0.0,False
122.44,1,Concrete,-97.13,25.32,91.81,0.0,False
93.53,0,None,-98.05,38.58,79.47,0.0,False
136.89,2,Concrete,-86.61,3.83,102.78,0.0133,False
19.34,4,Glass,-88.9,35.12,73.78,0.0,False
74.15,1,Concrete,-99.9,32.45,87.46,0.0,False
169.63,2,Concrete,-71.42,-13.23,104.64,0.3742,True
39.58,3,Concrete,-93.46,11.46,102.0,0.0,False
104.15,3,Concrete,-95.35,4.95,110.41,0.0075,False
55.54,2,Glass,-67.48,8.54,78.95,0.0,False
95.85,1,Concrete,-63.48,-6.2,89.69,0.2464,True
49.7,2,Glass,-84.71,26.73,77.98,0.0,False
171.02,4,Glass,-96.29,23.57,92.72,0.0,False
64.2,1,Glass,-70.3,12.1,78.21,0.0,False
82.44,2,Glass,-70.23,7.85,82.38,0.0,False
13.2,0,None,-65.92,23.45,62.47,0.0,False
105.85,0,None,-89.84,29.29,80.55,0.0,False
197.49,4,Concrete,-62.28,-43.68,125.97,0.5048,True
84.1,0,None,-81.74,23.19,78.55,0.0,False
62.47,4,Glass,-66.7,2.73,83.97,0.0265,False
81.98,0,None,-75.48,17.16,78.33,0.0,False
146.29,3,Concrete,-93.55,0.19,113.36,0.0781,False
11.74,1,Glass,-71.9,28.46,63.44,0.0,False
90.25,2,Concrete,-88.98,9.82,99.16,0.0,False
61.11,3,Glass,-76.44,14.67,81.78,0.0,False
70.4,1,Concrete,-75.25,8.25,87.01,0.0002,False
195.09,4,Concrete,-95.69,-10.17,125.86,0.3234,True
171.45,2,Concrete,-80.38,-4.36,104.74,0.2029,True
65.04,1,Glass,-64.51,6.2,78.32,0.002,False
197.27,0,None,-87.05,21.1,85.96,0.0,False
90.35,1,Glass,-85.51,24.33,81.17,0.0,False
79.55,0,None,-89.89,31.82,78.07,0.0,False
99.41,3,Concrete,-60.17,-29.83,110.0,0.485,True
196.16,1,Glass,-97.29,29.38,87.91,0.0,False
51.84,1,Glass,-94.28,37.93,76.35,0.0,False
68.17,3,Glass,-62.02,-0.71,82.73,0.0982,False
156.1,4,Concrete,-72.38,-31.55,123.92,0.4876,True
164.72,0,None,-91.57,27.19,84.39,0.0,False
173.25,4,Concrete,-84.39,-20.44,124.83,0.4468,True
62.61,3,Concrete,-68.3,-17.69,105.99,0.432,True
39.01,0,None,-85.04,33.16,71.88,0.0,False
189.66,3,Concrete,-78.54,-17.08,115.61,0.4113,True
56.51,3,Concrete,-85.3,0.2,105.1,0.0714,False
161.02,2,Concrete,-62.64,-21.55,104.19,0.4528,True
154.91,0,None,-98.18,34.33,83.86,0.0,False
32.08,0,None,-89.67,39.49,70.18,0.0,False
105.28,1,Glass,-84.98,22.47,82.5,0.0,False
21.78,4,Glass,-85.67,30.85,74.82,0.0,False
191.31,4,Concrete,-76.04,-29.65,125.69,0.484,True
79.76,0,None,-64.73,6.64,78.09,0.0012,False
101.22,4,Concrete,-83.7,-16.46,120.16,0.4073,True
138.66,4,Concrete,-73.38,-29.51,122.89,0.4746,True
179.54,0,None,-99.01,33.87,85.14,0.0,False
138.95,2,Glass,-60.03,-6.89,86.91,0.2629,True
123.82,4,Concrete,-95.36,-6.55,121.91,0.2496,True
36.79,4,Concrete,-76.04,-15.33,111.37,0.4012,True
92.98,1,Glass,-65.39,3.97,81.42,0.0125,False
191.78,3,Concrete,-99.3,3.59,115.71,0.0163,False
49.77,3,Concrete,-80.57,-3.43,103.99,0.1756,True
122.23,2,Glass,-61.66,-4.14,85.8,0.1881,True
35.57,2,Concrete,-77.01,5.94,91.07,0.0026,False
58.62,1,Concrete,-88.59,23.18,85.42,0.0,False
199.89,2,Glass,-99.65,29.58,90.07,0.0,False
91.39,0,None,-66.8,7.53,79.27,0.0004,False
167.6,2,Concrete,-89.99,5.45,104.54,0.0039,False
85.86,1,Glass,-78.06,17.33,80.73,0.0,False
154.38,0,None,-67.05,3.22,83.83,0.0172,False
94.88,0,None,-80.08,20.49,79.6,0.0,False
42.3,4,Glass,-76.95,16.37,80.58,0.0,False
45.24,4,Glass,-82.35,21.18,81.16,0.0,False
191.57,0,None,-96.57,30.87,85.7,0.0,False
91.81,3,Concrete,-91.04,1.73,109.31,0.0419,False
71.82,1,Glass,-72.28,13.1,79.18,0.0,False
100.81,3,Glass,-63.83,-2.3,86.12,0.1366,True
70.02,2,Concrete,-80.47,3.51,96.96,0.0169,False
194.12,1,Concrete,-82.94,7.12,95.82,0.0006,False
136.6,3,Concrete,-63.71,-29.05,112.76,0.4763,True
181.55,3,Concrete,-61.01,-34.22,115.23,0.4919,True
190.16,4,Glass,-60.34,-13.3,93.64,0.3767,True
23.72,1,Concrete,-86.45,28.9,77.56,0.0,False
40.94,1,Concrete,-91.33,29.04,82.3,0.0,False
154.63,2,Concrete,-65.04,-18.8,103.84,0.436,True
17.99,4,Concrete,-88.13,2.98,105.16,0.0199,False
62.87,4,Glass,-98.3,34.28,84.02,0.0,False
72.39,1,Concrete,-97.46,30.21,87.25,0.0,False
164.21,1,Glass,-97.55,31.19,86.36,0.0,False
184.71,0,None,-95.65,30.27,85.38,0.0,False
185.83,2,Concrete,-92.5,7.06,105.44,0.0008,False
91.43,2,Concrete,-77.59,-1.69,99.28,0.1205,True
185.69,2,Glass,-88.78,19.35,89.43,0.0,False
155.33,0,None,-83.19,19.31,83.88,0.0,False
164.03,2,Concrete,-95.0,10.65,104.35,0.0,False
114.47,0,None,-65.88,4.65,81.23,0.0073,False
177.07,0,None,-69.76,4.74,85.02,0.0059,False
154.85,4,Glass,-76.47,4.62,91.85,0.007,False
101.12,0,None,-89.78,29.63,80.15,0.0,False
152.32,0,None,-84.99,21.28,83.71,0.0,False
17.92,1,Glass,-69.89,22.77,67.12,0.0,False
176.14,1,Concrete,-85.95,10.98,94.97,0.0,False
138.82,0,None,-72.35,9.44,82.9,0.0,False
148.92,3,Concrete,-67.91,-25.61,113.51,0.4681,True
181.56,0,None,-64.23,-1.01,85.23,0.1029,True
196.02,3,Glass,-64.0,-7.9,91.9,0.2882,True
43.78,4,Concrete,-93.84,0.96,112.88,0.0559,False
192.01,1,Concrete,-93.03,17.31,95.72,0.0,False
159.04,1,Concrete,-62.13,-11.95,94.08,0.3587,True
80.26,0,None,-83.26,25.12,78.14,0.0,False
128.55,4,Glass,-82.14,11.9,90.24,0.0,False
165.89,4,Glass,-76.53,4.08,92.45,0.0122,False
160.57,0,None,-62.12,-2.05,84.17,0.1305,True
63.01,4,Concrete,-91.63,-4.42,116.04,0.1948,True
156.18,0,None,-74.23,10.3,83.93,0.0,False
37.03,2,Glass,-98.56,43.13,75.43,0.0,False
174.22,1,Glass,-80.7,13.83,86.88,0.0,False
103.11,4,Glass,-72.4,4.08,88.32,0.0133,False
142.2,4,Concrete,-69.95,-33.16,123.11,0.4771,True
191.08,1,Concrete,-66.8,-8.88,95.68,0.3111,True
10.51,4,Glass,-62.83,14.35,68.48,0.0,False
72.81,3,Concrete,-69.14,-18.16,107.3,0.4267,True
152.85,3,Glass,-96.52,26.78,89.74,0.0,False
66.32,0,None,-87.25,30.76,76.49,0.0,False
159.36,2,Glass,-88.68,20.58,88.1,0.0,False
27.28,1,Concrete,-81.94,23.17,78.77,0.0,False
138.89,2,Concrete,-90.52,7.61,102.91,0.0004,False
171.57,2,Glass,-76.5,7.76,88.74,0.0002,False
118.03,4,Glass,-78.67,9.18,89.49,0.0,False
13.52,4,Concrete,-70.13,-12.54,102.68,0.3614,True
102.44,4,Concrete,-97.33,-2.94,120.26,0.1529,True
164.55,1,Concrete,-92.57,18.19,94.38,0.0,False
87.13,3,Glass,-70.68,5.82,84.86,0.0015,False
67.32,4,Concrete,-74.26,-22.36,116.62,0.4655,True
51.31,2,Concrete,-98.51,24.25,94.26,0.0,False
128.16,3,Concrete,-97.3,5.09,112.21,0.0069,False
181.12,1,Glass,-76.39,9.17,87.21,0.0,False
148.55,3,Glass,-78.57,9.08,89.49,0.0,False
121.86,1,Glass,-78.6,14.83,83.77,0.0,False
184.75,2,Glass,-90.54,21.15,89.39,0.0,False
100.03,0,None,-82.6,22.54,80.06,0.0,False
44.81,3,Concrete,-98.07,14.99,103.08,0.0,False
134.75,4,Concrete,-60.81,-41.84,122.64,0.4911,True
136.3,2,Concrete,-91.82,9.07,102.74,0.0001,False
63.49,4,Glass,-93.95,29.84,84.11,0.0,False
10.95,4,Concrete,-90.67,9.83,100.85,0.0,False
148.32,0,None,-66.43,2.96,83.48,0.0236,False
164.62,2,Glass,-99.04,30.66,88.38,0.0,False
55.38,2,Glass,-70.76,11.84,78.92,0.0,False
199.54,4,Glass,-92.64,18.58,94.05,0.0,False
10.47,4,Concrete,-66.72,-13.73,100.45,0.379,True
190.61,3,Glass,-83.01,11.35,91.66,0.0,False
48.46,3,Glass,-70.09,10.33,79.76,0.0,False
133.37,0,None,-80.24,17.68,82.56,0.0,False
197.48,3,Glass,-63.99,-7.98,91.96,0.2911,True
197.69,1,Glass,-75.93,7.96,87.97,0.0002,False
107.83,4,Glass,-63.69,-5.02,88.71,0.2157,True
46.86,2,Glass,-73.29,15.82,77.47,0.0,False
155.38,3,Concrete,-96.9,3.02,113.88,0.0246,False
154.73,4,Concrete,-81.14,-22.71,123.85,0.4673,True
12.92,4,Glass,-64.38,14.1,70.28,0.0,False
123.93,3,Concrete,-94.78,2.86,111.92,0.0242,False
180.83,0,None,-82.23,17.03,85.2,0.0,False
151.09,2,Concrete,-88.55,4.91,103.64,0.0063,False
168.25,0,None,-69.86,5.29,84.57,0.0055,False
58.78,4,Glass,-93.35,29.91,83.44,0.0,False
193.66,0,None,-68.23,2.44,85.79,0.0313,False
187.63,1,Concrete,-71.28,-4.24,95.52,0.1896,True
88.36,0,None,-91.54,32.56,78.98,0.0,False
40.5,2,Glass,-75.14,18.94,76.2,0.0,False
124.0,2,Glass,-83.15,17.22,85.92,0.0,False
77.04,1,Glass,-84.85,25.06,79.79,0.0,False
71.82,0,None,-63.4,6.22,77.18,0.0022,False
83.02,4,Concrete,-94.41,-4.03,118.44,0.1912,True
37.88,0,None,-70.77,19.15,71.62,0.0,False
14.6,4,Concrete,-83.81,0.46,103.34,0.071,False
16.65,0,None,-86.21,41.73,64.48,0.0,False
40.64,3,Glass,-89.52,31.28,78.23,0.0,False
104.93,0,None,-60.36,-0.11,80.47,0.0875,False
54.14,0,None,-90.1,35.37,74.73,0.0,False
101.1,1,Glass,-90.79,28.64,82.15,0.0,False
126.19,3,Glass,-85.78,17.71,88.08,0.0,False
141.41,2,Glass,-68.36,1.3,87.06,0.0481,False
61.31,0,None,-77.87,22.06,75.81,0.0,False
130.72,1,Concrete,-70.49,-1.89,92.38,0.1305,True
77.63,2,Glass,-68.43,6.57,81.86,0.0011,False
144.78,2,Concrete,-63.86,-19.41,103.27,0.4298,True
188.96,2,Concrete,-62.59,-22.99,105.58,0.4683,True
123.53,1,Glass,-89.94,26.05,83.89,0.0,False
184.45,3,Glass,-99.74,28.37,91.37,0.0,False
45.55,2,Concrete,-84.63,11.4,93.22,0.0,False
72.99,0,None,-89.85,32.53,77.32,0.0,False
56.65,0,None,-88.28,33.16,75.12,0.0,False
198.15,4,Concrete,-90.18,-15.82,125.99,0.4119,True
198.71,2,Concrete,-98.72,12.7,106.02,0.0,False
83.97,2,Concrete,-96.5,17.96,98.54,0.0,False
147.5,1,Glass,-74.56,9.13,85.43,0.0,False
179.7,2,Glass,-78.71,9.56,89.15,0.0,False
123.86,0,None,-80.62,18.71,81.91,0.0,False
25.49,4,Concrete,-78.85,-9.33,108.18,0.3253,True
60.08,1,Concrete,-88.7,23.07,85.63,0.0,False
63.0,3,Concrete,-66.51,-19.53,106.04,0.4415,True
90.82,0,None,-99.46,40.24,79.22,0.0,False
83.71,4,Glass,-80.19,13.68,86.51,0.0,False
122.74,4,Glass,-88.09,18.25,89.83,0.0,False
194.62,3,Glass,-76.44,4.61,91.84,0.0077,False
88.48,1,Glass,-95.32,34.33,80.99,0.0,False
70.83,2,Glass,-70.55,9.49,81.06,0.0,False
177.91,0,None,-61.13,-3.93,85.06,0.18,True
89.69,1,Concrete,-84.1,14.99,89.11,0.0,False
88.23,3,Concrete,-89.83,0.86,108.97,0.0589,False
138.62,2,Concrete,-88.7,5.81,102.89,0.0028,False
88.16,0,None,-80.56,21.6,78.96,0.0,False
131.14,3,Glass,-88.15,19.74,88.41,0.0,False
30.1,2,Glass,-74.91,21.29,73.63,0.0,False
192.03,0,None,-64.86,-0.86,85.72,0.0994,False
143.59,0,None,-67.69,4.49,83.2,0.0082,False
118.52,3,Concrete,-72.86,-18.67,111.53,0.4298,True
121.74,2,Concrete,-98.89,17.13,101.76,0.0,False
149.69,4,Concrete,-66.96,-36.6,123.56,0.4872,True
159.86,1,Concrete,-62.37,-11.76,94.13,0.3582,True
191.8,1,Glass,-62.62,-5.09,87.71,0.2191,True
21.0,1,Concrete,-95.75,39.25,76.5,0.0,False
154.11,2,Concrete,-78.94,-4.87,103.81,0.2089,True
130.98,3,Glass,-86.25,17.85,88.4,0.0,False
183.57,0,None,-91.76,26.43,85.33,0.0,False
155.64,2,Glass,-89.07,21.17,87.9,0.0,False
191.0,4,Glass,-87.42,13.74,93.67,0.0,False
101.03,3,Concrete,-64.11,-26.03,110.14,0.4673,True
177.66,3,Glass,-84.41,13.36,91.05,0.0,False
134.82,0,None,-94.89,32.24,82.65,0.0,False
52.77,1,Concrete,-69.92,5.42,84.5,0.0038,False
128.74,4,Glass,-92.27,22.02,90.25,0.0,False
152.51,2,Concrete,-65.5,-18.22,103.72,0.4255,True
56.68,4,Concrete,-80.23,-14.9,115.12,0.3955,True
38.01,1,Concrete,-74.89,13.24,81.65,0.0,False
119.39,3,Glass,-86.15,18.56,87.59,0.0,False
191.07,0,None,-88.04,22.36,85.68,0.0,False
153.75,3,Glass,-75.87,6.08,89.79,0.0022,False
34.7,0,None,-93.93,43.07,70.86,0.0,False
12.2,4,Glass,-64.24,14.45,69.78,0.0,False
32.89,3,Glass,-97.67,41.28,76.39,0.0,False
144.25,3,Concrete,-61.96,-31.28,113.24,0.4866,True
127.21,3,Glass,-95.58,27.44,88.14,0.0,False
167.58,4,Glass,-71.98,-0.56,92.54,0.0934,False
32.6,2,Glass,-92.24,37.92,74.32,0.0,False
44.49,4,Concrete,-95.83,2.81,113.02,0.0259,False
182.26,0,None,-95.13,29.87,85.27,0.0,False
109.43,2,Glass,-90.06,25.22,84.84,0.0,False
74.48,3,Glass,-80.19,16.7,83.49,0.0,False
26.14,4,Concrete,-93.5,5.1,108.4,0.0061,False
100.69,1,Concrete,-79.43,9.31,90.11,0.0,False
96.17,4,Glass,-76.32,8.6,87.72,0.0001,False
105.45,1,Concrete,-81.82,11.3,90.52,0.0,False
140.62,3,Glass,-75.97,6.95,89.01,0.0013,False
198.33,3,Glass,-70.3,-1.7,92.0,0.1193,True
46.12,4,Glass,-76.05,14.72,81.33,0.0,False
108.01,0,None,-98.08,37.36,80.72,0.0,False
194.86,4,Glass,-72.19,-1.65,93.85,0.1221,True
194.18,3,Glass,-91.01,19.19,91.82,0.0,False
64.16,3,Glass,-93.51,31.31,82.2,0.0,False
49.48,1,Concrete,-77.21,13.27,83.94,0.0,False
65.77,2,Glass,-75.83,15.42,80.41,0.0,False
79.41,3,Glass,-91.48,27.42,84.05,0.0,False
55.05,4,Concrete,-90.09,-4.78,114.87,0.2048,True
149.82,3,Glass,-78.04,8.48,89.57,0.0001,False
70.36,1,Glass,-84.25,25.25,79.0,0.0,False
118.92,1,Concrete,-81.22,9.66,91.56,0.0,False
94.13,3,Glass,-97.61,32.08,85.53,0.0,False
23.8,2,Concrete,-80.58,12.99,87.59,0.0,False
39.46,2,Glass,-61.82,5.85,75.98,0.0033,False
60.78,2,Concrete,-82.89,7.16,95.73,0.0003,False
87.38,2,Concrete,-79.47,0.59,98.88,0.0661,False
60.8,4,Glass,-79.21,15.48,83.73,0.0,False
126.33,2,Concrete,-74.47,-7.61,102.08,0.2752,True
167.67,4,Glass,-78.39,5.85,92.54,0.0035,False
177.91,4,Concrete,-77.28,-27.77,125.06,0.4813,True
14.69,4,Concrete,-80.73,-2.66,103.4,0.1515,True
71.87,2,Concrete,-70.28,-6.91,97.18,0.2634,True
49.79,4,Concrete,-92.91,-1.09,114.0,0.1046,True
140.08,2,Concrete,-94.91,11.93,102.98,0.0,False
137.94,3,Glass,-87.84,18.99,88.85,0.0,False
75.45,3,Concrete,-67.71,-19.9,107.61,0.4414,True
182.05,4,Concrete,-85.06,-20.2,125.26,0.4484,True
105.97,0,None,-61.82,1.27,80.56,0.0527,False
150.67,3,Glass,-92.84,23.23,89.61,0.0,False
117.74,4,Glass,-95.14,25.67,89.47,0.0,False
121.43,2,Glass,-65.55,-0.19,85.74,0.0796,False
55.15,4,Glass,-84.26,21.38,82.89,0.0,False
148.22,4,Glass,-79.79,8.31,91.47,0.0,False
85.0,4,Concrete,-66.0,-32.64,118.64,0.4935,True
66.45,4,Concrete,-73.63,-22.88,116.5,0.4646,True
152.63,3,Concrete,-86.75,-6.98,113.73,0.2559,True
121.55,1,Concrete,-69.8,-1.95,91.75,0.1222,True
167.12,1,Glass,-81.78,15.26,86.51,0.0,False
107.42,2,Concrete,-97.41,16.73,100.68,0.0,False
146.06,2,Glass,-72.14,4.79,87.35,0.0089,False
80.14,3,Glass,-70.8,6.67,84.13,0.0017,False
78.58,4,Glass,-65.87,-0.09,85.96,0.079,False
172.36,2,Concrete,-67.28,-17.51,104.78,0.4327,True
74.26,4,Concrete,-66.95,-30.52,117.47,0.4867,True
76.74,1,Concrete,-79.45,11.7,87.75,0.0,False
80.05,3,Glass,-92.55,28.43,84.12,0.0,False
102.55,4,Concrete,-83.14,-17.13,120.27,0.424,True
41.56,1,Concrete,-73.83,11.4,82.43,0.0,False
52.67,2,Glass,-70.31,11.82,78.48,0.0,False
64.95,0,None,-94.13,37.82,76.31,0.0,False
55.34,4,Glass,-93.75,30.83,82.92,0.0,False
95.26,4,Glass,-73.83,6.2,87.63,0.0021,False
164.87,3,Glass,-88.13,17.74,90.4,0.0,False
127.13,2,Glass,-67.98,1.84,86.14,0.0422,False
139.38,1,Glass,-69.6,4.66,84.94,0.0087,False
105.66,2,Glass,-93.38,28.84,84.53,0.0,False
13.66,2,Concrete,-72.24,9.48,82.76,0.0,False
102.78,2,Concrete,-89.19,8.89,100.29,0.0,False
95.41,1,Concrete,-95.26,25.62,89.65,0.0,False
191.03,3,Concrete,-68.66,-27.01,115.68,0.4716,True
67.33,3,Glass,-93.74,31.12,82.62,0.0,False
135.75,1,Glass,-69.02,4.31,84.71,0.011,False
183.64,3,Glass,-78.49,7.15,91.33,0.0002,False
115.44,4,Concrete,-85.44,-15.86,121.3,0.4086,True
39.57,0,None,-67.99,15.99,72.0,0.0,False
152.39,4,Glass,-61.65,-10.06,91.71,0.3238,True
18.25,2,Concrete,-91.92,26.64,85.28,0.0,False
19.19,2,Glass,-92.38,42.66,69.72,0.0,False
191.33,1,Glass,-97.53,29.84,87.69,0.0,False
26.49,1,Glass,-99.01,48.49,70.51,0.0,False
105.38,2,Glass,-84.2,19.69,84.51,0.0,False
60.0,4,Concrete,-93.29,-2.33,115.62,0.1431,True
150.52,0,None,-84.61,21.01,83.61,0.0,False
10.96,2,Concrete,-86.11,25.26,80.85,0.0,False
193.82,4,Concrete,-97.08,-8.72,125.8,0.3015,True
80.55,4,Glass,-71.96,5.78,86.18,0.0035,False
79.48,4,Concrete,-69.86,-28.2,118.06,0.475,True
74.79,2,Concrete,-68.31,-9.22,97.53,0.3148,True
12.48,4,Concrete,-69.77,-12.21,101.98,0.3612,True
123.18,0,None,-62.13,0.26,81.86,0.0757,False
108.79,1,Glass,-61.12,-1.66,82.79,0.1226,True
91.33,4,Glass,-91.09,23.83,87.27,0.0,False
25.84,3,Glass,-69.51,15.21,74.3,0.0,False
135.47,0,None,-93.72,31.03,82.69,0.0,False
153.51,4,Glass,-64.84,-6.94,91.78,0.2698,True
62.16,2,Concrete,-90.01,14.09,95.93,0.0,False
53.13,0,None,-85.77,31.21,74.56,0.0,False
156.73,0,None,-61.93,-2.02,83.96,0.1301,True
46.53,3,Glass,-72.23,12.82,79.41,0.0,False
151.97,4,Concrete,-61.81,-41.88,123.69,0.4963,True
17.52,4,Concrete,-63.32,-21.61,104.92,0.4605,True
94.72,4,Concrete,-65.2,-34.38,119.58,0.4804,True
144.34,2,Concrete,-88.65,5.41,103.24,0.0047,False
21.41,4,Glass,-93.44,38.77,74.67,0.0,False
125.86,3,Glass,-78.86,10.81,88.05,0.0,False
124.17,3,Glass,-84.64,16.71,87.93,0.0,False
41.99,4,Glass,-90.2,29.69,80.52,0.0,False
80.4,2,Concrete,-60.85,-17.31,98.16,0.4215,True
65.49,4,Concrete,-98.88,2.5,116.38,0.0309,False
168.59,0,None,-61.53,-3.06,84.59,0.1546,True
19.74,1,Glass,-76.53,28.57,67.96,0.0,False
41.57,4,Glass,-92.39,31.96,80.43,0.0,False
53.82,4,Glass,-71.58,8.91,82.67,0.0,False
66.77,2,Glass,-79.48,18.94,80.55,0.0,False
41.75,4,Concrete,-61.07,-31.4,112.47,0.4827,True
84.59,4,Concrete,-63.28,-35.32,118.6,0.4918,True
92.72,1,Glass,-65.19,3.8,81.4,0.015,False
33.88,1,Concrete,-74.67,14.01,80.65,0.0,False
135.16,3,Concrete,-97.93,5.26,112.67,0.0048,False
102.99,3,Concrete,-65.1,-25.22,110.31,0.4736,True
104.15,3,Concrete,-74.94,-15.47,110.41,0.3996,True
137.62,0,None,-63.0,0.17,82.83,0.0769,False
23.89,1,Concrete,-62.83,5.21,77.62,0.0045,False
124.09,0,None,-63.78,1.85,81.93,0.0376,False
27.34,1,Glass,-81.45,30.66,70.79,0.0,False
43.85,1,Concrete,-84.35,21.46,82.89,0.0,False
62.06,4,Glass,-65.75,1.84,83.91,0.0388,False
74.9,3,Concrete,-95.02,7.48,107.54,0.0005,False
16.4,2,Concrete,-76.66,12.31,84.35,0.0,False
109.21,3,Concrete,-70.15,-20.67,110.82,0.4404,True
64.48,0,None,-69.59,13.34,76.24,0.0,False
111.34,3,Glass,-81.62,14.63,86.99,0.0,False
142.29,4,Concrete,-79.77,-23.35,123.12,0.4624,True
35.47,4,Concrete,-94.51,3.46,111.05,0.0173,False
74.21,3,Glass,-77.16,13.69,83.46,0.0,False
15.4,2,Concrete,-60.02,-3.78,83.81,0.1757,True
15.94,3,Glass,-89.1,38.99,70.1,0.0,False
133.92,0,None,-74.6,12.01,82.59,0.0,False
69.01,4,Glass,-84.98,20.15,84.83,0.0,False
81.11,1,Concrete,-70.98,2.74,88.24,0.0247,False
17.79,1,Glass,-63.86,16.8,67.06,0.0,False
143.02,2,Glass,-90.06,22.9,87.16,0.0,False
143.41,4,Glass,-77.85,6.66,91.19,0.0008,False
49.78,3,Concrete,-82.8,-1.2,104.0,0.1048,True
174.18,1,Glass,-85.7,18.83,86.87,0.0,False
64.55,0,None,-63.1,6.85,76.25,0.0009,False
11.72,2,Concrete,-80.63,19.19,81.43,0.0,False
166.17,4,Glass,-82.49,10.02,92.47,0.0,False
122.75,3,Concrete,-96.84,5.01,111.83,0.0053,False
96.23,2,Glass,-87.84,24.12,83.72,0.0,False
74.96,2,Glass,-86.11,24.56,81.55,0.0,False
181.62,3,Concrete,-72.1,-23.14,115.24,0.4571,True
71.98,3,Glass,-63.82,0.62,83.2,0.0665,False
38.74,3,Glass,-84.1,26.29,77.82,0.0,False
103.45,0,None,-78.49,18.14,80.35,0.0,False
116.92,4,Glass,-74.46,5.05,89.41,0.0061,False
14.36,1,Concrete,-87.48,34.28,73.2,0.0,False
172.02,4,Concrete,-71.77,-33.0,124.77,0.4803,True
59.01,2,Concrete,-87.37,11.9,95.47,0.0,False
105.36,4,Concrete,-69.43,-31.08,120.51,0.4873,True
163.97,1,Concrete,-90.83,16.48,94.35,0.0,False
119.51,3,Concrete,-81.86,-9.74,111.6,0.3273,True
188.63,3,Concrete,-76.17,-19.39,115.57,0.4389,True
76.76,1,Glass,-87.72,27.97,79.76,0.0,False
63.84,3,Glass,-70.53,8.38,82.16,0.0003,False
30.05,4,Concrete,-76.47,-13.14,109.61,0.3821,True
138.64,1,Glass,-63.44,-1.45,84.89,0.1099,True
199.06,4,Glass,-98.5,24.47,94.03,0.0,False
62.43,4,Glass,-66.76,2.79,83.96,0.0257,False
138.46,4,Glass,-63.71,-7.17,90.88,0.2727,True
112.36,0,None,-86.51,25.44,81.07,0.0,False
97.22,0,None,-78.74,18.93,79.81,0.0,False
154.54,2,Glass,-81.07,13.24,87.84,0.0,False
116.54,4,Concrete,-98.74,-2.64,121.38,0.1445,True
139.77,3,Glass,-74.13,5.16,88.96,0.0043,False
81.62,3,Glass,-65.07,0.78,84.29,0.0594,False
167.05,2,Concrete,-68.9,-15.61,104.51,0.403,True
153.05,1,Concrete,-61.09,-12.66,93.75,0.3671,True
198.4,0,None,-71.68,5.67,86.01,0.0034,False
131.93,2,Glass,-73.47,7.01,86.46,0.0006,False
14.65,2,Glass,-74.15,26.77,67.37,0.0,False
166.81,4,Concrete,-79.73,-24.76,124.5,0.4762,True
65.85,2,Glass,-76.48,16.06,80.43,0.0,False
16.66,4,Concrete,-69.98,-14.51,104.49,0.3825,True
148.99,0,None,-70.24,6.72,83.52,0.0009,False
136.47,3,Glass,-65.37,-3.38,88.75,0.1647,True
22.3,0,None,-94.05,47.03,67.02,0.0,False
21.84,0,None,-86.11,39.27,66.84,0.0,False
126.64,3,Concrete,-63.16,-28.95,112.11,0.4766,True
25.05,3,Concrete,-93.89,15.86,98.03,0.0,False
69.44,4,Concrete,-79.31,-17.58,116.89,0.4252,True
26.95,2,Concrete,-82.1,13.44,88.66,0.0,False
141.69,3,Concrete,-64.15,-28.93,113.08,0.4783,True
180.69,3,Glass,-70.73,-0.46,91.19,0.0897,False
193.0,2,Glass,-80.3,10.53,89.77,0.0,False
140.08,1,Concrete,-60.64,-12.34,92.98,0.3625,True
81.19,4,Glass,-95.43,29.18,86.24,0.0,False
172.42,2,Concrete,-85.46,0.68,104.79,0.0676,False
26.4,4,Concrete,-69.77,-18.72,108.49,0.4318,True
28.59,4,Glass,-86.11,28.93,77.18,0.0,False
174.91,1,Glass,-60.17,-6.74,86.91,0.26,True
157.61,0,None,-70.7,6.69,84.01,0.0009,False
102.22,3,Concrete,-75.52,-14.72,110.24,0.3898,True
27.03,3,Concrete,-94.95,16.26,98.69,0.0,False
129.6,1,Concrete,-97.05,24.74,92.31,0.0,False
35.06,1,Concrete,-87.41,26.46,80.95,0.0,False
186.18,3,Concrete,-60.46,-35.0,115.45,0.4974,True
57.07,0,None,-93.38,38.2,75.18,0.0,False
163.75,0,None,-91.66,27.32,84.34,0.0,False
50.49,2,Glass,-90.54,32.42,78.12,0.0,False
33.2,0,None,-65.48,15.01,70.48,0.0,False
49.37,1,Concrete,-82.95,19.03,83.92,0.0,False
48.56,3,Glass,-67.46,7.68,79.78,0.0002,False
191.39,3,Concrete,-90.54,-5.15,115.69,0.2121,True
35.54,4,Glass,-85.54,26.47,79.07,0.0,False
150.6,1,Concrete,-74.05,0.44,93.61,0.0668,False
46.77,3,Glass,-67.39,7.94,79.45,0.0003,False
128.08,0,None,-86.48,24.28,82.2,0.0,False
66.67,3,Glass,-86.77,24.24,82.53,0.0,False
183.1,2,Glass,-88.79,19.48,89.31,0.0,False
131.09,0,None,-92.74,30.33,82.41,0.0,False
130.46,3,Glass,-98.22,29.85,88.36,0.0,False
54.0,4,Concrete,-73.44,-21.27,114.7,0.4505,True
176.64,3,Concrete,-68.58,-26.41,115.0,0.4697,True
149.75,3,Concrete,-78.13,-15.43,113.56,0.4032,True
164.95,1,Concrete,-94.8,20.4,94.4,0.0,False
36.76,2,Concrete,-83.79,12.43,91.36,0.0,False
151.23,4,Glass,-61.8,-9.85,91.65,0.3316,True
20.33,0,None,-68.51,22.29,66.22,0.0,False
36.6,1,Glass,-83.29,29.96,73.32,0.0,False
35.29,2,Glass,-68.37,13.36,75.01,0.0,False
166.4,1,Concrete,-71.21,-3.26,94.48,0.1664,True
94.02,2,Glass,-88.4,24.88,83.52,0.0,False
11.92,3,Concrete,-76.39,4.81,91.58,0.0068,False
49.0,0,None,-74.16,20.3,73.86,0.0,False
125.51,0,None,-60.91,-1.12,82.03,0.1038,True
124.74,2,Concrete,-83.0,1.03,101.97,0.0558,False
100.93,4,Glass,-85.48,17.34,88.13,0.0,False
46.96,4,Concrete,-72.82,-20.66,113.49,0.4402,True
45.03,1,Glass,-99.36,44.23,75.12,0.0,False
156.89,0,None,-65.47,1.51,83.97,0.0458,False
164.8,0,None,-83.74,19.34,84.39,0.0,False
41.06,1,Glass,-79.37,25.04,74.32,0.0,False
161.22,1,Concrete,-86.45,12.25,94.2,0.0,False
42.93,4,Glass,-75.23,14.52,80.71,0.0,False
19.84,2,Concrete,-82.6,16.59,86.01,0.0,False
153.71,1,Glass,-67.74,1.95,85.79,0.0364,False
141.88,1,Concrete,-85.58,12.48,93.09,0.0,False
21.4,4,Glass,-73.28,18.61,74.66,0.0,False
162.77,0,None,-75.92,11.63,84.29,0.0,False
130.49,4,Glass,-86.03,15.66,90.37,0.0,False
74.31,1,Concrete,-71.85,4.38,87.47,0.0103,False
107.17,3,Glass,-86.81,20.16,86.66,0.0,False
82.45,3,Concrete,-82.7,-5.68,108.38,0.2316,True
48.98,3,Glass,-63.15,3.3,79.85,0.0201,False
94.42,2,Glass,-69.55,6.0,83.56,0.0021,False
198.39,2,Concrete,-72.3,-13.71,106.0,0.3844,True
111.5,2,Glass,-60.23,-4.77,85.0,0.2009,True
199.62,3,Glass,-91.72,19.67,92.06,0.0,False
154.19,1,Concrete,-78.62,4.8,93.82,0.0055,False
101.32,4,Glass,-94.66,26.49,88.17,0.0,False
66.19,0,None,-95.01,38.54,76.47,0.0,False
182.11,0,None,-76.02,10.76,85.26,0.0,False
173.67,2,Concrete,-98.21,13.36,104.85,0.0,False
33.6,3,Concrete,-70.29,-10.29,100.58,0.3352,True
137.96,2,Concrete,-88.14,5.29,102.85,0.0061,False
169.27,2,Glass,-99.02,30.39,88.63,0.0,False
193.66,4,Concrete,-81.75,-24.04,125.79,0.4596,True
118.09,2,Concrete,-95.21,13.71,101.5,0.0,False
91.39,4,Glass,-74.73,7.46,87.27,0.0006,False
186.95,2,Glass,-89.54,20.05,89.49,0.0,False
179.53,0,None,-81.23,16.09,85.14,0.0,False
84.63,0,None,-67.2,8.6,78.6,0.0003,False
132.16,4,Concrete,-81.03,-21.44,122.48,0.4573,True
105.46,0,None,-85.48,24.97,80.52,0.0,False
78.49,3,Concrete,-65.42,-22.53,107.95,0.4564,True
126.48,0,None,-95.6,33.5,82.09,0.0,False
188.86,1,Concrete,-87.59,12.02,95.58,0.0,False
101.02,0,None,-87.86,27.72,80.14,0.0,False
142.08,0,None,-69.47,6.36,83.1,0.0013,False
77.33,4,Glass,-67.56,1.74,85.82,0.0397,False
28.7,3,Concrete,-62.36,-16.86,99.21,0.4138,True
130.98,0,None,-84.22,21.82,82.4,0.0,False
67.01,2,Concrete,-89.65,13.08,96.58,0.0,False
118.09,4,Glass,-69.36,-0.14,89.5,0.0777,False
180.24,4,Concrete,-76.55,-28.62,125.17,0.4772,True
30.15,0,None,-70.88,21.24,69.64,0.0,False
121.03,3,Concrete,-65.43,-26.28,111.71,0.4762,True
16.86,3,Concrete,-74.62,0.03,94.59,0.0746,False
146.47,3,Glass,-72.2,2.83,89.37,0.022,False
126.41,0,None,-63.65,1.56,82.09,0.0438,False
193.07,1,Glass,-98.76,30.99,87.77,0.0,False
99.26,1,Glass,-83.7,21.71,81.99,0.0,False
192.03,2,Concrete,-78.28,-7.44,105.72,0.2723,True
52.42,4,Glass,-95.33,32.89,82.44,0.0,False
116.94,0,None,-86.56,25.15,81.41,0.0,False
193.66,1,Concrete,-81.38,5.59,95.8,0.0041,False
18.84,3,Concrete,-97.28,21.73,95.56,0.0,False
75.93,3,Concrete,-75.29,-12.37,107.66,0.3668,True
186.6,1,Concrete,-71.41,-4.06,95.47,0.189,True
76.21,4,Concrete,-79.36,-18.33,117.69,0.4306,True
76.99,3,Glass,-76.26,12.47,83.78,0.0,False
123.41,1,Glass,-69.74,5.86,83.88,0.0024,False
76.8,2,Glass,-85.24,23.47,81.76,0.0,False
130.29,3,Glass,-90.26,21.91,88.35,0.0,False
107.87,4,Glass,-90.29,21.58,88.71,0.0,False
54.13,1,Concrete,-81.75,17.02,84.72,0.0,False
128.87,4,Glass,-67.65,-2.6,90.26,0.1459,True
87.36,2,Glass,-90.34,27.46,82.88,0.0,False
49.96,0,None,-92.01,37.98,74.03,0.0,False
115.31,1,Glass,-89.91,26.62,83.29,0.0,False
175.71,3,Glass,-83.28,12.33,90.95,0.0,False
20.64,4,Glass,-98.7,44.36,74.35,0.0,False
123.96,1,Glass,-83.53,19.61,83.92,0.0,False
21.13,4,Concrete,-66.33,-20.23,106.55,0.44,True
39.28,1,Glass,-99.1,45.16,73.94,0.0,False
90.97,3,Concrete,-83.66,-5.57,109.23,0.2265,True
136.5,4,Concrete,-89.71,-13.05,122.76,0.3736,True
87.69,4,Glass,-85.81,18.9,86.91,0.0,False
167.74,0,None,-86.48,21.94,84.55,0.0,False
16.85,3,Concrete,-80.29,5.7,94.59,0.0023,False
139.11,0,None,-60.05,-2.87,82.92,0.1525,True
162.22,4,Concrete,-69.61,-34.65,124.26,0.483,True
199.03,0,None,-69.36,3.33,86.03,0.0186,False
195.88,4,Glass,-65.92,-7.97,93.89,0.2886,True
12.06,4,Concrete,-88.39,6.71,101.68,0.0009,False
131.07,0,None,-67.72,5.32,82.4,0.0036,False
161.06,2,Glass,-85.72,17.52,88.19,0.0,False
137.36,0,None,-60.07,-2.74,82.81,0.1491,True
54.76,4,Glass,-84.78,21.96,82.82,0.0,False
186.7,1,Concrete,-82.5,7.02,95.48,0.0007,False
78.7,0,None,-65.41,7.44,77.97,0.0013,False
153.24,0,None,-96.6,32.84,83.76,0.0,False
52.61,2,Concrete,-96.76,22.28,94.48,0.0,False
190.54,1,Concrete,-67.09,-8.56,95.65,0.296,True
63.55,0,None,-68.85,12.74,76.12,0.0,False
134.77,1,Concrete,-65.75,-6.89,92.65,0.2621,True
136.66,4,Concrete,-76.16,-26.61,122.77,0.4775,True
74.26,2,Glass,-72.65,11.19,81.47,0.0,False
132.55,0,None,-87.89,25.39,82.5,0.0,False
148.78,2,Concrete,-95.55,12.05,103.51,0.0,False
122.97,0,None,-70.53,8.68,81.85,0.0,False
31.02,2,Glass,-76.76,22.88,73.89,0.0,False
185.36,0,None,-68.33,2.91,85.41,0.0216,False
160.51,3,Glass,-72.24,2.07,90.16,0.0353,False
145.61,2,Concrete,-60.22,-23.1,103.32,0.4602,True
23.79,4,Glass,-83.79,28.21,75.58,0.0,False
21.59,3,Glass,-60.71,7.97,72.74,0.0003,False
120.95,0,None,-87.52,25.81,81.71,0.0,False
132.73,0,None,-77.71,15.2,82.51,0.0,False
172.72,4,Concrete,-94.91,-9.89,124.8,0.32,True
33.95,1,Glass,-70.14,17.47,72.67,0.0,False
177.89,1,Glass,-66.67,-0.39,87.06,0.0881,False
49.49,4,Concrete,-91.71,-2.24,113.94,0.1351,True
145.81,0,None,-71.96,8.63,83.33,0.0,False
117.53,1,Concrete,-60.21,-11.24,91.46,0.3475,True
66.18,1,Glass,-65.79,7.32,78.47,0.0003,False
146.46,1,Glass,-91.98,26.61,85.37,0.0,False
51.75,1,Concrete,-65.97,1.63,84.33,0.0465,False
83.72,1,Concrete,-79.7,11.18,88.51,0.0,False
91.59,3,Glass,-96.96,31.67,85.29,0.0,False
154.35,3,Glass,-61.04,-8.79,89.82,0.2993,True
184.05,3,Glass,-82.2,10.85,91.35,0.0,False
91.08,1,Glass,-83.38,22.13,81.24,0.0,False
64.82,4,Concrete,-81.41,-14.87,116.29,0.4032,True
94.73,2,Concrete,-96.9,17.32,99.58,0.0,False
168.6,3,Concrete,-95.41,0.82,114.59,0.0604,False
116.95,0,None,-86.2,24.78,81.41,0.0,False
112.13,1,Glass,-93.77,30.72,83.05,0.0,False
48.65,2,Glass,-69.31,11.51,77.8,0.0,False
15.94,2,Concrete,-68.03,3.92,84.11,0.0138,False
45.17,4,Concrete,-77.08,-16.07,113.15,0.415,True
91.11,1,Glass,-78.58,17.33,81.25,0.0,False
80.25,2,Concrete,-97.67,19.52,98.14,0.0,False
161.26,3,Glass,-81.0,10.8,90.2,0.0,False
108.92,2,Glass,-99.12,34.32,84.8,0.0,False
196.25,0,None,-98.13,32.22,85.91,0.0,False
26.28,3,Concrete,-88.64,10.19,98.45,0.0,False
198.12,1,Glass,-72.54,4.54,87.99,0.0078,False
128.4,0,None,-70.74,8.52,82.23,0.0001,False
139.62,0,None,-91.89,28.93,82.95,0.0,False
57.04,4,Glass,-77.8,14.63,83.18,0.0,False
104.91,3,Concrete,-73.37,-17.1,110.47,0.4186,True
140.86,4,Glass,-80.37,9.34,91.03,0.0,False
91.03,1,Concrete,-94.03,24.79,89.24,0.0,False
120.34,0,None,-88.96,27.3,81.66,0.0,False
84.41,1,Concrete,-65.59,-3.0,88.58,0.1624,True
14.33,3,Glass,-94.99,45.81,69.18,0.0,False
100.53,2,Concrete,-75.55,-4.55,100.1,0.1978,True
86.16,2,Concrete,-76.98,-1.78,98.76,0.1209,True
161.8,3,Glass,-63.68,-6.55,90.23,0.2535,True
48.63,2,Glass,-67.23,9.43,77.79,0.0,False
176.47,4,Glass,-84.38,11.39,92.99,0.0,False
192.32,4,Concrete,-88.25,-17.48,125.73,0.4301,True
128.39,3,Glass,-89.61,21.38,88.22,0.0,False
14.06,1,Glass,-89.23,44.22,65.01,0.0,False
45.46,2,Concrete,-60.63,-12.58,93.21,0.3699,True
129.08,3,Concrete,-72.02,-20.25,112.27,0.4506,True
36.15,3,Glass,-98.9,41.69,77.22,0.0,False
99.36,0,None,-91.43,31.43,80.0,0.0,False
74.63,0,None,-90.97,33.45,77.51,0.0,False
186.09,2,Glass,-93.83,24.38,89.45,0.0,False
153.07,4,Concrete,-81.15,-22.6,123.75,0.4589,True
34.34,3,Glass,-96.75,39.98,76.77,0.0,False
151.19,3,Glass,-93.15,23.51,89.64,0.0,False
149.55,1,Concrete,-99.6,26.05,93.55,0.0,False
146.67,3,Concrete,-79.9,-13.48,113.38,0.3898,True
18.91,1,Glass,-82.95,35.36,67.59,0.0,False
16.47,1,Glass,-88.24,41.85,66.39,0.0,False
38.24,3,Glass,-83.67,25.96,77.7,0.0,False
49.54,1,Concrete,-72.01,8.05,83.95,0.0,False
113.19,4,Concrete,-93.97,-7.16,121.13,0.268,True
183.14,4,Glass,-72.9,-0.42,93.31,0.0916,False
28.91,0,None,-86.79,37.51,69.28,0.0,False
183.28,0,None,-76.54,11.23,85.32,0.0,False
11.42,1,Glass,-71.81,28.6,63.21,0.0,False
84.11,1,Concrete,-65.59,-2.96,88.55,0.1576,True
131.03,1,Glass,-78.37,13.97,84.4,0.0,False
119.17,1,Concrete,-82.8,11.22,91.58,0.0,False
60.37,2,Concrete,-67.64,-8.03,95.67,0.2899,True
138.31,3,Concrete,-87.38,-5.49,112.87,0.2271,True
40.7,4,Glass,-81.93,21.68,80.25,0.0,False
114.65,0,None,-96.85,35.61,81.24,0.0,False
73.91,0,None,-94.76,37.33,77.43,0.0,False
128.94,3,Concrete,-94.86,2.6,112.26,0.0295,False
78.0,0,None,-93.1,35.2,77.9,0.0,False
72.92,3,Glass,-95.81,32.5,83.31,0.0,False
94.96,1,Glass,-96.61,35.01,81.6,0.0,False
191.24,2,Glass,-85.5,15.81,89.69,0.0,False
114.03,2,Concrete,-67.02,-14.17,101.19,0.3915,True
20.89,0,None,-77.99,31.53,66.45,0.0,False
92.45,4,Glass,-61.56,-5.82,87.37,0.2352,True
121.8,0,None,-97.14,35.37,81.77,0.0,False
151.82,4,Concrete,-82.16,-21.52,123.68,0.4435,True
91.91,3,Concrete,-71.01,-18.31,109.32,0.442,True
75.18,0,None,-76.5,18.93,77.58,0.0,False
134.77,1,Glass,-98.1,33.45,84.65,0.0,False
84.09,4,Glass,-93.31,26.76,86.55,0.0,False
128.48,2,Glass,-90.05,23.82,86.23,0.0,False
137.25,4,Glass,-97.48,26.68,90.8,0.0,False
185.01,2,Concrete,-70.18,-15.22,105.4,0.4024,True
24.09,0,None,-72.22,24.53,67.69,0.0,False
171.24,2,Concrete,-64.51,-20.22,104.73,0.4483,True
22.87,1,Glass,-73.13,23.89,69.24,0.0,False
137.24,4,Concrete,-70.12,-32.69,122.8,0.4838,True
141.53,4,Glass,-79.93,8.86,91.07,0.0001,False
45.36,4,Glass,-94.03,32.84,81.19,0.0,False
124.55,0,None,-70.26,8.3,81.96,0.0001,False
52.24,3,Glass,-62.3,1.89,80.41,0.0407,False
61.88,4,Concrete,-81.43,-14.45,115.88,0.3879,True
61.9,1,Concrete,-88.74,22.85,85.89,0.0,False
32.55,2,Concrete,-95.46,25.16,90.3,0.0,False
12.77,0,None,-92.54,50.36,62.18,0.0,False
166.5,1,Glass,-79.9,13.42,86.48,0.0,False
17.83,4,Glass,-71.73,18.65,73.08,0.0,False
115.17,1,Glass,-93.76,30.48,83.28,0.0,False
79.93,1,Glass,-80.82,20.71,80.11,0.0,False
97.61,0,None,-83.59,23.75,79.84,0.0,False
83.22,3,Concrete,-65.01,-23.45,108.46,0.4606,True
159.25,3,Glass,-84.02,13.93,90.1,0.0,False
44.97,3,Glass,-98.67,39.56,79.11,0.0,False
33.56,2,Concrete,-90.89,20.32,90.57,0.0,False
104.58,2,Concrete,-62.02,-18.42,100.44,0.4318,True
160.12,4,Concrete,-61.03,-43.11,124.14,0.5084,True
30.58,3,Glass,-92.14,36.38,75.76,0.0,False
17.17,2,Concrete,-96.05,31.3,84.75,0.0,False
196.46,0,None,-75.92,10.0,85.92,0.0,False
25.22,2,Concrete,-97.13,29.04,88.09,0.0,False
15.09,0,None,-96.69,53.06,63.63,0.0,False
157.1,2,Concrete,-97.05,13.07,103.98,0.0,False
197.98,1,Glass,-95.39,27.41,87.99,0.0,False
87.28,3,Glass,-96.24,31.37,84.87,0.0,False
181.2,4,Concrete,-72.8,-32.41,125.22,0.4865,True
80.58,4,Concrete,-86.35,-11.83,118.18,0.3587,True
42.98,3,Glass,-87.61,28.89,78.72,0.0,False
80.06,4,Glass,-91.84,25.72,86.12,0.0,False
131.56,4,Glass,-70.46,0.02,90.44,0.0824,False
121.7,4,Concrete,-65.29,-36.47,121.76,0.4894,True
148.89,4,Glass,-72.03,0.52,91.51,0.0633,False
37.18,3,Concrete,-77.31,-4.15,101.46,0.1841,True
192.99,3,Concrete,-90.26,-5.51,115.76,0.2308,True
176.84,0,None,-61.67,-3.34,85.01,0.1646,True
129.54,2,Concrete,-60.59,-21.72,102.3,0.4521,True
152.84,0,None,-70.28,6.54,83.74,0.0017,False
23.82,1,Glass,-73.85,24.25,69.59,0.0,False
192.55,4,Glass,-76.63,2.89,93.74,0.0248,False
47.11,1,Glass,-89.32,33.81,75.52,0.0,False
157.88,1,Concrete,-65.62,-8.4,94.02,0.2998,True
133.96,1,Concrete,-78.38,5.78,92.59,0.0022,False
158.14,3,Concrete,-76.07,-17.96,114.03,0.4325,True
110.59,0,None,-96.87,35.94,80.93,0.0,False
11.45,3,Glass,-90.34,43.11,67.23,0.0,False
123.34,2,Concrete,-72.07,-9.81,101.88,0.3219,True
151.75,4,Glass,-62.85,-8.83,91.68,0.3046,True
180.93,0,None,-92.56,27.36,85.2,0.0,False
141.6,1,Glass,-81.91,16.83,85.08,0.0,False
99.89,0,None,-78.47,18.43,80.04,0.0,False
69.55,3,Glass,-61.47,-1.43,82.9,0.12,True
41.61,1,Concrete,-62.98,0.54,82.44,0.0678,False
43.03,3,Glass,-94.8,36.07,78.73,0.0,False
67.93,0,None,-64.02,7.32,76.7,0.0004,False
197.32,2,Glass,-68.8,-1.15,89.96,0.108,True
127.83,3,Glass,-91.03,22.84,88.19,0.0,False
133.18,1,Concrete,-69.11,-3.43,92.54,0.166,True
81.64,2,Concrete,-77.95,-0.34,98.29,0.0851,False
130.99,2,Glass,-87.51,21.11,86.4,0.0,False
182.84,4,Glass,-71.65,-1.65,93.3,0.1217,True
198.62,3,Concrete,-93.12,-2.89,116.01,0.1573,True
16.01,0,None,-84.38,40.24,64.14,0.0,False
44.15,0,None,-63.48,10.53,72.95,0.0,False
17.01,1,Glass,-99.82,53.16,66.67,0.0,False
81.43,3,Glass,-80.28,16.01,84.27,0.0,False
137.21,4,Glass,-91.04,20.24,90.8,0.0,False
40.42,1,Concrete,-77.61,15.42,82.19,0.0,False
118.16,4,Concrete,-91.23,-10.28,121.5,0.3266,True
183.75,3,Glass,-76.49,5.15,91.34,0.0052,False
188.41,2,Glass,-90.26,20.7,89.56,0.0,False
42.52,3,Concrete,-90.99,8.37,102.63,0.0001,False
119.78,4,Concrete,-68.91,-32.72,121.62,0.4865,True
76.91,3,Concrete,-73.34,-14.44,107.77,0.396,True
111.01,2,Glass,-84.13,19.17,84.96,0.0,False
72.99,3,Concrete,-76.21,-11.11,107.32,0.3434,True
73.36,3,Concrete,-76.85,-10.51,107.36,0.3343,True
104.16,4,Glass,-96.35,27.95,88.41,0.0,False
141.23,0,None,-70.3,7.24,83.05,0.0009,False
171.03,1,Glass,-71.56,4.84,86.72,0.0055,False
64.9,1,Glass,-81.73,23.44,78.3,0.0,False
58.21,2,Glass,-66.65,7.3,79.35,0.0007,False
194.67,0,None,-92.76,26.92,85.84,0.0,False
193.67,4,Concrete,-79.16,-26.64,125.8,0.4702,True
123.8,4,Glass,-61.74,-8.17,89.91,0.2928,True
47.51,4,Glass,-87.93,26.34,81.59,0.0,False
111.15,3,Concrete,-79.17,-11.8,110.97,0.36,True
44.07,3,Concrete,-77.93,-5.0,102.94,0.2164,True
62.0,2,Glass,-82.9,23.0,79.9,0.0,False
154.14,3,Concrete,-73.92,-19.89,113.81,0.4425,True
21.36,4,Glass,-69.55,14.91,74.65,0.0,False
25.09,3,Glass,-69.76,15.71,74.05,0.0,False
73.04,2,Concrete,-71.11,-6.22,97.33,0.2412,True
79.31,1,Glass,-63.75,3.71,80.04,0.0162,False
44.47,3,Glass,-92.92,33.91,79.02,0.0,False
167.83,2,Glass,-97.97,29.42,88.55,0.0,False
127.75,4,Concrete,-86.96,-15.22,122.18,0.4044,True
181.15,3,Concrete,-97.56,2.35,115.22,0.0336,False
100.94,2,Glass,-80.79,16.66,84.14,0.0,False
32.81,1,Concrete,-96.56,36.19,80.37,0.0,False
73.3,1,Concrete,-60.75,-6.61,87.36,0.2606,True
99.41,4,Glass,-70.08,2.07,88.0,0.0363,False
160.07,0,None,-64.37,0.23,84.14,0.0788,False
114.9,0,None,-89.4,28.14,81.26,0.0,False
59.36,0,None,-93.91,38.39,75.52,0.0,False
51.1,1,Concrete,-72.86,8.63,84.22,0.0,False
23.12,3,Glass,-89.74,36.4,73.34,0.0,False
170.09,1,Concrete,-77.44,2.77,94.67,0.0278,False
58.68,1,Concrete,-72.75,7.32,85.42,0.0002,False
84.34,1,Concrete,-79.07,10.49,88.58,0.0,False
128.63,2,Concrete,-96.94,14.7,102.24,0.0,False
106.23,3,Concrete,-79.96,-10.62,110.58,0.3415,True
135.45,0,None,-71.34,8.65,82.69,0.0,False
36.25,1,Concrete,-80.35,19.11,81.24,0.0,False
86.28,1,Glass,-72.34,11.57,80.77,0.0,False
14.18,1,Glass,-74.38,29.29,65.09,0.0,False
197.03,0,None,-66.75,0.8,85.95,0.0612,False
70.63,0,None,-99.13,42.1,77.03,0.0,False
122.53,4,Glass,-81.81,11.99,89.82,0.0,False
198.72,4,Concrete,-99.73,-6.29,126.02,0.2552,True
53.64,1,Concrete,-80.5,15.85,84.64,0.0,False
158.55,3,Glass,-99.68,29.63,90.06,0.0,False
89.48,4,Concrete,-92.44,-6.65,119.09,0.2547,True
99.04,1,Concrete,-99.73,29.76,89.97,0.0,False
89.39,4,Glass,-75.02,7.94,87.08,0.0004,False
44.28,0,None,-60.02,7.04,72.98,0.0009,False
26.59,2,Glass,-89.69,37.14,72.55,0.0,False
11.3,4,Concrete,-76.49,-4.63,101.12,0.2049,True
35.7,0,None,-65.32,14.22,71.11,0.0,False
42.57,0,None,-96.75,44.11,72.64,0.0,False
165.69,4,Glass,-60.87,-11.57,92.44,0.35,True
46.88,0,None,-79.57,26.1,73.47,0.0,False
192.08,4,Concrete,-83.7,-22.02,125.72,0.4556,True
132.45,4,Concrete,-73.58,-28.91,122.5,0.4839,True
99.4,0,None,-69.74,9.73,80.0,0.0,False
28.97,0,None,-73.99,24.69,69.29,0.0,False
193.16,1,Glass,-71.5,3.73,87.77,0.015,False
51.64,0,None,-68.05,13.74,74.31,0.0,False
101.95,2,Glass,-70.23,6.01,84.22,0.003,False
90.48,2,Glass,-75.18,12.0,83.19,0.0,False
153.1,1,Glass,-75.78,10.02,85.75,0.0,False
38.95,4,Glass,-73.97,14.11,79.86,0.0,False
77.46,4,Concrete,-94.81,-3.03,117.84,0.1525,True
48.47,1,Glass,-89.23,33.46,75.76,0.0,False
99.69,0,None,-66.43,6.4,80.03,0.0017,False
45.96,1,Glass,-73.43,18.12,75.3,0.0,False
20.84,2,Concrete,-67.2,0.77,86.43,0.0602,False
38.43,2,Concrete,-67.87,-3.87,91.75,0.1786,True
198.67,4,Concrete,-67.69,-38.32,126.02,0.4927,True
185.4,3,Concrete,-97.25,1.84,115.42,0.0386,False
83.85,1,Glass,-80.3,19.78,80.52,0.0,False
22.56,4,Glass,-69.53,14.41,75.12,0.0,False
56.13,1,Glass,-68.67,11.63,77.04,0.0,False
36.58,1,Concrete,-69.45,8.13,81.32,0.0002,False
167.87,1,Glass,-61.84,-4.71,86.55,0.2057,True
98.13,4,Glass,-69.55,1.66,87.89,0.0438,False
97.82,4,Concrete,-78.0,-21.86,119.86,0.4567,True
57.61,0,None,-92.45,37.19,75.26,0.0,False
99.18,0,None,-75.96,15.97,79.98,0.0,False
194.27,3,Concrete,-75.93,-19.89,115.82,0.4346,True
63.11,4,Glass,-60.72,-3.33,84.06,0.1726,True
83.34,1,Concrete,-74.34,5.86,88.47,0.0023,False
53.61,3,Concrete,-74.2,-10.44,104.64,0.3395,True
19.93,2,Glass,-63.48,13.44,70.04,0.0,False
142.63,3,Glass,-76.65,7.51,89.14,0.0002,False
157.53,3,Glass,-77.59,7.59,90.0,0.0004,False
161.52,0,None,-99.67,35.45,84.22,0.0,False
71.95,4,Concrete,-64.41,-32.79,117.2,0.4872,True
36.54,1,Glass,-69.8,16.49,73.31,0.0,False
78.75,0,None,-98.4,40.43,77.98,0.0,False
58.32,2,Glass,-82.25,22.88,79.37,0.0,False
57.31,0,None,-95.72,40.5,75.22,0.0,False
155.74,0,None,-97.32,33.41,83.9,0.0,False
154.96,4,Concrete,-60.77,-43.08,123.86,0.4917,True
171.31,3,Glass,-72.67,1.94,90.73,0.042,False
69.42,3,Glass,-92.46,29.58,82.88,0.0,False
143.11,1,Concrete,-71.24,-1.93,93.17,0.1362,True
15.7,2,Concrete,-88.53,24.56,83.97,0.0,False
24.9,0,None,-98.24,50.26,67.98,0.0,False
166.66,3,Concrete,-68.96,-25.53,114.49,0.4732,True
22.6,1,Glass,-81.36,32.23,69.14,0.0,False
76.06,1,Glass,-96.4,36.73,79.68,0.0,False
162.88,2,Concrete,-81.8,-2.49,104.29,0.1404,True
93.21,4,Concrete,-73.64,-25.8,119.44,0.4705,True
84.05,3,Concrete,-72.46,-16.08,108.55,0.4086,True
43.67,3,Glass,-87.27,28.41,78.86,0.0,False
158.05,4,Concrete,-91.84,-12.19,124.03,0.3587,True
50.91,2,Glass,-93.15,34.96,78.19,0.0,False
12.75,0,None,-73.57,31.41,62.16,0.0,False
152.76,3,Glass,-99.44,29.71,89.73,0.0,False
118.16,2,Concrete,-87.42,5.92,101.5,0.0022,False
75.77,1,Glass,-69.24,9.59,79.64,0.0,False
50.15,2,Concrete,-99.42,25.36,94.06,0.0,False
78.06,4,Concrete,-87.85,-10.05,117.9,0.3306,True
117.7,0,None,-95.34,33.88,81.47,0.0,False
168.19,4,Glass,-85.01,12.44,92.57,0.0,False
193.32,0,None,-61.94,-3.84,85.78,0.1795,True
106.15,4,Glass,-76.61,8.04,88.57,0.0003,False
52.85,3,Concrete,-67.88,-16.63,104.52,0.4166,True
87.8,1,Concrete,-93.9,24.98,88.92,0.0,False
112.71,0,None,-67.73,6.63,81.09,0.0012,False
65.31,3,Concrete,-86.24,-0.11,106.35,0.084,False
175.98,2,Glass,-78.28,9.32,88.96,0.0,False
48.05,3,Concrete,-86.75,3.06,103.69,0.0216,False
177.89,3,Concrete,-79.12,-15.94,115.06,0.4136,True
158.88,3,Concrete,-66.08,-28.0,114.08,0.4785,True
101.77,1,Concrete,-99.37,29.17,90.21,0.0,False
90.29,3,Concrete,-94.07,4.91,109.17,0.0048,False
36.29,1,Concrete,-82.35,21.1,81.25,0.0,False
167.26,2,Glass,-60.24,-8.28,88.52,0.2904,True
60.52,3,Glass,-82.09,20.4,81.69,0.0,False
59.67,3,Concrete,-67.24,-18.33,105.57,0.4283,True
160.17,3,Concrete,-90.11,-4.04,114.15,0.1912,True
52.82,1,Glass,-67.87,11.36,76.51,0.0,False
108.71,1,Glass,-69.82,7.04,82.78,0.0008,False
114.28,1,Concrete,-79.81,8.59,91.21,0.0,False
131.9,2,Glass,-90.72,24.26,86.46,0.0,False
37.28,0,None,-69.88,18.4,71.48,0.0,False
31.67,0,None,-60.95,10.88,70.07,0.0,False
77.28,3,Concrete,-66.03,-21.79,107.82,0.4578,True
179.25,4,Glass,-85.1,11.97,93.12,0.0,False
95.29,2,Concrete,-98.66,19.03,99.64,0.0,False
180.29,2,Concrete,-83.68,-1.5,105.17,0.1118,True
44.21,4,Concrete,-65.6,-27.36,112.97,0.4805,True
94.82,2,Concrete,-83.34,3.74,99.59,0.0151,False
121.4,1,Glass,-97.34,33.6,83.74,0.0,False
99.38,3,Glass,-93.86,27.86,86.0,0.0,False
94.99,3,Glass,-88.99,23.39,85.61,0.0,False
110.88,2,Concrete,-75.56,-5.39,100.95,0.2302,True
44.62,1,Concrete,-89.22,26.17,83.05,0.0,False
160.43,4,Glass,-70.01,-2.15,92.16,0.1292,True
89.47,4,Glass,-66.39,-0.7,87.09,0.0967,False
170.53,1,Concrete,-81.44,6.75,94.69,0.0011,False
115.85,1,Concrete,-72.36,1.03,91.33,0.0555,False
11.78,3,Glass,-74.41,26.93,67.47,0.0,False
125.84,0,None,-79.03,16.98,82.05,0.0,False
18.21,4,Concrete,-87.56,2.29,105.26,0.0355,False
82.58,4,Concrete,-96.44,-1.95,118.39,0.1251,True
30.3,4,Concrete,-90.82,1.14,109.68,0.0523,False
31.47,0,None,-68.02,18.0,70.01,0.0,False
107.96,1,Concrete,-65.71,-5.01,90.72,0.2133,True
54.53,0,None,-92.51,37.72,74.79,0.0,False
165.5,1,Concrete,-61.38,-13.05,94.43,0.3747,True
144.62,1,Glass,-97.12,31.86,85.26,0.0,False
77.96,3,Glass,-98.74,34.85,83.89,0.0,False
127.34,3,Glass,-71.79,3.64,88.15,0.016,False
133.57,2,Concrete,-64.28,-18.29,102.57,0.4331,True
38.61,4,Glass,-92.0,32.21,79.79,0.0,False
151.84,2,Glass,-94.99,27.31,87.68,0.0,False
118.26,1,Glass,-85.48,21.97,83.51,0.0,False
183.53,0,None,-63.64,-1.69,85.33,0.1231,True
115.93,2,Glass,-94.16,28.82,85.34,0.0,False
182.57,4,Concrete,-73.23,-32.05,125.28,0.4807,True
114.12,2,Glass,-63.6,-1.6,85.2,0.1236,True
197.57,1,Glass,-65.63,-2.34,87.97,0.1337,True
86.27,1,Concrete,-65.27,-3.5,88.77,0.1761,True
28.05,0,None,-62.85,13.83,69.01,0.0,False
34.43,3,Glass,-96.71,39.92,76.79,0.0,False
137.31,4,Concrete,-77.51,-25.3,122.81,0.4699,True
79.87,2,Concrete,-96.5,18.4,98.1,0.0,False
89.34,3,Glass,-73.08,8.01,85.08,0.0002,False
147.93,3,Glass,-63.85,-5.61,89.46,0.229,True
124.24,3,Glass,-87.78,19.84,87.94,0.0,False
34.21,1,Concrete,-60.66,-0.08,80.74,0.0799,False
100.11,2,Concrete,-81.24,1.17,100.06,0.0516,False
26.8,1,Glass,-91.05,40.43,70.62,0.0,False
117.6,0,None,-93.86,32.39,81.46,0.0,False
136.59,0,None,-72.17,9.41,82.76,0.0,False
185.54,2,Concrete,-65.03,-20.4,105.42,0.4432,True
86.01,1,Concrete,-70.36,1.61,88.75,0.0428,False
197.01,3,Concrete,-85.75,-10.19,115.94,0.3283,True
165.35,4,Glass,-64.53,-7.89,92.42,0.2826,True
120.01,4,Concrete,-82.29,-19.35,121.64,0.4386,True
178.64,2,Glass,-61.2,-7.9,89.09,0.2861,True
70.08,3,Glass,-92.02,29.06,82.97,0.0,False
152.91,0,None,-95.57,31.83,83.74,0.0,False
14.68,2,Glass,-79.7,32.31,67.39,0.0,False
155.94,1,Concrete,-77.82,3.91,93.91,0.0125,False
175.34,0,None,-81.87,16.94,84.93,0.0,False
86.46,3,Glass,-77.17,12.38,84.79,0.0,False
49.66,2,Concrete,-63.93,-10.04,93.97,0.336,True
87.33,3,Concrete,-98.15,9.27,108.88,0.0,False
43.08,2,Concrete,-62.63,-10.11,92.74,0.3415,True
176.61,2,Concrete,-98.4,13.41,104.99,0.0,False
74.97,0,None,-82.39,24.83,77.55,0.0,False
188.65,3,Concrete,-77.35,-18.22,115.57,0.4329,True
197.11,4,Glass,-67.59,-6.36,93.95,0.2427,True
49.56,0,None,-73.54,19.59,73.96,0.0,False
31.19,0,None,-70.66,20.73,69.93,0.0,False
188.02,4,Concrete,-83.56,-21.98,125.54,0.4549,True
85.31,3,Concrete,-93.54,4.87,108.67,0.0076,False
32.47,3,Concrete,-90.77,10.49,100.28,0.0,False
22.22,3,Concrete,-72.4,-4.59,96.99,0.1988,True
14.82,2,Concrete,-80.85,17.38,83.47,0.0,False
137.17,2,Glass,-97.56,30.76,86.8,0.0,False
158.23,4,Glass,-89.22,17.18,92.04,0.0,False
185.8,3,Concrete,-78.11,-17.32,115.44,0.4324,True
149.88,3,Concrete,-66.48,-27.09,113.57,0.4733,True
122.49,2,Glass,-82.14,16.32,85.82,0.0,False
153.21,0,None,-89.57,25.81,83.76,0.0,False
122.94,1,Glass,-69.34,5.49,83.85,0.0045,False
51.6,4,Glass,-94.74,32.43,82.31,0.0,False
38.06,1,Glass,-79.4,25.74,73.66,0.0,False
118.26,1,Glass,-96.23,32.72,83.51,0.0,False
104.57,4,Concrete,-86.07,-14.38,120.44,0.3976,True
167.5,3,Glass,-86.03,15.5,90.53,0.0,False
15.96,0,None,-99.75,55.63,64.11,0.0,False
100.83,4,Concrete,-90.06,-10.07,120.13,0.3335,True
92.61,2,Glass,-88.71,25.32,83.39,0.0,False
146.59,0,None,-88.67,25.29,83.38,0.0,False
95.72,1,Glass,-73.2,11.53,81.67,0.0,False
175.61,2,Concrete,-94.36,9.42,104.95,0.0,False
45.84,1,Concrete,-83.0,19.72,83.28,0.0,False
199.96,1,Glass,-63.81,-4.26,88.07,0.1896,True
182.18,3,Concrete,-93.11,-2.16,115.26,0.1363,True
132.39,3,Glass,-86.32,17.83,88.49,0.0,False
23.83,0,None,-94.08,46.48,67.6,0.0,False
78.52,2,Glass,-75.4,13.45,81.95,0.0,False
124.04,2,Glass,-88.28,22.36,85.93,0.0,False
113.99,1,Concrete,-64.03,-7.16,91.19,0.2691,True
100.45,4,Glass,-77.96,9.86,88.09,0.0,False
69.32,3,Concrete,-86.13,-0.74,106.87,0.0952,False
115.79,4,Glass,-64.95,-4.38,89.33,0.1962,True
137.63,1,Glass,-85.13,20.3,84.83,0.0,False
112.8,0,None,-85.54,24.44,81.1,0.0,False
182.55,2,Concrete,-71.81,-13.48,105.28,0.3863,True
154.97,0,None,-98.05,34.19,83.86,0.0,False
177.95,0,None,-76.46,11.4,85.06,0.0,False
53.07,3,Concrete,-82.75,-1.8,104.55,0.1289,True
171.06,3,Concrete,-63.1,-31.62,114.72,0.4925,True
173.94,4,Glass,-98.0,25.14,92.86,0.0,False
162.05,2,Glass,-89.95,21.71,88.25,0.0,False
71.74,3,Glass,-84.85,21.68,83.17,0.0,False
18.82,1,Glass,-82.89,35.35,67.55,0.0,False
125.79,2,Concrete,-73.91,-8.14,102.05,0.2825,True
141.93,2,Concrete,-60.07,-23.02,103.1,0.4654,True
181.86,2,Concrete,-61.04,-24.21,105.25,0.4685,True
77.37,3,Concrete,-69.56,-18.26,107.83,0.4203,True
44.86,0,None,-75.13,22.04,73.09,0.0,False
66.15,1,Glass,-67.66,9.2,78.47,0.0,False
95.11,2,Glass,-79.72,16.1,83.62,0.0,False
31.84,0,None,-98.25,48.14,70.11,0.0,False
99.02,3,Glass,-92.89,26.92,85.97,0.0,False
46.3,3,Concrete,-85.88,2.51,103.37,0.0291,False
159.39,2,Glass,-63.42,-4.69,88.1,0.2033,True
21.32,3,Concrete,-99.3,22.67,96.63,0.0,False
87.27,0,None,-99.59,40.72,78.87,0.0,False
51.97,0,None,-91.07,36.7,74.37,0.0,False
130.72,1,Glass,-80.45,16.07,84.38,0.0,False
31.32,1,Glass,-84.84,32.87,71.97,0.0,False
179.63,4,Glass,-95.3,22.16,93.14,0.0,False
114.72,1,Glass,-65.28,2.04,83.25,0.0354,False
190.95,3,Concrete,-94.79,-0.88,115.67,0.0997,False
146.95,1,Concrete,-96.83,23.43,93.4,0.0,False
51.13,3,Glass,-89.49,29.27,80.23,0.0,False
182.03,3,Glass,-64.93,-6.33,91.26,0.2441,True
133.64,4,Glass,-96.54,25.96,90.57,0.0,False
28.12,0,None,-65.94,16.91,69.03,0.0,False
106.42,0,None,-75.6,15.0,80.59,0.0,False
146.91,3,Concrete,-87.86,-5.54,113.4,0.2255,True
70.11,2,Glass,-74.86,13.89,80.97,0.0,False
183.61,1,Glass,-95.12,27.79,87.33,0.0,False
128.27,0,None,-71.58,9.36,82.22,0.0,False
132.56,3,Concrete,-82.45,-10.06,112.5,0.3172,True
14.64,0,None,-69.46,26.09,63.36,0.0,False
66.52,3,Concrete,-66.73,-19.78,106.51,0.4406,True
140.81,4,Concrete,-86.22,-16.8,123.03,0.422,True
55.04,1,Concrete,-75.32,10.45,84.87,0.0,False
55.75,2,Concrete,-62.76,-12.22,94.98,0.3613,True
169.9,0,None,-86.48,21.82,84.66,0.0,False
22.28,2,Glass,-60.5,9.49,71.01,0.0,False
154.21,4,Concrete,-72.66,-31.15,123.82,0.4803,True
167.45,2,Concrete,-84.56,0.03,104.53,0.0753,False
121.46,0,None,-80.61,18.87,81.74,0.0,False
122.31,4,Concrete,-70.58,-31.22,121.8,0.488,True
19.22,4,Concrete,-95.72,9.99,105.73,0.0,False
190.8,1,Concrete,-60.76,-14.91,95.67,0.4011,True
166.9,0,None,-80.32,15.82,84.5,0.0,False
192.63,3,Glass,-86.29,14.54,91.75,0.0,False
134.94,2,Concrete,-70.3,-12.35,102.66,0.3584,True
139.68,0,None,-66.0,3.04,82.96,0.0215,False
38.29,3,Concrete,-66.48,-15.23,101.72,0.402,True
178.03,1,Glass,-88.73,21.66,87.06,0.0,False
142.63,3,Concrete,-91.44,-1.7,113.14,0.1122,True
193.47,4,Concrete,-68.05,-37.74,125.79,0.4891,True
163.46,4,Glass,-85.33,13.01,92.32,0.0,False
57.8,2,Glass,-90.55,31.25,79.29,0.0,False
82.83,0,None,-66.44,8.02,78.42,0.0002,False
175.53,3,Glass,-60.21,-10.73,90.94,0.34,True
82.15,3,Glass,-90.73,26.38,84.35,0.0,False
176.5,4,Glass,-81.46,8.47,92.99,0.0,False
139.42,0,None,-60.35,-2.59,82.94,0.1503,True
149.63,1,Glass,-73.43,7.88,85.55,0.0003,False
135.91,0,None,-74.66,11.94,82.72,0.0,False
156.75,2,Concrete,-65.55,-18.4,103.96,0.4374,True
100.84,4,Glass,-92.86,24.73,88.13,0.0,False
171.19,2,Concrete,-88.66,3.93,104.72,0.0138,False
182.5,1,Concrete,-63.74,-11.54,95.28,0.3494,True
49.15,2,Concrete,-87.03,13.15,93.88,0.0,False
34.67,3,Concrete,-68.53,-12.32,100.85,0.3716,True
70.52,1,Concrete,-73.99,6.97,87.02,0.0011,False
154.1,3,Glass,-72.17,2.36,89.81,0.0309,False
64.08,1,Glass,-83.92,25.74,78.19,0.0,False
188.93,0,None,-67.63,2.05,85.58,0.0357,False
115.5,1,Concrete,-76.56,5.26,91.31,0.0038,False
66.78,0,None,-75.71,19.17,76.55,0.0,False
172.65,1,Concrete,-80.53,5.73,94.8,0.003,False
188.76,0,None,-67.41,1.84,85.57,0.0401,False
59.81,3,Concrete,-94.48,8.89,105.59,0.0001,False
13.51,0,None,-78.98,36.31,62.67,0.0,False
91.11,0,None,-95.98,36.73,79.25,0.0,False
47.14,3,Concrete,-70.66,-12.86,103.52,0.3807,True
198.49,4,Glass,-66.28,-7.73,94.01,0.2811,True
150.67,1,Glass,-64.57,-1.04,85.61,0.108,True
22.04,4,Glass,-77.16,22.24,74.92,0.0,False
11.04,1,Glass,-80.67,37.75,62.92,0.0,False
164.15,3,Glass,-68.87,-1.49,90.36,0.1161,True
20.37,1,Concrete,-86.57,30.34,76.24,0.0,False
111.36,3,Concrete,-76.59,-14.39,110.99,0.3886,True
125.49,4,Glass,-88.29,18.26,90.03,0.0,False
105.37,3,Glass,-84.84,18.33,86.51,0.0,False
142.85,0,None,-89.09,25.93,83.15,0.0,False
42.77,1,Glass,-64.41,9.73,74.68,0.0,False
68.44,2,Concrete,-71.26,-5.5,96.76,0.2352,True
172.17,0,None,-72.38,7.61,84.77,0.0003,False
55.42,2,Concrete,-61.75,-13.18,94.93,0.3833,True
74.73,2,Glass,-87.8,26.27,81.52,0.0,False
140.94,0,None,-71.78,8.74,83.03,0.0,False
154.93,1,Concrete,-91.35,17.49,93.86,0.0,False
136.91,0,None,-79.06,16.28,82.78,0.0,False
73.43,3,Glass,-98.55,35.18,83.37,0.0,False
120.83,3,Concrete,-92.51,0.82,111.7,0.0635,False
48.14,2,Concrete,-87.58,13.88,93.71,0.0,False
139.28,2,Concrete,-68.76,-14.17,102.93,0.3935,True
147.3,4,Glass,-93.09,21.67,91.42,0.0,False
184.87,4,Concrete,-81.83,-23.56,125.39,0.4579,True
135.59,2,Glass,-67.92,1.22,86.7,0.0507,False
179.37,3,Concrete,-62.42,-32.71,115.13,0.4874,True
52.57,4,Glass,-64.92,2.45,82.47,0.0292,False
191.09,0,None,-64.42,-1.26,85.68,0.1103,True
110.08,3,Glass,-83.5,16.61,86.89,0.0,False
26.53,3,Glass,-94.5,39.97,74.53,0.0,False
102.51,3,Concrete,-68.21,-22.06,110.27,0.4473,True
142.12,0,None,-78.08,14.97,83.11,0.0,False
69.89,4,Glass,-67.47,2.53,84.94,0.029,False
43.91,1,Glass,-97.65,42.74,74.91,0.0,False
36.74,0,None,-90.67,39.31,71.36,0.0,False
107.17,3,Glass,-63.12,-3.54,86.66,0.1771,True
189.95,3,Glass,-80.01,8.39,91.63,0.0001,False
180.07,4,Concrete,-81.59,-23.57,125.16,0.4682,True
35.88,4,Glass,-64.69,5.54,79.15,0.0036,False
118.83,2,Glass,-81.11,15.56,85.55,0.0,False
171.8,2,Concrete,-81.38,-3.37,104.75,0.175,True
62.73,3,Glass,-91.33,29.33,82.0,0.0,False
95.78,0,None,-68.56,8.88,79.68,0.0,False
143.49,2,Concrete,-65.05,-18.14,103.19,0.4312,True
85.57,2,Concrete,-79.47,0.76,98.7,0.0613,False
114.74,1,Concrete,-68.15,-3.1,91.25,0.16,True
153.23,1,Concrete,-72.38,-1.38,93.76,0.112,True
182.15,1,Concrete,-63.53,-11.73,95.26,0.3589,True
47.04,4,Concrete,-95.21,1.7,113.5,0.0441,False
160.64,4,Glass,-73.38,1.21,92.17,0.0519,False
55.54,3,Concrete,-68.06,-16.89,104.95,0.4172,True
194.18,4,Glass,-99.87,26.05,93.82,0.0,False
19.42,1,Glass,-84.79,36.98,67.82,0.0,False
21.6,2,Concrete,-66.44,-0.3,86.74,0.083,False
176.35,2,Concrete,-78.84,-6.14,104.98,0.2506,True
86.51,4,Glass,-69.17,2.38,86.8,0.0312,False
94.48,0,None,-72.08,12.52,79.56,0.0,False
57.92,2,Glass,-98.72,39.41,79.31,0.0,False
109.27,1,Glass,-87.51,24.68,82.82,0.0,False
18.19,4,Glass,-70.05,16.8,73.25,0.0,False
104.74,3,Concrete,-74.09,-16.36,110.46,0.4161,True
184.0,3,Glass,-76.28,4.93,91.35,0.007,False
78.63,3,Glass,-86.31,22.34,83.97,0.0,False
46.45,1,Concrete,-84.46,21.07,83.39,0.0,False
18.66,2,Glass,-72.6,23.13,69.47,0.0,False
37.43,3,Glass,-61.09,3.57,77.52,0.0205,False
13.11,3,Glass,-77.59,29.18,68.41,0.0,False
64.84,2,Concrete,-97.18,20.89,96.29,0.0,False
156.73,0,None,-99.39,35.43,83.96,0.0,False
69.44,3,Glass,-67.46,4.57,82.89,0.0091,False
104.7,4,Concrete,-63.92,-36.53,120.45,0.4865,True
133.1,0,None,-97.56,35.02,82.54,0.0,False
105.18,2,Glass,-72.58,8.09,84.49,0.0002,False
169.64,3,Glass,-81.02,10.37,90.65,0.0,False
61.67,4,Glass,-61.07,-2.79,83.86,0.1488,True
64.67,1,Glass,-65.96,7.69,78.27,0.0001,False
166.15,3,Glass,-80.2,9.74,90.46,0.0,False
128.24,0,None,-68.25,6.04,82.21,0.0027,False
36.72,2,Glass,-63.23,7.87,75.35,0.0001,False
45.72,4,Glass,-92.14,30.88,81.26,0.0,False
63.0,1,Glass,-67.34,9.3,78.04,0.0,False
57.65,3,Glass,-75.96,14.69,81.27,0.0,False
115.09,3,Concrete,-79.5,-11.78,111.28,0.3513,True
137.13,1,Glass,-88.19,23.39,84.8,0.0,False
70.6,3,Concrete,-84.97,-2.06,107.03,0.1326,True
71.45,4,Concrete,-70.99,-26.14,117.13,0.4751,True
43.52,3,Glass,-93.65,34.82,78.83,0.0,False
29.29,2,Concrete,-60.92,-8.47,89.39,0.298,True
28.65,4,Concrete,-74.97,-14.23,109.2,0.3895,True
70.62,0,None,-86.03,28.99,77.03,0.0,False
25.11,4,Glass,-66.86,10.81,76.05,0.0,False
61.67,1,Glass,-77.65,19.79,77.86,0.0,False
83.5,1,Concrete,-99.27,30.78,88.49,0.0,False
22.8,2,Glass,-91.96,40.74,71.21,0.0,False
37.19,0,None,-66.08,14.61,71.46,0.0,False
60.41,1,Concrete,-65.21,-0.46,85.68,0.0894,False
105.97,4,Glass,-88.11,19.55,88.56,0.0,False
87.35,3,Concrete,-73.6,-15.28,108.88,0.4051,True
65.83,1,Glass,-60.85,2.43,78.42,0.034,False
196.32,4,Glass,-76.23,2.31,93.91,0.0322,False
60.37,3,Concrete,-74.76,-10.91,105.67,0.349,True
67.85,4,Glass,-89.49,24.81,84.69,0.0,False
88.49,1,Concrete,-73.95,4.96,88.99,0.0057,False
94.04,2,Concrete,-65.01,-14.51,99.52,0.391,True
185.14,3,Glass,-68.98,-2.42,91.4,0.1379,True
136.32,4,Glass,-90.21,19.47,90.75,0.0,False
98.48,1,Concrete,-89.05,19.13,89.92,0.0,False
95.89,1,Glass,-79.19,17.5,81.69,0.0,False
191.65,4,Concrete,-99.82,-5.88,125.7,0.2365,True
184.31,3,Concrete,-82.24,-13.13,115.37,0.3861,True
187.21,2,Glass,-97.87,28.37,89.5,0.0,False
177.76,3,Concrete,-62.23,-32.82,115.05,0.4765,True
199.12,1,Glass,-74.65,6.61,88.04,0.001,False
144.03,0,None,-91.79,28.57,83.22,0.0,False
41.19,3,Concrete,-63.51,-18.84,102.35,0.4351,True
45.1,0,None,-69.63,16.49,73.14,0.0,False
124.14,3,Concrete,-85.65,-6.28,111.93,0.2478,True
40.96,1,Glass,-91.9,37.6,74.3,0.0,False
62.89,4,Glass,-72.8,8.78,84.03,0.0001,False
81.59,4,Concrete,-80.84,-17.45,118.29,0.4203,True
68.78,2,Concrete,-60.24,-16.56,96.8,0.4098,True
142.29,4,Glass,-83.62,12.5,91.12,0.0,False
51.24,1,Glass,-83.45,27.21,76.25,0.0,False
35.06,3,Concrete,-95.27,14.32,100.95,0.0,False
58.21,3,Concrete,-79.43,-5.93,105.35,0.2353,True
57.01,0,None,-76.53,21.36,75.17,0.0,False
131.6,1,Concrete,-70.84,-1.6,92.44,0.1185,True
97.59,2,Glass,-60.82,-3.02,83.84,0.1593,True
46.54,3,Glass,-77.1,17.68,79.41,0.0,False
190.99,4,Concrete,-65.5,-40.17,125.67,0.4847,True
133.24,3,Concrete,-74.99,-17.55,112.55,0.4224,True
57.93,3,Glass,-93.99,32.68,81.31,0.0,False
58.73,1,Glass,-69.17,11.74,77.43,0.0,False
179.68,0,None,-82.68,17.53,85.14,0.0,False
154.42,4,Concrete,-80.61,-23.22,123.83,0.456,True
129.47,4,Concrete,-78.08,-24.22,122.3,0.4676,True
101.84,1,Glass,-76.94,14.72,82.21,0.0,False
131.27,1,Concrete,-90.15,17.73,92.42,0.0,False
66.04,0,None,-64.39,7.94,76.45,0.0,False
18.82,1,Glass,-61.8,14.26,67.55,0.0,False
95.03,0,None,-81.26,21.65,79.61,0.0,False
128.85,4,Concrete,-71.85,-30.4,122.26,0.4859,True
171.14,0,None,-84.73,20.0,84.72,0.0,False
33.63,3,Concrete,-66.32,-14.26,100.59,0.3965,True
63.08,3,Concrete,-98.54,12.49,106.05,0.0,False
60.24,3,Concrete,-66.98,-18.67,105.65,0.4331,True
84.93,3,Glass,-69.09,4.45,84.64,0.0085,False
169.72,3,Glass,-86.03,15.38,90.65,0.0,False
88.24,3,Concrete,-72.59,-16.38,108.97,0.4138,True
189.28,1,Concrete,-82.88,7.29,95.6,0.0008,False
102.13,0,None,-75.1,14.86,80.24,0.0,False
181.66,1,Concrete,-78.4,3.17,95.24,0.0225,False
185.67,2,Concrete,-94.78,9.35,105.43,0.0,False
23.37,4,Concrete,-75.45,-11.97,107.43,0.3556,True
78.41,2,Glass,-64.08,2.14,81.94,0.0328,False
120.26,4,Glass,-88.43,18.78,89.66,0.0,False
147.69,2,Concrete,-85.68,2.24,103.44,0.0335,False
15.4,2,Concrete,-84.93,21.13,83.81,0.0,False
176.69,2,Concrete,-82.54,-2.45,105.0,0.1424,True
26.63,0,None,-86.81,38.25,68.56,0.0,False
50.42,0,None,-86.01,31.9,74.11,0.0,False
160.54,2,Glass,-82.27,14.1,88.17,0.0,False
113.47,4,Glass,-71.85,2.7,89.15,0.0277,False
120.59,3,Concrete,-80.22,-11.46,111.68,0.3464,True
78.18,2,Glass,-89.78,27.86,81.92,0.0,False
39.25,4,Concrete,-70.8,-21.13,111.93,0.4494,True
85.97,0,None,-90.18,31.43,78.74,0.0,False
93.67,2,Concrete,-97.85,18.37,99.49,0.0,False
121.74,0,None,-99.74,37.98,81.76,0.0,False
79.46,4,Glass,-68.47,2.41,86.06,0.0325,False
157.67,0,None,-73.14,9.13,84.01,0.0,False
178.89,1,Glass,-89.73,22.62,87.11,0.0,False
91.59,2,Concrete,-94.19,14.9,99.29,0.0,False
43.22,2,Glass,-80.44,23.67,76.77,0.0,False
72.95,2,Glass,-95.57,34.26,81.31,0.0,False
158.07,1,Concrete,-95.21,21.18,94.03,0.0,False
192.46,0,None,-85.02,19.28,85.74,0.0,False
143.83,3,Concrete,-92.85,-0.36,113.21,0.0859,False
59.39,1,Concrete,-99.89,34.36,85.53,0.0,False
144.09,1,Glass,-67.58,2.35,85.23,0.0335,False
169.26,4,Glass,-70.68,-1.94,92.63,0.1268,True
103.85,0,None,-70.71,10.32,80.38,0.0,False
23.5,0,None,-72.51,25.04,67.48,0.0,False
59.34,1,Concrete,-85.25,19.73,85.52,0.0,False
62.34,2,Concrete,-86.78,10.83,95.95,0.0,False
159.23,0,None,-71.63,7.53,84.09,0.0005,False
188.13,3,Concrete,-92.69,-2.85,115.54,0.1575,True
155.9,3,Concrete,-99.12,5.21,113.91,0.0051,False
126.75,2,Concrete,-78.25,-3.86,102.11,0.1815,True
43.27,2,Concrete,-75.32,2.54,92.78,0.0286,False
170.53,0,None,-92.4,27.71,84.69,0.0,False
129.83,4,Concrete,-99.62,-2.7,122.32,0.1509,True
56.73,2,Concrete,-97.24,22.11,95.13,0.0,False
36.68,0,None,-70.31,18.96,71.34,0.0,False
83.28,2,Glass,-67.93,5.47,82.47,0.0036,False
169.05,3,Glass,-81.98,11.37,90.61,0.0,False
194.16,0,None,-85.14,19.32,85.82,0.0,False
173.05,3,Concrete,-95.96,1.14,114.82,0.0513,False
111.24,3,Glass,-63.01,-3.97,86.98,0.1838,True
72.16,4,Glass,-96.51,31.29,85.22,0.0,False
105.21,3,Glass,-68.66,2.16,86.49,0.0366,False
62.77,4,Concrete,-92.93,-3.08,116.01,0.1545,True
75.72,2,Glass,-98.84,37.2,81.64,0.0,False
10.89,1,Glass,-88.25,45.46,62.79,0.0,False
80.5,1,Concrete,-96.13,27.96,88.17,0.0,False
71.11,0,None,-95.62,38.52,77.09,0.0,False
65.29,4,Glass,-71.78,7.43,84.35,0.0002,False
55.98,0,None,-71.85,16.83,75.01,0.0,False
131.42,0,None,-77.8,15.38,82.43,0.0,False
47.65,1,Concrete,-61.14,-2.48,83.62,0.1424,True
78.99,1,Concrete,-87.21,19.21,88.01,0.0,False
56.23,0,None,-83.59,28.53,75.05,0.0,False
10.52,0,None,-66.84,26.35,60.49,0.0,False
111.26,3,Concrete,-60.11,-30.87,110.98,0.4834,True
54.27,2,Concrete,-71.54,-3.2,94.74,0.1702,True
51.79,1,Glass,-61.3,4.96,76.34,0.0063,False
72.39,4,Concrete,-81.96,-15.28,117.25,0.4008,True
50.31,3,Glass,-93.97,33.89,80.09,0.0,False
183.01,3,Concrete,-79.18,-16.12,115.3,0.4134,True
173.2,3,Glass,-68.0,-2.83,90.83,0.1503,True
102.74,3,Glass,-91.5,25.21,86.29,0.0,False
178.32,3,Glass,-68.21,-2.86,91.08,0.155,True
44.34,3,Glass,-66.72,7.74,78.99,0.0002,False
30.5,2,Glass,-63.59,9.85,73.74,0.0,False
32.28,2,Concrete,-74.02,3.79,90.23,0.015,False
92.83,3,Glass,-79.23,13.82,85.41,0.0,False
43.32,3,Concrete,-88.24,5.45,102.79,0.0035,False
95.45,3,Glass,-89.34,23.69,85.65,0.0,False
179.79,3,Concrete,-81.48,-13.67,115.15,0.3849,True
73.24,4,Concrete,-90.28,-7.06,117.35,0.2576,True
154.63,0,None,-61.68,-2.16,83.84,0.1373,True
176.28,1,Glass,-64.59,-2.39,86.98,0.1387,True
144.64,2,Glass,-83.77,16.51,87.26,0.0,False
172.81,3,Glass,-65.2,-5.6,90.81,0.2307,True
67.12,1,Concrete,-90.67,24.08,86.59,0.0,False
45.24,2,Glass,-64.77,7.6,77.17,0.0003,False
88.55,4,Concrete,-85.29,-13.71,119.0,0.3921,True
181.81,1,Concrete,-82.55,7.3,95.25,0.0005,False
11.05,2,Glass,-99.54,54.62,64.92,0.0,False
85.53,1,Concrete,-74.68,5.99,88.7,0.0021,False
119.52,0,None,-67.9,6.3,81.6,0.0017,False
119.59,4,Concrete,-64.21,-37.4,121.61,0.4932,True
54.0,4,Concrete,-60.06,-34.64,114.7,0.4922,True
84.95,2,Concrete,-98.61,19.98,98.64,0.0,False
25.52,3,Concrete,-83.78,5.58,98.19,0.004,False
60.47,2,Glass,-87.07,27.38,79.68,0.0,False
51.53,0,None,-82.82,28.52,74.3,0.0,False
162.84,0,None,-64.49,0.2,84.29,0.0762,False
136.85,1,Concrete,-91.79,19.02,92.78,0.0,False
126.22,0,None,-65.16,3.08,82.08,0.0199,False
34.1,1,Glass,-95.12,42.41,72.71,0.0,False
49.21,2,Glass,-64.52,6.63,77.89,0.0019,False
162.68,3,Glass,-98.42,28.13,90.28,0.0,False
77.69,1,Concrete,-73.48,5.62,87.86,0.0028,False
77.42,3,Concrete,-61.74,-26.1,107.83,0.4733,True
62.03,2,Glass,-97.96,38.06,79.91,0.0,False
36.77,1,Concrete,-60.38,-0.98,81.36,0.1026,True
188.83,1,Glass,-75.18,7.61,87.58,0.0004,False
134.52,4,Concrete,-79.59,-23.04,122.63,0.4643,True
92.7,4,Glass,-62.96,-4.44,87.4,0.2039,True
172.35,3,Glass,-81.81,11.03,90.78,0.0,False
136.23,3,Concrete,-61.09,-31.65,112.74,0.4794,True
69.76,1,Glass,-79.7,20.77,78.93,0.0,False
73.6,3,Concrete,-90.58,3.19,107.39,0.0204,False
179.15,4,Concrete,-64.35,-40.76,125.12,0.4958,True
192.05,4,Glass,-91.6,17.88,93.72,0.0,False
171.92,4,Concrete,-72.15,-32.61,124.76,0.4913,True
49.99,3,Glass,-95.33,35.3,80.03,0.0,False
88.97,3,Concrete,-61.99,-27.05,109.04,0.476,True
78.28,2,Glass,-84.69,22.76,81.93,0.0,False
199.81,4,Glass,-61.14,-12.92,94.07,0.3861,True
88.89,0,None,-94.46,35.43,79.03,0.0,False
27.8,3,Concrete,-68.27,-10.66,98.93,0.3434,True
107.62,1,Concrete,-82.03,11.34,90.69,0.0,False
91.76,2,Concrete,-96.18,16.87,99.31,0.0,False
142.28,2,Concrete,-77.28,-5.83,103.12,0.2339,True
172.64,0,None,-68.62,3.82,84.8,0.0151,False
33.76,2,Glass,-95.51,40.88,74.62,0.0,False
35.55,0,None,-74.02,22.95,71.07,0.0,False
99.25,2,Concrete,-98.99,19.0,99.99,0.0,False
88.77,3,Concrete,-76.6,-12.42,109.02,0.3737,True
181.46,1,Glass,-70.74,3.51,87.23,0.0184,False
156.39,1,Concrete,-69.75,-4.18,93.94,0.1947,True
100.75,1,Concrete,-60.06,-10.06,90.12,0.3319,True
134.01,3,Glass,-91.5,22.91,88.6,0.0,False
112.6,1,Glass,-82.26,19.18,83.09,0.0,False
56.22,0,None,-77.37,22.32,75.05,0.0,False
168.95,1,Glass,-72.29,5.68,86.61,0.0034,False
37.13,0,None,-72.17,20.72,71.45,0.0,False
189.58,1,Glass,-67.14,-0.47,87.61,0.0919,False
195.31,3,Glass,-84.0,12.13,91.87,0.0,False
150.3,1,Glass,-97.17,31.58,85.59,0.0,False
49.72,1,Concrete,-80.05,16.07,83.98,0.0,False
90.17,2,Concrete,-64.87,-14.29,99.16,0.3913,True
82.25,4,Concrete,-91.55,-6.8,118.36,0.2541,True
28.21,2,Concrete,-66.01,-3.05,89.06,0.1609,True
146.02,3,Glass,-77.06,7.72,89.34,0.0001,False
13.64,3,Concrete,-95.33,22.58,92.75,0.0,False
61.4,3,Concrete,-90.96,5.14,105.82,0.006,False
36.01,1,Concrete,-74.53,13.34,81.18,0.0,False
144.09,3,Glass,-90.4,21.17,89.23,0.0,False
169.06,0,None,-82.88,18.26,84.62,0.0,False
83.06,2,Concrete,-67.31,-11.14,98.44,0.343,True
195.88,1,Glass,-67.04,-0.85,87.89,0.1003,True
183.88,4,Glass,-75.49,2.15,93.34,0.0301,False
133.83,4,Concrete,-99.23,-3.36,122.59,0.1681,True
74.2,1,Concrete,-67.58,0.12,87.46,0.0728,False
113.62,2,Glass,-87.91,22.74,85.16,0.0,False
101.87,2,Concrete,-72.59,-7.62,100.22,0.2662,True
167.68,4,Concrete,-98.98,-5.56,124.54,0.2291,True
124.12,2,Glass,-77.44,11.51,85.93,0.0,False
38.4,3,Glass,-87.96,30.22,77.74,0.0,False
76.34,3,Concrete,-79.83,-7.87,107.71,0.2841,True
123.18,0,None,-83.03,21.17,81.86,0.0,False
61.8,0,None,-95.71,39.84,75.87,0.0,False
187.23,2,Concrete,-62.29,-23.21,105.5,0.4552,True
103.52,4,Concrete,-88.65,-11.7,120.35,0.3592,True
75.45,2,Concrete,-73.71,-3.9,97.61,0.1844,True
40.96,1,Concrete,-73.22,10.92,82.3,0.0,False
123.87,3,Concrete,-66.35,-25.57,111.91,0.4658,True
93.13,4,Concrete,-89.52,-9.92,119.44,0.3288,True
190.69,2,Glass,-65.54,-4.12,89.66,0.1932,True
199.24,2,Concrete,-74.49,-11.55,106.04,0.3558,True
187.95,3,Glass,-72.22,0.69,91.53,0.0616,False
26.83,2,Glass,-69.6,16.97,72.63,0.0,False
165.55,0,None,-99.14,34.7,84.43,0.0,False
115.74,2,Glass,-91.14,25.82,85.32,0.0,False
37.18,0,None,-89.86,38.4,71.46,0.0,False
119.62,4,Concrete,-61.12,-40.49,121.61,0.496,True
27.86,3,Concrete,-75.84,-3.11,98.95,0.1603,True
141.05,2,Concrete,-90.25,7.21,103.04,0.0006,False
67.57,1,Concrete,-60.41,-6.24,86.65,0.2413,True
84.4,4,Concrete,-95.97,-2.61,118.58,0.1478,True
187.97,4,Concrete,-73.34,-32.19,125.54,0.4779,True
26.15,0,None,-82.48,34.08,68.4,0.0,False
89.3,2,Concrete,-89.28,10.21,99.07,0.0,False
68.64,2,Concrete,-69.8,-6.98,96.79,0.2643,True
165.47,3,Glass,-68.57,-1.86,90.43,0.1265,True
49.11,0,None,-69.0,15.12,73.88,0.0,False
103.57,3,Glass,-83.36,17.0,86.36,0.0,False
74.0,4,Glass,-66.44,1.0,85.44,0.0571,False
91.07,2,Concrete,-79.58,0.33,99.24,0.0737,False
42.71,0,None,-82.81,30.14,72.66,0.0,False
119.67,2,Glass,-97.06,31.45,85.61,0.0,False
54.39,3,Glass,-88.85,28.08,80.76,0.0,False
190.31,3,Glass,-69.22,-2.42,91.64,0.1398,True
21.76,2,Concrete,-73.84,7.03,86.81,0.0005,False
121.0,2,Concrete,-75.65,-6.06,101.71,0.2469,True
171.98,3,Concrete,-91.54,-3.23,114.76,0.1673,True
116.27,0,None,-89.03,27.67,81.36,0.0,False
196.31,2,Glass,-60.74,-9.17,89.91,0.3051,True
102.15,0,None,-64.89,4.65,80.24,0.0092,False
159.88,1,Concrete,-69.51,-4.62,94.13,0.2086,True
190.13,0,None,-96.04,30.41,85.64,0.0,False
96.27,2,Concrete,-71.77,-7.95,99.72,0.2927,True
74.1,4,Glass,-86.53,21.08,85.45,0.0,False
94.17,2,Glass,-76.71,13.18,83.53,0.0,False
195.46,2,Concrete,-74.63,-11.24,105.88,0.3485,True
107.64,3,Concrete,-96.04,5.34,110.69,0.0037,False
177.62,4,Concrete,-65.14,-39.91,125.04,0.4982,True
51.49,1,Glass,-98.26,41.97,76.29,0.0,False
87.26,3,Glass,-95.3,30.43,84.87,0.0,False
81.71,3,Concrete,-69.31,-18.99,108.3,0.4398,True
135.63,2,Glass,-87.41,20.71,86.7,0.0,False
150.82,3,Concrete,-77.03,-16.59,113.62,0.4199,True
82.07,3,Concrete,-95.31,6.97,108.34,0.0011,False
123.76,0,None,-84.38,22.47,81.91,0.0,False
29.07,3,Glass,-71.35,16.02,75.32,0.0,False
82.08,2,Concrete,-99.99,21.65,98.34,0.0,False
179.07,1,Concrete,-62.06,-13.05,95.11,0.3825,True
184.4,3,Concrete,-63.21,-32.16,115.37,0.4949,True
24.2,3,Glass,-93.17,39.44,73.73,0.0,False
125.18,1,Glass,-98.49,34.49,84.0,0.0,False
122.16,4,Concrete,-72.29,-29.5,121.79,0.4856,True
185.93,0,None,-88.83,23.39,85.44,0.0,False
17.89,4,Glass,-89.69,36.58,73.11,0.0,False
92.25,4,Concrete,-92.13,-7.22,119.35,0.2766,True
79.17,2,Concrete,-92.02,13.99,98.03,0.0,False
192.76,4,Glass,-64.68,-9.07,93.75,0.3051,True
111.84,0,None,-86.27,25.24,81.03,0.0,False
164.86,1,Concrete,-97.08,22.68,94.4,0.0,False
83.27,0,None,-75.5,17.03,78.46,0.0,False
119.01,0,None,-81.65,20.08,81.57,0.0,False
161.61,1,Glass,-80.45,14.22,86.22,0.0,False
97.3,4,Glass,-67.24,-0.58,87.82,0.0926,False
55.98,0,None,-90.89,35.88,75.01,0.0,False
54.36,3,Concrete,-99.11,14.35,104.76,0.0,False
67.78,0,None,-89.26,32.58,76.68,0.0,False
113.22,2,Glass,-86.71,21.57,85.13,0.0,False
94.9,2,Concrete,-69.61,-9.99,99.6,0.3205,True
182.25,3,Concrete,-96.15,0.89,115.27,0.0598,False
16.38,4,Concrete,-62.46,-21.88,104.34,0.4546,True
191.91,4,Concrete,-72.57,-33.15,125.72,0.4911,True
193.14,3,Glass,-97.77,26.0,91.77,0.0,False
90.21,2,Glass,-79.7,16.54,83.16,0.0,False
115.4,4,Concrete,-60.66,-40.64,121.3,0.5023,True
110.23,1,Glass,-67.34,4.44,82.9,0.0093,False
71.34,0,None,-64.67,7.55,77.12,0.0003,False
155.84,3,Concrete,-83.6,-10.3,113.91,0.3271,True
13.78,2,Glass,-80.42,33.58,66.84,0.0,False
62.84,3,Glass,-87.01,24.99,82.02,0.0,False
105.56,2,Glass,-80.92,16.4,84.52,0.0,False
83.41,2,Concrete,-76.66,-1.82,98.48,0.1304,True
134.53,4,Glass,-94.14,23.51,90.63,0.0,False
67.09,2,Concrete,-88.97,12.38,96.59,0.0,False
48.38,1,Glass,-72.62,16.87,75.75,0.0,False
45.85,2,Glass,-92.59,35.31,77.28,0.0,False
42.24,2,Glass,-89.29,32.73,76.57,0.0,False
191.0,3,Concrete,-67.76,-27.91,115.67,0.4799,True
88.32,2,Glass,-89.99,27.01,82.98,0.0,False
45.07,3,Glass,-77.84,18.71,79.13,0.0,False
137.45,1,Glass,-94.42,29.6,84.82,0.0,False
110.68,1,Glass,-98.33,35.39,82.94,0.0,False
150.89,3,Concrete,-67.23,-26.4,113.63,0.4743,True
21.5,2,Glass,-63.07,12.37,70.7,0.0,False
107.11,4,Concrete,-81.48,-19.18,120.65,0.4393,True
50.63,4,Glass,-61.66,-0.49,82.14,0.0886,False
93.12,1,Concrete,-91.83,22.4,89.44,0.0,False
58.0,1,Concrete,-97.44,32.12,85.32,0.0,False
130.55,1,Concrete,-82.5,10.13,92.37,0.0,False
164.62,2,Glass,-77.11,8.73,88.38,0.0,False
87.91,4,Concrete,-87.48,-11.45,118.93,0.3467,True
143.88,2,Concrete,-79.32,-3.9,103.21,0.1852,True
17.01,0,None,-82.42,37.75,64.67,0.0,False
170.34,2,Glass,-83.97,15.29,88.68,0.0,False
167.84,1,Concrete,-74.56,0.01,94.55,0.0776,False
79.61,0,None,-72.19,14.12,78.07,0.0,False
85.76,3,Glass,-77.9,13.18,84.72,0.0,False
138.01,2,Glass,-80.01,13.16,86.85,0.0,False
172.36,1,Concrete,-80.97,6.19,94.78,0.0024,False
14.51,1,Glass,-78.52,33.23,65.29,0.0,False
74.03,2,Glass,-93.52,32.08,81.44,0.0,False
112.57,3,Glass,-90.76,23.68,87.08,0.0,False
175.03,1,Glass,-61.94,-4.98,86.92,0.2113,True
106.66,4,Glass,-86.43,17.81,88.61,0.0,False
167.85,0,None,-63.08,-1.47,84.55,0.116,True
69.37,3,Concrete,-78.42,-8.46,106.88,0.2966,True
29.27,0,None,-64.54,15.16,69.38,0.0,False
178.06,3,Glass,-72.5,1.44,91.07,0.0464,False
138.69,0,None,-91.97,29.07,82.89,0.0,False
145.04,0,None,-71.99,8.7,83.28,0.0,False
181.17,2,Glass,-75.22,6.01,89.22,0.002,False
100.99,4,Glass,-98.14,30.0,88.14,0.0,False
46.96,2,Concrete,-62.73,-10.76,93.49,0.3424,True
163.72,4,Concrete,-73.53,-30.8,124.34,0.489,True
15.18,4,Glass,-90.88,39.2,71.68,0.0,False
118.94,4,Concrete,-90.7,-10.86,121.56,0.3419,True
18.68,0,None,-89.26,43.78,65.48,0.0,False
196.81,2,Concrete,-93.38,7.45,105.93,0.0006,False
129.57,2,Glass,-60.51,-5.8,86.3,0.2409,True
71.13,1,Glass,-83.68,24.58,79.09,0.0,False
72.29,1,Glass,-62.14,2.9,79.24,0.0206,False
28.28,4,Concrete,-79.36,-9.72,109.08,0.3269,True
61.78,0,None,-76.54,20.67,75.87,0.0,False
149.02,1,Glass,-87.12,21.6,85.52,0.0,False
124.51,3,Concrete,-94.01,2.05,111.96,0.0362,False
113.99,0,None,-92.16,30.96,81.19,0.0,False
29.77,0,None,-87.27,37.74,69.53,0.0,False
23.02,4,Glass,-87.1,31.8,75.3,0.0,False
123.6,4,Concrete,-76.69,-25.21,121.89,0.4632,True
85.69,0,None,-75.74,17.03,78.71,0.0,False
148.83,4,Concrete,-95.51,-7.99,123.51,0.2806,True
178.61,4,Glass,-97.51,24.42,93.09,0.0,False
126.91,4,Glass,-82.37,12.25,90.12,0.0,False
186.73,3,Concrete,-90.78,-4.7,115.48,0.2031,True
111.74,4,Concrete,-96.01,-5.01,121.02,0.2084,True
143.46,4,Glass,-63.42,-7.77,91.19,0.276,True
87.76,3,Concrete,-65.2,-23.72,108.92,0.4713,True
13.32,0,None,-91.08,48.54,62.54,0.0,False
162.46,0,None,-94.5,30.23,84.27,0.0,False
57.19,2,Glass,-81.14,21.94,79.2,0.0,False
24.66,2,Glass,-86.15,34.25,71.9,0.0,False
109.99,1,Concrete,-66.55,-4.33,90.88,0.194,True
19.55,1,Glass,-98.19,50.32,67.88,0.0,False
134.75,3,Concrete,-78.75,-13.9,112.64,0.3856,True
21.25,2,Concrete,-81.58,14.98,86.6,0.0,False
57.65,2,Glass,-95.82,36.55,79.27,0.0,False
133.06,0,None,-92.66,30.13,82.53,0.0,False
118.74,1,Concrete,-64.43,-7.12,91.55,0.2645,True
26.5,3,Concrete,-78.95,0.43,98.52,0.0716,False
27.86,3,Concrete,-73.71,-5.24,98.95,0.2143,True
27.41,3,Glass,-99.2,44.39,74.81,0.0,False
165.52,2,Concrete,-98.46,14.03,104.43,0.0,False
90.9,0,None,-77.74,18.51,79.23,0.0,False
195.26,0,None,-83.12,17.26,85.87,0.0,False
73.61,0,None,-63.59,6.2,77.39,0.0018,False
155.86,1,Concrete,-82.5,8.59,93.91,0.0001,False
195.32,3,Concrete,-87.37,-8.49,115.87,0.2965,True
190.16,0,None,-67.03,1.39,85.64,0.0486,False
124.11,1,Glass,-92.19,28.26,83.93,0.0,False
57.69,0,None,-78.84,23.57,75.28,0.0,False
73.53,0,None,-79.8,22.41,77.38,0.0,False
39.3,0,None,-86.24,34.3,71.94,0.0,False
163.42,1,Glass,-95.33,29.01,86.32,0.0,False
181.17,2,Glass,-63.45,-5.76,89.22,0.2331,True
160.8,4,Concrete,-98.91,-5.27,124.18,0.2196,True
66.6,4,Glass,-96.97,32.45,84.52,0.0,False
191.93,4,Glass,-81.38,7.66,93.72,0.0005,False
74.03,2,Concrete,-68.33,-9.12,97.44,0.3093,True
148.99,4,Concrete,-95.52,-7.99,123.52,0.2775,True
198.3,3,Concrete,-62.03,-33.97,116.0,0.4859,True
102.8,3,Glass,-99.64,33.35,86.29,0.0,False
128.72,2,Glass,-60.98,-5.26,86.25,0.2216,True
92.84,1,Glass,-95.89,34.48,81.41,0.0,False
51.94,2,Glass,-62.55,4.18,78.36,0.0111,False
84.13,2,Concrete,-62.44,-16.11,98.55,0.4072,True
125.77,2,Concrete,-92.4,10.35,102.05,0.0,False
187.01,4,Concrete,-79.71,-25.78,125.49,0.4796,True
168.99,0,None,-89.31,24.69,84.61,0.0,False
76.59,3,Glass,-86.64,22.9,83.74,0.0,False
139.08,2,Concrete,-85.05,2.13,102.92,0.0311,False
107.24,4,Concrete,-71.06,-29.6,120.66,0.4895,True
188.43,0,None,-68.38,2.83,85.56,0.0257,False
35.56,0,None,-75.91,24.84,71.07,0.0,False
164.37,2,Glass,-77.51,9.14,88.37,0.0,False
55.74,3,Glass,-72.89,11.92,80.98,0.0,False
56.25,2,Glass,-66.24,7.18,79.06,0.0006,False
100.88,3,Glass,-86.46,20.33,86.13,0.0,False
91.86,4,Concrete,-72.81,-26.51,119.32,0.4767,True
93.95,1,Concrete,-70.0,0.49,89.51,0.0668,False
10.33,2,Glass,-64.98,20.64,64.34,0.0,False
56.78,3,Glass,-81.45,20.32,81.14,0.0,False
166.16,2,Glass,-90.76,22.3,88.46,0.0,False
72.18,0,None,-99.24,42.01,77.22,0.0,False
108.71,1,Glass,-76.78,14.0,82.78,0.0,False
174.65,4,Concrete,-73.93,-30.97,124.9,0.4823,True
37.44,0,None,-62.93,11.41,71.52,0.0,False
147.72,4,Glass,-60.35,-11.1,91.44,0.3501,True
190.13,2,Glass,-91.69,22.05,89.64,0.0,False
126.61,4,Glass,-64.65,-5.45,90.1,0.2247,True
188.95,3,Concrete,-70.06,-25.52,115.58,0.4697,True
155.1,4,Concrete,-75.44,-28.42,123.87,0.4927,True
144.74,0,None,-62.28,-0.98,83.27,0.1066,True
152.46,2,Glass,-63.11,-4.61,87.72,0.1966,True
15.05,1,Glass,-72.55,26.95,65.61,0.0,False
160.47,1,Concrete,-76.83,2.67,94.16,0.0255,False
26.65,4,Concrete,-83.84,-4.73,108.57,0.202,True
126.69,1,Glass,-79.96,15.85,84.11,0.0,False
119.08,0,None,-96.36,34.79,81.57,0.0,False
145.74,0,None,-85.5,22.17,83.33,0.0,False
37.72,2,Glass,-91.39,35.8,75.58,0.0,False
128.77,0,None,-66.75,4.5,82.25,0.0095,False
150.22,2,Concrete,-92.23,8.64,103.59,0.0,False
57.84,3,Glass,-80.68,19.39,81.3,0.0,False
111.12,1,Concrete,-64.61,-6.36,90.97,0.2548,True
40.32,4,Glass,-68.18,8.02,80.16,0.0005,False
169.5,1,Concrete,-61.68,-12.95,94.64,0.3797,True
65.2,4,Glass,-90.09,25.75,84.34,0.0,False
190.91,2,Glass,-66.38,-3.29,89.67,0.161,True
21.19,0,None,-96.16,49.58,66.58,0.0,False
193.49,3,Concrete,-85.73,-10.05,115.79,0.3243,True
41.63,3,Glass,-69.09,10.65,78.44,0.0,False
186.29,3,Glass,-60.6,-10.86,91.46,0.3458,True
54.16,0,None,-83.32,28.59,74.73,0.0,False
89.5,0,None,-60.06,0.97,79.09,0.0619,False
173.38,4,Glass,-90.21,17.38,92.83,0.0,False
176.27,1,Concrete,-95.83,20.85,94.98,0.0,False
191.68,0,None,-76.7,10.99,85.71,0.0,False
94.43,1,Glass,-62.01,0.45,81.56,0.0685,False
179.07,4,Concrete,-98.35,-6.77,125.11,0.2617,True
136.97,1,Glass,-76.71,11.92,84.79,0.0,False
37.9,0,None,-64.81,13.19,71.63,0.0,False
192.69,0,None,-82.42,16.67,85.75,0.0,False
47.4,0,None,-81.83,28.26,73.57,0.0,False
101.0,2,Glass,-93.81,29.67,84.14,0.0,False
140.09,4,Glass,-95.3,24.32,90.98,0.0,False
50.13,2,Concrete,-64.85,-9.2,94.06,0.3099,True
48.7,1,Concrete,-93.43,29.63,83.8,0.0,False
76.34,4,Glass,-84.78,19.07,85.71,0.0,False
110.5,3,Glass,-93.29,26.37,86.92,0.0,False
132.92,4,Glass,-67.99,-2.53,90.53,0.1509,True
82.28,1,Concrete,-83.45,15.09,88.36,0.0,False
60.1,2,Concrete,-88.46,12.83,95.63,0.0,False
155.02,4,Concrete,-77.39,-26.47,123.86,0.477,True
37.03,1,Glass,-84.04,30.62,73.43,0.0,False
40.18,0,None,-87.18,35.05,72.13,0.0,False
38.15,3,Concrete,-93.67,11.99,101.68,0.0,False
166.55,4,Glass,-66.43,-6.06,92.48,0.2411,True
94.8,3,Glass,-81.87,16.28,85.59,0.0,False
180.71,1,Glass,-95.21,28.02,87.19,0.0,False
70.56,0,None,-78.39,21.37,77.03,0.0,False
86.71,4,Glass,-99.52,32.71,86.82,0.0,False
148.74,2,Concrete,-86.09,2.59,103.5,0.0269,False
81.68,1,Concrete,-66.63,-1.67,88.3,0.1227,True
11.24,1,Concrete,-90.38,39.31,71.07,0.0,False
61.36,3,Glass,-68.39,6.58,81.81,0.0021,False
69.72,3,Concrete,-92.8,5.88,106.92,0.0025,False
40.43,3,Glass,-76.97,18.78,78.19,0.0,False
195.45,0,None,-72.98,7.11,85.87,0.0004,False
77.04,2,Concrete,-73.49,-4.3,97.79,0.1944,True
49.47,1,Concrete,-73.58,9.64,83.94,0.0,False
184.33,1,Glass,-66.76,-0.61,87.37,0.0907,False
154.86,2,Glass,-67.04,-0.81,87.85,0.0955,False
40.47,3,Concrete,-61.06,-21.14,102.2,0.4534,True
129.95,0,None,-93.87,31.54,82.33,0.0,False
57.07,3,Glass,-97.42,36.23,81.18,0.0,False
51.8,3,Concrete,-88.26,3.92,104.34,0.0138,False
88.61,0,None,-92.2,33.19,79.0,0.0,False
125.64,3,Glass,-93.63,25.59,88.04,0.0,False
85.85,0,None,-72.63,13.91,78.73,0.0,False
167.9,2,Concrete,-94.26,9.71,104.56,0.0,False
187.76,1,Glass,-96.49,28.96,87.53,0.0,False
149.36,4,Concrete,-75.51,-28.03,123.54,0.4793,True
188.71,1,Concrete,-92.87,17.3,95.57,0.0,False
16.92,2,Glass,-81.99,33.36,68.62,0.0,False
25.22,4,Glass,-77.87,21.78,76.09,0.0,False
195.35,4,Glass,-72.03,-1.84,93.87,0.1218,True
179.7,3,Glass,-62.44,-8.71,91.15,0.3143,True
41.59,0,None,-96.08,43.65,72.43,0.0,False
131.23,2,Concrete,-86.18,3.77,102.41,0.0154,False
50.52,2,Concrete,-60.38,-13.74,94.12,0.3854,True
123.87,3,Concrete,-68.45,-23.47,111.91,0.4626,True
148.08,4,Concrete,-77.87,-25.6,123.46,0.4731,True
132.97,0,None,-72.82,10.29,82.53,0.0,False
171.53,1,Concrete,-81.56,6.82,94.74,0.0013,False
48.61,4,Concrete,-77.82,-15.97,113.79,0.4128,True
33.05,4,Concrete,-61.0,-29.43,110.44,0.4781,True
50.41,3,Glass,-68.6,8.49,80.1,0.0,False
77.1,1,Concrete,-96.07,28.27,87.8,0.0,False
80.26,1,Concrete,-87.98,19.83,88.14,0.0,False
92.66,1,Glass,-84.51,23.12,81.39,0.0,False
157.71,0,None,-99.26,35.25,84.01,0.0,False
190.62,4,Concrete,-94.24,-11.42,125.66,0.3562,True
123.32,3,Glass,-97.48,29.6,87.87,0.0,False
12.94,2,Glass,-91.71,45.41,66.29,0.0,False
31.93,1,Glass,-61.26,9.12,72.14,0.0,False
51.75,1,Concrete,-95.66,31.33,84.33,0.0,False
155.64,3,Glass,-84.44,14.54,89.9,0.0,False
50.13,4,Glass,-88.63,26.58,82.06,0.0,False
56.43,2,Concrete,-75.2,0.11,95.08,0.0757,False
86.02,4,Concrete,-74.01,-24.73,118.75,0.4648,True
149.83,1,Glass,-79.6,14.03,85.57,0.0,False
28.59,0,None,-85.63,36.45,69.18,0.0,False
112.4,0,None,-76.81,15.74,81.07,0.0,False
113.29,0,None,-81.04,19.9,81.14,0.0,False
127.83,2,Glass,-93.04,26.85,86.19,0.0,False
20.18,2,Concrete,-83.2,17.05,86.15,0.0,False
73.22,1,Glass,-66.13,6.78,79.35,0.0008,False
193.11,0,None,-91.5,25.73,85.77,0.0,False
23.89,4,Concrete,-97.91,10.29,107.62,0.0,False
130.95,2,Concrete,-77.57,-4.83,102.4,0.209,True
140.18,1,Glass,-91.69,26.71,84.99,0.0,False
105.92,2,Concrete,-78.22,-2.34,100.55,0.1342,True
148.06,4,Concrete,-87.16,-16.31,123.46,0.4121,True
168.38,2,Glass,-86.82,18.24,88.58,0.0,False
123.42,0,None,-81.08,19.2,81.88,0.0,False
120.4,4,Concrete,-96.22,-5.45,121.67,0.2325,True
164.78,1,Glass,-99.35,32.95,86.39,0.0,False
108.34,4,Concrete,-93.72,-7.03,120.75,0.2584,True
72.8,2,Concrete,-75.1,-2.2,97.3,0.1344,True
19.33,3,Glass,-72.58,20.8,71.78,0.0,False
55.05,3,Concrete,-66.41,-18.46,104.87,0.4426,True
139.38,1,Concrete,-84.6,11.66,92.94,0.0,False
63.13,4,Concrete,-69.52,-26.53,116.06,0.4715,True
65.84,1,Concrete,-63.21,-3.22,86.42,0.1597,True
176.34,3,Glass,-91.84,20.86,90.98,0.0,False
199.16,1,Glass,-73.98,5.94,88.04,0.0028,False
155.67,4,Glass,-96.56,24.66,91.9,0.0,False
39.05,4,Glass,-61.06,1.17,79.89,0.047,False
197.56,0,None,-61.43,-4.54,85.97,0.2008,True
166.61,1,Glass,-80.71,14.22,86.49,0.0,False
56.92,2,Glass,-80.17,21.01,79.16,0.0,False
180.94,1,Glass,-62.84,-4.37,87.21,0.1924,True
112.64,4,Glass,-87.13,18.04,89.09,0.0,False
109.28,0,None,-83.83,23.01,80.83,0.0,False
35.93,4,Concrete,-63.77,-27.39,111.16,0.4759,True
34.88,3,Glass,-69.93,13.02,76.91,0.0,False
26.79,4,Glass,-95.29,38.67,76.61,0.0,False
185.23,2,Glass,-67.77,-1.64,89.41,0.1178,True
62.35,1,Glass,-99.96,42.01,77.95,0.0,False
169.58,3,Glass,-71.53,0.89,90.64,0.0623,False
141.05,1,Glass,-99.88,34.83,85.04,0.0,False
135.56,4,Concrete,-69.14,-33.56,122.7,0.4976,True
103.12,2,Concrete,-68.26,-12.06,100.32,0.3593,True
167.45,0,None,-83.28,18.74,84.53,0.0,False
92.91,4,Concrete,-84.22,-15.2,119.42,0.3977,True
82.66,1,Concrete,-62.31,-6.09,88.4,0.2456,True
114.18,4,Concrete,-79.7,-21.51,121.21,0.4516,True
110.98,3,Glass,-84.07,17.11,86.96,0.0,False
108.26,1,Glass,-64.4,1.65,82.74,0.0415,False
72.41,3,Glass,-63.87,0.62,83.25,0.0661,False
106.62,2,Glass,-62.74,-1.87,84.61,0.1283,True
155.2,3,Concrete,-82.52,-11.35,113.87,0.3544,True
84.67,3,Concrete,-70.53,-18.08,108.61,0.4276,True
57.98,4,Concrete,-97.54,2.22,115.32,0.0345,False
191.84,3,Concrete,-72.65,-23.06,115.71,0.4504,True
173.86,4,Glass,-75.6,2.74,92.86,0.0251,False
90.2,4,Glass,-75.0,7.85,87.16,0.0002,False
75.03,2,Concrete,-83.54,5.98,97.56,0.0024,False
52.19,4,Concrete,-62.05,-32.35,114.41,0.4823,True
108.88,4,Glass,-95.33,26.53,88.79,0.0,False
102.51,4,Concrete,-97.09,-3.18,120.27,0.1624,True
193.42,2,Concrete,-78.58,-7.21,105.78,0.2681,True
141.84,3,Concrete,-91.13,-1.96,113.09,0.128,True
94.08,4,Glass,-84.6,17.08,87.52,0.0,False
63.13,3,Glass,-67.7,5.64,82.06,0.0032,False
152.84,3,Concrete,-93.03,-0.71,113.74,0.0945,False
84.79,2,Concrete,-74.95,-3.67,98.62,0.175,True
105.43,3,Concrete,-64.87,-25.64,110.51,0.4701,True
187.32,0,None,-88.21,22.71,85.51,0.0,False
96.92,0,None,-88.08,28.3,79.78,0.0,False
178.07,1,Glass,-93.02,25.95,87.07,0.0,False
61.2,4,Glass,-66.37,2.58,83.79,0.03,False
165.09,0,None,-61.46,-2.95,84.41,0.1512,True
178.11,2,Glass,-78.97,9.9,89.07,0.0,False
149.71,0,None,-75.06,11.5,83.56,0.0,False
12.25,0,None,-65.83,24.01,61.81,0.0,False
37.01,3,Glass,-97.03,39.61,77.42,0.0,False
100.08,0,None,-89.91,29.85,80.06,0.0,False
191.47,2,Glass,-98.83,29.13,89.7,0.0,False
148.12,1,Glass,-81.61,16.14,85.47,0.0,False
176.59,0,None,-74.06,9.07,84.99,0.0001,False
130.8,2,Glass,-80.87,14.48,86.39,0.0,False
156.89,0,None,-92.84,28.88,83.97,0.0,False
95.08,0,None,-78.33,18.72,79.62,0.0,False
184.29,2,Glass,-82.06,12.69,89.36,0.0,False
92.42,3,Concrete,-82.19,-7.18,109.37,0.2707,True
176.49,3,Concrete,-88.86,-6.13,114.99,0.243,True
103.96,3,Glass,-80.82,14.43,86.39,0.0,False
79.46,2,Concrete,-84.87,6.81,98.06,0.001,False
154.73,1,Glass,-81.56,15.71,85.85,0.0,False
154.43,2,Concrete,-87.84,4.01,103.83,0.0135,False
142.77,1,Concrete,-66.55,-6.6,93.15,0.2473,True
162.36,0,None,-69.33,5.06,84.26,0.0058,False
191.72,1,Concrete,-82.0,6.29,95.71,0.002,False
97.69,1,Concrete,-89.54,19.68,89.85,0.0,False
54.88,3,Concrete,-64.07,-20.77,104.84,0.4482,True
28.9,3,Concrete,-60.5,-18.78,99.27,0.4362,True
180.39,2,Concrete,-84.44,-0.74,105.18,0.0969,False
41.68,4,Concrete,-73.82,-18.63,112.45,0.4368,True
158.28,1,Glass,-69.62,3.58,86.04,0.0171,False
92.39,1,Glass,-84.98,23.61,81.37,0.0,False
82.7,1,Glass,-74.97,14.56,80.4,0.0,False
93.26,3,Glass,-88.83,23.38,85.45,0.0,False
133.63,4,Concrete,-72.41,-30.17,122.57,0.4816,True
167.64,0,None,-89.76,25.22,84.54,0.0,False
158.53,2,Glass,-67.92,-0.14,88.06,0.0798,False
104.19,4,Concrete,-79.28,-21.13,120.41,0.4464,True
199.45,1,Concrete,-95.92,19.87,96.05,0.0,False
187.42,4,Concrete,-85.17,-20.34,125.51,0.4522,True
157.06,3,Concrete,-69.3,-24.67,113.98,0.4628,True
36.59,0,None,-63.44,12.12,71.32,0.0,False
26.55,4,Concrete,-82.8,-5.74,108.54,0.2323,True
24.03,1,Concrete,-78.11,20.44,77.67,0.0,False
188.77,1,Concrete,-70.48,-5.09,95.57,0.219,True
184.98,3,Concrete,-89.36,-6.04,115.4,0.2484,True
26.69,4,Glass,-98.8,42.22,76.58,0.0,False
154.7,2,Concrete,-83.91,0.07,103.84,0.0777,False
57.47,0,None,-66.97,11.73,75.24,0.0,False
43.13,2,Glass,-82.88,26.13,76.75,0.0,False
119.04,3,Glass,-85.44,17.87,87.57,0.0,False
20.37,3,Concrete,-90.06,13.82,96.23,0.0,False
101.53,0,None,-68.01,7.82,80.19,0.0003,False
68.71,2,Concrete,-89.08,12.28,96.79,0.0,False
124.32,4,Concrete,-90.96,-10.99,121.95,0.3518,True
79.91,1,Glass,-93.65,33.55,80.11,0.0,False
27.87,0,None,-61.61,12.66,68.96,0.0,False
101.39,4,Glass,-96.18,28.01,88.17,0.0,False
144.4,4,Concrete,-92.01,-11.23,123.25,0.3502,True
14.17,3,Concrete,-93.45,20.37,93.08,0.0,False
186.86,4,Concrete,-82.15,-23.33,125.48,0.4658,True
105.06,3,Glass,-78.31,11.83,86.48,0.0,False
93.27,3,Concrete,-80.61,-8.84,109.45,0.3081,True
54.74,4,Glass,-61.05,-1.77,82.82,0.1207,True
129.58,2,Concrete,-81.98,-0.32,102.3,0.0838,False
156.2,2,Glass,-74.7,6.77,87.93,0.0008,False
127.56,3,Glass,-90.59,22.42,88.17,0.0,False
156.87,1,Glass,-61.91,-4.05,85.97,0.1932,True
85.06,4,Concrete,-72.94,-25.71,118.65,0.4684,True
51.72,2,Glass,-60.61,2.28,78.33,0.0327,False
159.6,1,Concrete,-84.08,9.96,94.12,0.0,False
70.63,3,Concrete,-92.14,5.1,107.03,0.005,False
141.79,0,None,-89.86,26.78,83.09,0.0,False
10.35,2,Glass,-78.97,34.62,64.35,0.0,False
188.85,3,Concrete,-75.12,-20.45,115.58,0.4471,True
12.71,2,Glass,-63.68,17.54,66.14,0.0,False
166.62,3,Glass,-87.54,17.06,90.49,0.0,False
91.95,2,Concrete,-64.77,-14.55,99.33,0.3891,True
83.03,3,Concrete,-96.42,7.98,108.44,0.0001,False
26.62,3,Glass,-72.7,18.14,74.56,0.0,False
81.5,2,Concrete,-73.44,-4.84,98.28,0.2129,True
134.24,2,Concrete,-93.09,10.48,102.61,0.0,False
148.66,4,Glass,-60.61,-10.89,91.5,0.351,True
197.54,0,None,-88.61,22.64,85.97,0.0,False
183.59,2,Glass,-72.54,3.21,89.33,0.0178,False
42.72,1,Glass,-62.96,8.29,74.67,0.0,False
86.74,2,Glass,-62.18,-0.64,82.82,0.0913,False
27.3,4,Concrete,-90.92,2.15,108.78,0.0331,False
45.25,2,Concrete,-75.06,1.9,93.17,0.0382,False
67.72,3,Glass,-89.14,26.47,82.67,0.0,False
151.71,3,Concrete,-91.13,-2.55,113.67,0.1468,True
171.21,3,Glass,-64.95,-5.78,90.72,0.2362,True
164.86,4,Concrete,-83.87,-20.53,124.4,0.4394,True
81.02,3,Concrete,-62.77,-25.46,108.23,0.4715,True
111.83,1,Glass,-76.34,13.31,83.03,0.0,False
75.19,2,Concrete,-73.23,-4.35,97.58,0.1973,True
10.79,1,Glass,-68.78,26.06,62.72,0.0,False
139.02,0,None,-81.25,18.34,82.92,0.0,False
97.74,1,Concrete,-99.76,29.9,89.86,0.0,False
176.61,4,Concrete,-92.5,-12.5,124.99,0.3719,True
109.27,1,Glass,-69.85,7.03,82.82,0.0012,False
127.16,2,Glass,-69.55,3.41,86.14,0.0196,False
25.5,0,None,-68.97,20.78,68.18,0.0,False
86.92,4,Glass,-65.65,-1.19,86.84,0.1075,True
178.73,4,Glass,-78.96,5.86,93.1,0.0032,False
165.34,1,Concrete,-92.76,18.34,94.42,0.0,False
119.12,1,Glass,-77.87,14.29,83.57,0.0,False
191.12,4,Concrete,-74.08,-31.6,125.68,0.4843,True
42.74,3,Glass,-74.73,16.06,78.67,0.0,False
86.13,4,Concrete,-91.22,-7.54,118.76,0.2699,True
192.43,4,Concrete,-68.47,-37.27,125.74,0.487,True
86.42,0,None,-98.43,39.65,78.79,0.0,False
77.96,2,Glass,-97.11,35.22,81.89,0.0,False
147.85,0,None,-94.35,30.9,83.45,0.0,False
145.51,3,Glass,-71.03,1.71,89.31,0.0439,False
60.2,0,None,-80.38,24.73,75.65,0.0,False
74.98,1,Glass,-73.55,14.0,79.55,0.0,False
13.95,0,None,-93.67,50.72,62.94,0.0,False
125.38,1,Glass,-67.03,3.01,84.02,0.0245,False
94.98,4,Concrete,-81.16,-18.44,119.61,0.4294,True
168.57,4,Concrete,-94.35,-10.24,124.59,0.3335,True
146.98,2,Glass,-62.48,-4.92,87.4,0.2132,True
90.83,4,Glass,-63.73,-3.49,87.22,0.1715,True
163.39,0,None,-83.71,19.39,84.32,0.0,False
171.23,0,None,-94.28,29.56,84.73,0.0,False
40.09,2,Glass,-85.77,29.66,76.12,0.0,False
141.22,4,Concrete,-84.07,-18.98,123.05,0.4386,True
28.74,3,Concrete,-98.07,18.85,99.23,0.0,False
90.93,4,Glass,-66.12,-1.11,87.23,0.1071,True
145.91,0,None,-99.49,36.16,83.34,0.0,False
84.72,4,Concrete,-90.2,-8.42,118.61,0.2971,True
89.61,2,Glass,-77.07,13.97,83.1,0.0,False
105.43,3,Glass,-95.6,29.09,86.51,0.0,False
48.23,4,Glass,-95.23,33.51,81.72,0.0,False
73.23,2,Glass,-72.85,11.51,81.35,0.0,False
62.53,3,Glass,-68.15,6.17,81.98,0.0016,False
68.88,2,Glass,-72.36,11.54,80.82,0.0,False
155.38,4,Glass,-71.59,-0.29,91.88,0.0844,False
132.73,2,Concrete,-68.96,-13.55,102.51,0.3797,True
37.83,4,Concrete,-65.1,-26.51,111.61,0.4771,True
100.37,4,Glass,-77.8,9.71,88.09,0.0,False
195.33,1,Glass,-63.03,-4.84,87.87,0.2109,True
148.58,0,None,-82.19,18.7,83.49,0.0,False
65.95,2,Concrete,-73.72,-2.72,96.44,0.15,True
86.22,1,Concrete,-71.65,2.89,88.77,0.0248,False
124.17,4,Concrete,-61.31,-40.62,121.93,0.4912,True
46.11,2,Concrete,-76.06,2.73,93.33,0.0239,False
129.01,1,Glass,-78.44,14.17,84.27,0.0,False
198.62,3,Glass,-96.64,24.63,92.01,0.0,False
24.26,3,Concrete,-90.14,12.39,97.75,0.0,False
74.87,2,Glass,-97.63,36.09,81.54,0.0,False
70.35,3,Glass,-62.99,-0.0,83.0,0.0742,False
62.71,4,Concrete,-75.77,-20.23,116.0,0.4466,True
196.15,1,Concrete,-76.5,0.6,95.91,0.0648,False
199.64,2,Glass,-79.59,9.54,90.06,0.0,False
120.63,2,Glass,-98.43,32.75,85.68,0.0,False
135.1,3,Concrete,-73.71,-18.96,112.67,0.4381,True
47.53,1,Concrete,-82.47,18.87,83.59,0.0,False
182.29,3,Concrete,-62.86,-32.4,115.27,0.4787,True
52.36,4,Glass,-86.52,24.09,82.43,0.0,False
198.57,4,Glass,-95.07,21.06,94.01,0.0,False
45.81,3,Concrete,-72.26,-11.01,103.27,0.3443,True
86.4,1,Glass,-68.68,7.89,80.78,0.0001,False
102.57,1,Concrete,-67.15,-3.12,90.27,0.1596,True
92.74,0,None,-97.49,38.09,79.4,0.0,False
69.96,2,Glass,-84.02,23.07,80.95,0.0,False
135.67,0,None,-95.1,32.4,82.7,0.0,False
56.77,4,Concrete,-83.12,-12.01,115.14,0.3654,True
30.8,2,Glass,-61.99,8.17,73.83,0.0001,False
118.58,1,Concrete,-88.58,17.05,91.53,0.0,False
37.88,4,Glass,-79.9,20.28,79.62,0.0,False
96.75,2,Glass,-85.47,21.71,83.77,0.0,False
17.06,2,Concrete,-99.68,34.99,84.7,0.0,False
34.26,4,Concrete,-66.61,-24.14,110.75,0.4741,True
166.23,3,Concrete,-76.19,-18.27,114.47,0.4288,True
165.25,0,None,-75.24,10.82,84.42,0.0,False
181.06,1,Concrete,-89.78,14.57,95.21,0.0,False
138.06,0,None,-77.67,14.81,82.86,0.0,False
176.26,4,Glass,-94.76,21.78,92.98,0.0,False
23.19,2,Glass,-65.59,14.23,71.36,0.0,False
94.26,0,None,-99.01,39.47,79.54,0.0,False
132.23,4,Concrete,-90.79,-11.7,122.48,0.3514,True
130.11,3,Glass,-81.36,13.02,88.34,0.0,False
36.64,0,None,-62.68,11.34,71.33,0.0,False
169.98,4,Concrete,-82.11,-22.56,124.66,0.4527,True
66.88,1,Concrete,-84.95,18.39,86.56,0.0,False
112.9,3,Glass,-62.4,-4.71,87.11,0.2115,True
49.7,4,Concrete,-70.63,-23.35,113.98,0.4664,True
88.13,2,Concrete,-82.0,3.04,98.96,0.0208,False
155.77,1,Glass,-63.55,-2.35,85.9,0.1369,True
100.62,2,Glass,-84.12,20.01,84.11,0.0,False
83.28,3,Concrete,-98.8,10.34,108.47,0.0001,False
45.09,4,Concrete,-71.04,-22.1,113.14,0.4433,True
135.3,2,Concrete,-84.17,1.49,102.68,0.0445,False
18.32,4,Glass,-75.75,22.44,73.31,0.0,False
86.67,3,Glass,-62.91,-1.91,84.81,0.124,True
93.49,0,None,-91.23,31.76,79.47,0.0,False
101.11,1,Glass,-97.09,34.94,82.15,0.0,False
165.47,4,Concrete,-95.01,-9.41,124.43,0.3183,True
65.52,3,Concrete,-84.85,-1.53,106.38,0.1162,True
64.46,4,Concrete,-85.22,-11.02,116.24,0.3466,True
105.05,2,Concrete,-77.46,-3.02,100.48,0.1595,True
78.75,1,Glass,-85.38,25.4,79.98,0.0,False
16.48,0,None,-83.16,38.77,64.4,0.0,False
16.95,0,None,-82.33,37.7,64.64,0.0,False
87.68,3,Glass,-91.47,26.56,84.91,0.0,False
13.05,4,Glass,-71.87,21.5,70.37,0.0,False
157.83,1,Glass,-92.04,26.03,86.02,0.0,False
170.22,2,Glass,-72.51,3.84,88.67,0.0144,False
170.98,0,None,-78.33,13.61,84.71,0.0,False
21.62,4,Concrete,-78.43,-8.32,106.75,0.299,True
37.98,3,Concrete,-89.61,7.96,101.65,0.0002,False
174.73,0,None,-68.89,3.98,84.9,0.0118,False
71.58,3,Glass,-77.1,13.95,83.15,0.0,False
50.81,2,Concrete,-90.62,16.44,94.17,0.0,False
101.46,2,Concrete,-61.26,-18.92,100.18,0.4401,True
196.67,4,Glass,-84.16,10.23,93.93,0.0,False
141.22,2,Glass,-92.81,25.76,87.05,0.0,False
76.85,2,Concrete,-63.54,-14.23,97.77,0.3939,True
75.77,3,Concrete,-90.73,3.09,107.64,0.0208,False
59.31,0,None,-89.85,34.33,75.52,0.0,False
79.94,1,Concrete,-73.89,5.78,88.11,0.0017,False
175.72,1,Glass,-88.2,21.25,86.95,0.0,False
134.41,1,Concrete,-91.15,18.53,92.62,0.0,False
179.93,1,Glass,-71.68,4.52,87.16,0.0113,False
164.09,4,Concrete,-64.51,-39.85,124.36,0.4962,True
109.49,2,Glass,-85.49,20.65,84.84,0.0,False
27.77,3,Glass,-97.23,42.3,74.93,0.0,False
49.11,0,None,-96.31,42.43,73.88,0.0,False
80.91,0,None,-74.3,16.08,78.21,0.0,False
180.06,3,Concrete,-60.19,-34.98,115.16,0.4979,True
146.54,2,Concrete,-88.34,4.97,103.37,0.0054,False
18.69,4,Glass,-86.9,33.41,73.48,0.0,False
176.14,4,Glass,-82.81,9.84,92.97,0.0,False
20.6,4,Concrete,-97.74,11.41,106.33,0.0,False
172.9,1,Glass,-72.35,5.54,86.81,0.0028,False
61.9,0,None,-76.88,20.99,75.89,0.0,False
173.79,3,Concrete,-65.14,-29.72,114.85,0.4882,True
146.67,2,Concrete,-79.82,-3.56,103.38,0.1791,True
185.46,0,None,-71.67,6.25,85.42,0.0013,False
117.3,1,Concrete,-83.69,12.25,91.44,0.0,False
24.87,1,Glass,-76.2,26.23,69.97,0.0,False
179.27,1,Concrete,-82.43,7.31,95.12,0.0003,False
93.94,2,Concrete,-63.91,-15.6,99.51,0.4085,True
15.08,2,Concrete,-85.53,21.91,83.62,0.0,False
199.85,1,Glass,-69.65,1.59,88.07,0.0475,False
61.6,1,Concrete,-64.32,-1.52,85.85,0.1173,True
170.34,0,None,-75.88,11.2,84.68,0.0,False
180.81,4,Glass,-88.0,14.8,93.2,0.0,False
29.64,0,None,-98.6,49.11,69.49,0.0,False
22.34,1,Concrete,-68.84,11.8,77.04,0.0,False
80.06,3,Glass,-65.05,0.93,84.12,0.0583,False
101.7,4,Glass,-73.21,5.01,88.2,0.0053,False
91.5,3,Glass,-95.26,29.98,85.28,0.0,False
169.68,4,Glass,-92.98,20.33,92.65,0.0,False
171.07,4,Concrete,-60.33,-44.39,124.72,0.4861,True
130.06,1,Concrete,-88.01,15.67,92.34,0.0,False
97.89,2,Glass,-98.03,34.16,83.87,0.0,False
196.47,3,Concrete,-75.15,-20.77,115.92,0.4455,True
13.61,0,None,-88.11,45.38,62.73,0.0,False
170.75,3,Concrete,-80.83,-13.87,114.7,0.3903,True
156.51,4,Concrete,-72.05,-31.9,123.95,0.491,True
14.34,4,Concrete,-77.28,-5.9,103.18,0.2291,True
88.17,3,Concrete,-75.85,-13.11,108.96,0.3684,True
158.0,4,Concrete,-82.83,-21.2,124.03,0.4503,True
53.72,2,Glass,-90.76,32.1,78.66,0.0,False
26.12,4,Concrete,-82.65,-5.74,108.39,0.2344,True
115.04,1,Glass,-83.95,20.68,83.27,0.0,False
31.26,4,Glass,-97.44,39.49,77.95,0.0,False
96.66,2,Concrete,-61.28,-18.48,99.76,0.4352,True
32.47,1,Glass,-66.79,14.51,72.28,0.0,False
34.78,2,Concrete,-75.36,4.48,90.88,0.0092,False
79.33,0,None,-86.15,28.11,78.04,0.0,False
199.37,3,Concrete,-87.2,-8.85,116.05,0.3131,True
131.35,0,None,-84.61,22.19,82.42,0.0,False
182.53,3,Glass,-93.41,22.13,91.28,0.0,False
176.2,1,Glass,-93.93,26.95,86.97,0.0,False
100.22,1,Concrete,-99.8,29.73,90.07,0.0,False
160.41,0,None,-73.58,9.42,84.16,0.0,False
56.85,3,Glass,-78.9,17.75,81.15,0.0,False
146.35,2,Concrete,-84.79,1.43,103.36,0.0483,False
95.67,4,Concrete,-75.51,-24.16,119.67,0.4578,True
46.11,3,Concrete,-91.19,7.86,103.33,0.0002,False
145.93,0,None,-97.4,34.06,83.34,0.0,False
153.31,3,Glass,-61.94,-7.82,89.77,0.2845,True
73.72,3,Concrete,-70.29,-17.12,107.41,0.4207,True
119.81,1,Glass,-64.35,0.72,83.62,0.0671,False
90.92,3,Glass,-60.12,-5.11,85.23,0.215,True
64.95,4,Glass,-82.6,18.3,84.31,0.0,False
22.97,4,Concrete,-86.01,-1.27,107.28,0.1078,True
27.04,4,Concrete,-70.72,-17.97,108.7,0.4317,True
198.21,2,Glass,-75.4,5.4,90.0,0.0047,False
15.58,1,Glass,-95.19,49.28,65.91,0.0,False
144.37,2,Glass,-61.34,-5.91,87.24,0.2412,True
35.04,4,Concrete,-65.2,-25.75,110.94,0.4683,True
28.65,0,None,-63.54,14.35,69.2,0.0,False
27.28,0,None,-97.9,49.13,68.77,0.0,False
154.0,4,Concrete,-80.01,-23.79,123.8,0.4678,True
44.31,3,Glass,-84.51,25.53,78.99,0.0,False
124.56,0,None,-99.85,37.88,81.96,0.0,False
64.32,0,None,-93.58,37.36,76.22,0.0,False
15.99,0,None,-95.75,51.62,64.13,0.0,False
141.92,3,Glass,-81.56,12.47,89.1,0.0,False
100.56,0,None,-67.16,7.06,80.1,0.0005,False
133.75,4,Glass,-67.68,-2.9,90.58,0.1518,True
63.74,2,Glass,-94.72,34.57,80.14,0.0,False
175.41,0,None,-67.21,2.27,84.94,0.0316,False
105.8,0,None,-88.63,28.09,80.54,0.0,False
134.35,2,Glass,-66.25,-0.37,86.62,0.0913,False
185.53,2,Concrete,-62.03,-23.4,105.42,0.4568,True
160.07,0,None,-97.58,33.44,84.14,0.0,False
149.76,3,Glass,-63.28,-6.28,89.56,0.2521,True
198.08,4,Glass,-88.64,14.65,93.99,0.0,False
162.23,4,Concrete,-68.23,-36.03,124.26,0.4918,True
27.51,4,Glass,-75.41,18.56,76.84,0.0,False
193.37,3,Concrete,-95.46,-0.32,115.78,0.0856,False
64.95,2,Concrete,-88.82,12.51,96.31,0.0,False
125.1,1,Glass,-78.75,14.75,84.0,0.0,False
188.08,1,Glass,-76.95,9.41,87.54,0.0001,False
98.9,1,Concrete,-75.25,5.29,89.96,0.0058,False
38.86,1,Glass,-94.34,40.5,73.84,0.0,False
66.47,2,Concrete,-75.3,-1.2,96.51,0.1136,True
183.15,1,Glass,-71.42,4.11,87.31,0.0146,False
142.95,2,Concrete,-82.26,-0.9,103.16,0.1013,True
172.58,3,Glass,-85.54,14.75,90.79,0.0,False
131.45,0,None,-80.08,17.65,82.43,0.0,False
119.07,4,Glass,-66.65,-2.92,89.57,0.1544,True
71.52,2,Concrete,-81.37,4.23,97.14,0.0101,False
78.66,1,Glass,-64.65,4.68,79.97,0.0079,False
135.33,3,Concrete,-99.87,7.18,112.68,0.0006,False
30.83,0,None,-91.21,41.38,69.83,0.0,False
147.31,3,Glass,-97.85,28.43,89.42,0.0,False
77.33,4,Concrete,-98.03,0.21,117.82,0.0753,False
167.9,3,Glass,-81.67,11.12,90.56,0.0,False
25.31,1,Glass,-91.61,41.49,70.12,0.0,False
128.36,1,Concrete,-86.53,14.31,92.22,0.0,False
107.1,1,Glass,-68.53,5.88,82.65,0.0024,False
174.68,0,None,-91.83,26.93,84.9,0.0,False
188.48,3,Concrete,-67.77,-27.79,115.56,0.4814,True
102.25,0,None,-63.72,3.47,80.25,0.0194,False
75.57,0,None,-98.61,40.98,77.62,0.0,False
154.96,1,Glass,-68.94,3.09,85.86,0.0246,False
193.2,1,Concrete,-98.42,22.64,95.77,0.0,False
24.45,0,None,-98.85,51.03,67.82,0.0,False
78.49,1,Glass,-76.22,16.27,79.95,0.0,False
126.52,1,Glass,-74.11,10.01,84.1,0.0,False
106.37,4,Concrete,-65.05,-35.54,120.59,0.4924,True
127.45,4,Glass,-73.52,3.36,90.16,0.0192,False
53.68,1,Glass,-82.5,25.85,76.65,0.0,False
155.91,1,Concrete,-73.65,-0.27,93.91,0.0838,False
85.98,3,Glass,-91.33,26.59,84.74,0.0,False
104.36,3,Glass,-61.44,-4.98,86.42,0.2103,True
74.01,2,Glass,-97.52,36.08,81.44,0.0,False
160.93,1,Concrete,-70.95,-3.24,94.19,0.1639,True
81.21,3,Concrete,-85.81,-2.43,108.25,0.1399,True
15.07,1,Concrete,-85.47,31.85,73.62,0.0,False
36.77,1,Glass,-95.28,41.92,73.36,0.0,False
169.18,3,Concrete,-98.81,4.19,114.62,0.0112,False
136.88,4,Glass,-76.88,6.1,90.78,0.0014,False
85.48,3,Glass,-85.32,20.62,84.69,0.0,False
78.97,1,Concrete,-79.06,11.06,88.0,0.0,False
85.93,1,Glass,-96.61,35.87,80.74,0.0,False
49.4,3,Concrete,-99.32,15.39,103.93,0.0,False
19.29,2,Glass,-61.83,12.06,69.76,0.0,False
82.56,1,Glass,-94.78,34.39,80.39,0.0,False
194.67,1,Glass,-64.89,-2.96,87.84,0.158,True
96.23,0,None,-98.2,38.48,79.72,0.0,False
69.54,4,Glass,-79.77,14.87,84.9,0.0,False
18.64,1,Concrete,-93.72,38.26,75.46,0.0,False
89.66,1,Concrete,-99.33,30.22,89.11,0.0,False
27.44,3,Glass,-88.63,33.81,74.82,0.0,False
70.13,1,Glass,-68.91,9.94,78.97,0.0,False
110.87,3,Concrete,-90.56,-0.39,110.95,0.0871,False
52.23,3,Concrete,-62.82,-21.59,104.41,0.4556,True
52.59,1,Concrete,-66.66,2.18,84.47,0.0362,False
91.78,3,Concrete,-87.18,-2.13,109.31,0.1377,True
93.63,4,Glass,-91.69,24.2,87.48,0.0,False
153.9,0,None,-67.57,3.77,83.8,0.0143,False
143.2,1,Concrete,-69.95,-3.22,93.17,0.1614,True
59.94,0,None,-72.84,17.23,75.61,0.0,False
128.24,3,Concrete,-71.79,-20.42,112.21,0.4477,True
176.41,3,Glass,-86.37,15.39,90.98,0.0,False
136.33,2,Concrete,-68.24,-14.51,102.75,0.3914,True
173.64,2,Concrete,-91.56,6.71,104.85,0.001,False
195.22,3,Glass,-86.65,14.78,91.86,0.0,False
99.73,0,None,-96.09,36.06,80.03,0.0,False
45.76,0,None,-77.49,24.23,73.26,0.0,False
146.45,2,Concrete,-94.78,11.41,103.37,0.0,False
36.56,4,Glass,-96.91,37.6,79.31,0.0,False
10.45,4,Glass,-94.0,45.56,68.44,0.0,False
25.55,1,Glass,-64.8,14.6,70.2,0.0,False
138.47,2,Glass,-75.97,9.09,86.88,0.0001,False
157.9,0,None,-68.2,4.18,84.02,0.0128,False
28.75,1,Concrete,-67.61,8.38,79.23,0.0,False
143.57,0,None,-90.11,26.91,83.2,0.0,False
50.72,0,None,-76.92,22.76,74.16,0.0,False
180.03,0,None,-84.28,19.11,85.16,0.0,False
62.32,2,Concrete,-93.39,17.45,95.95,0.0,False
64.35,2,Concrete,-70.26,-5.97,96.22,0.2338,True
43.92,4,Glass,-81.06,20.15,80.91,0.0,False
158.87,0,None,-81.47,17.39,84.07,0.0,False
76.1,0,None,-69.81,12.13,77.68,0.0,False
124.95,0,None,-63.58,1.59,81.99,0.0393,False
80.61,0,None,-92.82,34.64,78.18,0.0,False
110.03,1,Concrete,-96.03,25.14,90.88,0.0,False
176.15,0,None,-97.16,32.19,84.97,0.0,False
34.8,4,Glass,-67.67,8.79,78.89,0.0,False
44.63,4,Glass,-94.43,33.38,81.05,0.0,False
183.22,4,Concrete,-70.61,-34.71,125.31,0.4886,True
112.1,4,Concrete,-96.92,-4.13,121.05,0.1782,True
30.7,3,Glass,-97.06,41.26,75.8,0.0,False
150.81,4,Glass,-84.9,13.27,91.62,0.0,False
105.34,4,Concrete,-62.74,-37.77,120.51,0.4911,True
25.84,3,Glass,-87.77,33.47,74.3,0.0,False
80.02,4,Glass,-65.62,-0.5,86.12,0.0856,False
26.04,0,None,-75.96,27.59,68.37,0.0,False
110.63,1,Glass,-75.6,12.67,82.93,0.0,False
100.61,4,Glass,-65.91,-2.19,88.11,0.1338,True
90.64,2,Concrete,-96.9,17.7,99.2,0.0,False
65.02,2,Concrete,-77.07,0.76,96.32,0.0602,False
124.0,1,Concrete,-63.5,-8.43,91.92,0.2907,True
155.5,3,Concrete,-96.59,2.7,113.89,0.0262,False
113.47,4,Glass,-76.29,7.14,89.15,0.0007,False
53.3,4,Glass,-71.81,9.22,82.59,0.0,False
113.07,4,Concrete,-83.87,-17.25,121.12,0.4247,True
68.71,4,Glass,-65.45,0.66,84.79,0.0599,False
91.55,3,Concrete,-81.04,-8.25,109.29,0.2879,True
170.48,3,Concrete,-84.7,-9.98,114.69,0.3333,True
60.41,0,None,-95.39,39.72,75.68,0.0,False
60.04,0,None,-91.58,35.96,75.62,0.0,False
137.4,2,Glass,-65.95,-0.87,86.81,0.1052,True
26.39,2,Concrete,-75.37,6.88,88.48,0.0015,False
74.71,1,Glass,-69.75,10.23,79.52,0.0,False
14.15,0,None,-73.12,30.05,63.07,0.0,False
48.22,1,Concrete,-98.24,34.52,83.72,0.0,False
130.2,3,Concrete,-98.03,5.69,112.35,0.0042,False
141.02,4,Concrete,-84.92,-18.12,123.04,0.4322,True
164.98,3,Concrete,-76.41,-17.99,114.4,0.4314,True
116.91,0,None,-91.46,30.05,81.41,0.0,False
104.4,0,None,-65.47,5.04,80.43,0.0067,False
80.71,1,Glass,-71.38,11.19,80.19,0.0,False
146.8,3,Glass,-91.74,22.35,89.39,0.0,False
137.4,3,Glass,-98.11,29.3,88.81,0.0,False
190.7,2,Concrete,-98.17,12.51,105.66,0.0,False
67.84,4,Glass,-99.71,35.03,84.68,0.0,False
184.88,1,Glass,-66.39,-1.01,87.39,0.1026,True
20.13,0,None,-96.15,50.02,66.13,0.0,False
188.17,4,Concrete,-67.68,-37.87,125.55,0.4937,True
162.16,2,Glass,-85.74,17.49,88.25,0.0,False
63.19,2,Glass,-68.5,8.44,80.07,0.0,False
136.19,1,Glass,-97.7,32.97,84.74,0.0,False
16.71,2,Concrete,-88.06,23.55,84.51,0.0,False
132.81,3,Glass,-92.52,24.0,88.52,0.0,False
67.76,4,Glass,-80.66,15.99,84.67,0.0,False
194.82,4,Concrete,-65.59,-40.26,125.85,0.4877,True
170.73,3,Concrete,-97.03,2.32,114.7,0.0322,False
83.55,2,Glass,-85.55,23.06,82.49,0.0,False
113.67,2,Concrete,-92.6,11.44,101.17,0.0,False
57.76,3,Concrete,-89.84,4.55,105.29,0.0088,False
184.7,0,None,-79.9,14.51,85.38,0.0,False
141.92,0,None,-60.11,-2.99,83.09,0.1585,True
191.94,2,Concrete,-76.17,-9.55,105.72,0.3148,True
61.77,2,Glass,-67.53,7.66,79.87,0.0004,False
36.68,1,Glass,-84.01,30.67,73.34,0.0,False
30.99,1,Glass,-83.66,31.78,71.88,0.0,False
34.25,4,Concrete,-95.98,5.23,110.75,0.0053,False
170.09,4,Concrete,-98.06,-6.61,124.67,0.2569,True
22.02,1,Glass,-70.74,21.83,68.91,0.0,False
11.34,3,Glass,-86.64,39.5,67.14,0.0,False
172.32,4,Glass,-93.04,20.26,92.78,0.0,False
93.81,2,Concrete,-84.19,4.69,99.5,0.007,False
176.44,0,None,-98.0,33.02,84.99,0.0,False
198.6,4,Concrete,-97.86,-8.16,126.01,0.2949,True
137.57,1,Concrete,-99.78,26.95,92.82,0.0,False
58.71,0,None,-75.35,19.92,75.43,0.0,False
60.15,1,Glass,-67.03,9.39,77.64,0.0,False
76.91,3,Concrete,-79.08,-8.7,107.77,0.2987,True
25.87,3,Concrete,-73.82,-4.49,98.31,0.2,True
56.91,3,Glass,-77.89,16.73,81.16,0.0,False
178.89,1,Concrete,-74.18,-0.93,95.11,0.1016,True
87.74,1,Concrete,-81.32,12.4,88.92,0.0,False
176.78,0,None,-87.64,22.64,85.0,0.0,False
33.85,1,Concrete,-65.69,5.05,80.65,0.0053,False
68.01,1,Glass,-64.99,6.29,78.71,0.0017,False
21.06,4,Concrete,-98.8,12.28,106.52,0.0,False
30.39,3,Concrete,-70.43,-9.28,99.71,0.3098,True
103.24,2,Concrete,-63.19,-17.14,100.33,0.42,True
42.66,4,Concrete,-73.05,-19.61,112.65,0.4437,True
166.65,4,Concrete,-78.82,-25.67,124.49,0.4706,True
40.37,2,Concrete,-69.3,-2.88,92.18,0.154,True
148.63,4,Concrete,-89.72,-13.78,123.5,0.3892,True
85.48,2,Glass,-70.92,8.23,82.69,0.0001,False
77.89,4,Concrete,-69.57,-28.31,117.88,0.4823,True
42.82,2,Concrete,-67.02,-5.67,92.69,0.2289,True
30.42,2,Glass,-89.31,35.59,73.72,0.0,False
161.57,2,Glass,-61.95,-6.27,88.22,0.2423,True
154.36,3,Concrete,-64.06,-29.76,113.82,0.4724,True
84.67,0,None,-75.09,16.48,78.61,0.0,False
187.56,1,Glass,-77.53,10.02,87.52,0.0,False
136.54,0,None,-61.76,-1.0,82.76,0.1044,True
120.67,1,Concrete,-85.59,13.9,91.69,0.0,False
179.01,0,None,-98.76,33.65,85.11,0.0,False
69.45,2,Glass,-99.4,38.51,80.89,0.0,False
39.54,1,Glass,-66.31,12.31,74.0,0.0,False
36.89,4,Glass,-94.47,35.08,79.39,0.0,False
149.53,4,Glass,-83.05,11.5,91.55,0.0,False
75.24,0,None,-85.98,28.39,77.58,0.0,False
114.7,1,Concrete,-68.89,-2.36,91.25,0.1373,True
93.22,3,Glass,-61.27,-4.18,85.44,0.1894,True
186.98,3,Concrete,-68.38,-27.11,115.49,0.4725,True
142.86,1,Glass,-80.03,14.87,85.15,0.0,False
147.93,1,Concrete,-87.12,13.66,93.46,0.0,False
83.91,4,Concrete,-74.57,-23.96,118.53,0.4694,True
116.57,3,Glass,-83.93,16.55,87.39,0.0,False
59.22,2,Concrete,-69.47,-6.04,95.5,0.2311,True
183.58,1,Glass,-74.29,6.96,87.33,0.0009,False
129.79,1,Concrete,-87.92,15.61,92.32,0.0,False
15.23,0,None,-82.34,38.63,63.71,0.0,False
166.68,2,Glass,-86.73,18.24,88.49,0.0,False
68.42,0,None,-94.89,38.14,76.76,0.0,False
189.2,4,Glass,-98.49,24.9,93.59,0.0,False
120.94,3,Glass,-87.08,19.38,87.71,0.0,False
142.06,4,Concrete,-74.19,-28.92,123.1,0.4776,True
145.24,2,Concrete,-91.61,8.31,103.3,0.0002,False
91.83,3,Concrete,-67.63,-21.69,109.31,0.4542,True
12.05,4,Concrete,-98.16,16.49,101.67,0.0,False
170.73,0,None,-69.88,5.18,84.7,0.0047,False
98.1,2,Glass,-77.85,13.96,83.89,0.0,False
22.06,0,None,-71.85,24.92,66.93,0.0,False
135.99,4,Glass,-86.48,15.75,90.72,0.0,False
152.78,0,None,-83.76,20.03,83.74,0.0,False
152.89,2,Concrete,-82.52,-1.22,103.74,0.1172,True
107.68,4,Glass,-87.12,18.42,88.7,0.0,False
124.48,1,Glass,-90.31,26.35,83.96,0.0,False
53.73,2,Concrete,-89.79,15.13,94.66,0.0,False
51.14,4,Concrete,-86.51,-7.72,114.23,0.2824,True
181.55,4,Glass,-78.0,4.77,93.23,0.0067,False
17.02,3,Glass,-80.59,29.92,70.67,0.0,False
84.19,2,Concrete,-67.77,-10.79,98.56,0.3383,True
191.99,2,Concrete,-87.42,1.71,105.72,0.0447,False
59.45,2,Concrete,-65.12,-10.42,95.54,0.3383,True
159.76,3,Concrete,-72.26,-21.87,114.12,0.4584,True
39.52,4,Concrete,-79.3,-12.69,111.99,0.3683,True
28.99,2,Glass,-93.83,40.53,73.3,0.0,False
82.29,4,Concrete,-74.05,-24.32,118.36,0.4612,True
28.83,4,Glass,-77.53,20.28,77.25,0.0,False
45.64,1,Glass,-63.51,8.27,75.24,0.0,False
154.1,2,Concrete,-68.88,-14.93,103.81,0.4075,True
152.68,1,Concrete,-67.5,-6.23,93.73,0.2441,True
31.99,4,Concrete,-88.32,-1.84,110.16,0.1247,True
51.21,0,None,-97.59,43.35,74.24,0.0,False
10.04,2,Glass,-87.02,42.93,64.09,0.0,False
26.45,3,Concrete,-82.24,3.74,98.5,0.0161,False
37.46,1,Concrete,-66.81,5.28,81.52,0.0053,False
185.89,4,Glass,-91.93,18.49,93.44,0.0,False
26.81,2,Glass,-88.8,36.18,72.62,0.0,False
113.98,4,Concrete,-65.94,-35.25,121.19,0.4874,True
61.45,2,Concrete,-84.0,8.17,95.83,0.0,False
190.95,2,Concrete,-93.36,7.69,105.67,0.0002,False
112.29,3,Glass,-91.03,23.97,87.06,0.0,False
83.73,3,Glass,-71.65,7.14,84.51,0.0007,False
122.67,1,Glass,-86.62,22.79,83.83,0.0,False
143.21,2,Concrete,-76.08,-7.09,103.17,0.2677,True
82.18,4,Glass,-87.75,21.4,86.35,0.0,False
67.84,1,Glass,-74.75,16.06,78.68,0.0,False
86.66,0,None,-70.33,11.52,78.81,0.0,False
145.3,1,Concrete,-64.56,-8.74,93.3,0.3011,True
79.13,4,Glass,-90.4,24.38,86.02,0.0,False
185.64,1,Concrete,-85.95,10.52,95.43,0.0,False
14.61,4,Concrete,-68.89,-14.46,103.35,0.4026,True
92.19,4,Glass,-65.89,-1.46,87.35,0.1204,True
179.07,2,Concrete,-93.31,8.2,105.11,0.0,False
26.09,1,Concrete,-91.96,33.57,78.38,0.0,False
114.92,1,Concrete,-63.45,-7.81,91.26,0.2736,True
67.97,3,Concrete,-89.52,2.82,106.7,0.0273,False
102.97,1,Glass,-72.9,10.6,82.31,0.0,False
22.15,2,Concrete,-77.69,10.73,86.96,0.0,False
58.49,3,Concrete,-61.1,-24.29,105.4,0.4613,True
123.97,1,Glass,-66.28,2.36,83.92,0.0319,False
127.69,2,Glass,-78.96,12.79,86.18,0.0,False
94.93,1,Glass,-97.73,36.13,81.6,0.0,False
35.83,0,None,-85.84,34.7,71.14,0.0,False
153.88,3,Glass,-87.03,17.23,89.8,0.0,False
24.18,3,Concrete,-83.72,6.0,97.72,0.0021,False
42.79,2,Concrete,-79.14,6.45,92.68,0.0014,False
65.18,1,Concrete,-67.81,1.47,86.34,0.0452,False
148.95,4,Concrete,-70.85,-32.66,123.51,0.4879,True
95.49,2,Glass,-84.75,21.1,83.65,0.0,False
197.48,0,None,-80.22,14.25,85.96,0.0,False
32.81,2,Glass,-96.0,41.63,74.37,0.0,False
104.9,4,Concrete,-63.67,-36.8,120.47,0.4927,True
47.04,2,Glass,-70.23,12.73,77.5,0.0,False
134.62,2,Glass,-81.43,14.8,86.64,0.0,False
169.18,4,Concrete,-90.81,-13.81,124.62,0.3927,True
151.21,4,Concrete,-60.78,-42.87,123.65,0.5071,True
79.0,1,Concrete,-88.42,20.41,88.01,0.0,False
199.74,3,Glass,-96.12,24.05,92.06,0.0,False
39.9,1,Glass,-74.23,20.15,74.07,0.0,False
56.63,3,Concrete,-89.46,4.35,105.12,0.0079,False
90.08,2,Concrete,-92.33,13.19,99.15,0.0,False
163.65,4,Glass,-68.54,-3.79,92.33,0.1747,True
124.25,1,Concrete,-91.91,19.97,91.94,0.0,False
158.33,4,Glass,-65.92,-6.12,92.05,0.2435,True
19.98,4,Concrete,-99.4,13.34,106.07,0.0,False
96.92,0,None,-81.79,22.01,79.78,0.0,False
88.41,4,Glass,-62.3,-4.69,86.98,0.2063,True
66.67,2,Glass,-78.97,18.43,80.53,0.0,False
182.51,2,Concrete,-61.29,-23.99,105.28,0.463,True
32.68,3,Glass,-64.1,7.76,76.34,0.0003,False
171.33,2,Glass,-78.0,9.27,88.73,0.0,False
116.21,2,Glass,-71.34,5.98,85.36,0.0033,False
25.15,0,None,-86.42,38.36,68.06,0.0,False
59.44,2,Concrete,-78.17,2.63,95.54,0.0299,False
107.48,2,Concrete,-69.88,-10.8,100.68,0.3453,True
40.35,4,Glass,-62.09,1.92,80.17,0.0368,False
164.94,4,Concrete,-75.98,-28.42,124.4,0.4742,True
78.11,3,Glass,-89.75,25.84,83.91,0.0,False
95.02,2,Concrete,-83.15,3.54,99.61,0.0163,False
147.12,2,Glass,-66.86,-0.54,87.41,0.0918,False
162.8,1,Concrete,-64.05,-10.23,94.29,0.3287,True
176.87,4,Concrete,-65.79,-39.22,125.01,0.4968,True
46.72,3,Glass,-99.67,40.23,79.44,0.0,False
64.27,0,None,-71.34,15.13,76.21,0.0,False
190.55,0,None,-76.77,11.12,85.65,0.0,False
187.8,0,None,-82.03,16.5,85.53,0.0,False
163.98,0,None,-99.34,34.99,84.35,0.0,False
184.48,2,Concrete,-62.12,-23.25,105.37,0.476,True
125.67,4,Concrete,-94.57,-7.47,122.04,0.2741,True
66.55,4,Concrete,-68.22,-28.3,116.52,0.475,True
69.03,1,Concrete,-96.61,29.78,86.83,0.0,False
160.82,4,Concrete,-75.93,-28.25,124.18,0.4666,True
20.38,1,Glass,-86.48,38.24,68.24,0.0,False
165.16,2,Glass,-82.35,13.94,88.41,0.0,False
183.1,1,Concrete,-96.43,21.12,95.31,0.0,False
166.6,2,Concrete,-94.76,10.28,104.49,0.0001,False
75.31,4,Glass,-88.77,23.18,85.59,0.0,False
76.92,1,Concrete,-71.69,3.91,87.77,0.0118,False
117.68,1,Glass,-61.75,-1.71,83.47,0.1249,True
118.05,2,Glass,-91.45,25.96,85.5,0.0,False
193.1,2,Glass,-61.72,-8.05,89.77,0.2895,True
117.24,2,Glass,-92.46,27.03,85.44,0.0,False
119.79,3,Concrete,-77.17,-14.46,111.62,0.3967,True
25.27,2,Glass,-94.28,42.18,72.11,0.0,False
177.78,2,Concrete,-85.87,0.82,105.05,0.0628,False
42.7,4,Glass,-70.25,9.59,80.66,0.0001,False
35.89,1,Glass,-75.98,22.83,73.15,0.0,False
156.44,4,Glass,-62.08,-9.86,91.94,0.3231,True
76.31,4,Concrete,-75.02,-22.69,117.71,0.4548,True
156.73,3,Concrete,-97.67,3.72,113.96,0.0148,False
74.58,0,None,-74.48,16.97,77.51,0.0,False
102.63,4,Glass,-67.88,-0.4,88.28,0.0853,False
191.2,1,Concrete,-75.97,0.28,95.68,0.075,False
14.64,2,Concrete,-82.7,19.34,83.37,0.0,False
163.5,2,Glass,-83.99,15.67,88.32,0.0,False
146.66,4,Concrete,-98.72,-4.66,123.38,0.2089,True
112.86,4,Concrete,-79.44,-21.67,121.11,0.4596,True
131.23,0,None,-95.55,33.14,82.41,0.0,False
187.01,2,Concrete,-78.0,-7.5,105.49,0.2739,True
153.27,0,None,-97.12,33.36,83.76,0.0,False
142.66,3,Glass,-84.75,15.61,89.14,0.0,False
117.55,0,None,-97.27,35.81,81.46,0.0,False
134.78,1,Glass,-87.06,22.41,84.65,0.0,False
69.18,3,Concrete,-73.34,-13.52,106.85,0.3803,True
158.61,0,None,-75.95,11.89,84.06,0.0,False
20.44,2,Glass,-76.63,26.36,70.26,0.0,False
185.11,4,Glass,-91.89,18.49,93.4,0.0,False
147.89,2,Concrete,-85.88,2.43,103.45,0.0301,False
194.86,3,Concrete,-95.38,-0.47,115.85,0.0926,False
111.71,2,Glass,-60.35,-4.67,85.02,0.2044,True
146.66,1,Concrete,-92.86,19.48,93.38,0.0,False
91.77,0,None,-83.44,24.14,79.31,0.0,False
147.97,0,None,-63.6,0.14,83.46,0.0793,False
110.38,1,Concrete,-86.23,15.32,90.91,0.0,False
193.37,1,Glass,-85.93,18.14,87.78,0.0,False
35.7,4,Concrete,-87.93,-3.17,111.11,0.1629,True
170.5,2,Glass,-73.09,4.4,88.69,0.0104,False
117.69,3,Concrete,-87.17,-4.3,111.47,0.1992,True
81.6,0,None,-88.51,30.22,78.29,0.0,False
144.85,2,Concrete,-90.4,7.12,103.27,0.0005,False
151.7,0,None,-63.08,-0.59,83.67,0.091,False
172.92,2,Concrete,-92.62,7.81,104.81,0.0003,False
126.92,2,Glass,-66.86,0.73,86.12,0.0631,False
117.62,3,Glass,-81.1,13.64,87.46,0.0,False
175.76,3,Concrete,-84.8,-10.16,114.95,0.327,True
172.84,3,Concrete,-92.2,-2.61,114.81,0.1471,True
164.39,0,None,-63.6,-0.77,84.37,0.0995,False
65.13,4,Glass,-74.33,10.0,84.33,0.0,False
29.15,3,Concrete,-82.36,3.01,99.35,0.0236,False
194.31,0,None,-64.57,-1.25,85.82,0.1121,True
21.04,3,Glass,-69.65,17.14,72.52,0.0,False
154.58,1,Glass,-72.7,6.86,85.84,0.0011,False
28.98,1,Glass,-94.29,42.99,71.3,0.0,False
24.43,3,Concrete,-66.47,-11.35,97.81,0.3615,True
27.25,2,Concrete,-64.53,-4.23,88.76,0.1934,True
69.37,2,Concrete,-67.87,-9.0,96.88,0.3048,True
166.93,4,Concrete,-61.05,-43.46,124.5,0.4905,True
74.59,4,Concrete,-95.83,-1.67,117.51,0.1224,True
49.43,0,None,-66.43,12.5,73.93,0.0,False
184.9,2,Glass,-72.55,3.16,89.39,0.0188,False
182.17,3,Concrete,-80.8,-14.47,115.26,0.3945,True
94.55,0,None,-81.58,22.01,79.57,0.0,False
81.61,1,Glass,-94.41,34.12,80.29,0.0,False
99.53,0,None,-66.59,6.57,80.01,0.0004,False
28.04,0,None,-97.83,48.82,69.01,0.0,False
15.95,0,None,-71.97,27.86,64.11,0.0,False
47.52,2,Concrete,-97.08,23.49,93.59,0.0,False
159.51,3,Glass,-66.91,-3.2,90.11,0.1655,True
41.74,2,Concrete,-67.64,-4.83,92.47,0.208,True
170.07,3,Glass,-74.85,4.18,90.67,0.0088,False
155.8,0,None,-85.74,21.84,83.91,0.0,False
114.44,3,Concrete,-90.08,-1.15,111.23,0.1098,True
105.24,4,Concrete,-91.79,-8.71,120.5,0.3049,True
44.25,2,Concrete,-85.58,12.61,92.97,0.0,False
85.08,2,Glass,-81.98,19.33,82.65,0.0,False
164.83,3,Concrete,-98.23,3.84,114.4,0.0141,False
154.07,1,Concrete,-81.94,8.13,93.81,0.0002,False
87.49,0,None,-85.21,26.32,78.89,0.0,False
138.97,3,Glass,-97.02,28.11,88.91,0.0,False
34.46,1,Glass,-68.8,16.0,72.8,0.0,False
29.22,0,None,-69.87,20.5,69.37,0.0,False
45.93,4,Concrete,-69.27,-24.03,113.3,0.464,True
164.7,4,Concrete,-78.3,-26.08,124.39,0.4796,True
149.48,3,Glass,-88.1,18.55,89.55,0.0,False
123.28,4,Concrete,-71.84,-30.03,121.87,0.4908,True
147.68,2,Concrete,-96.43,12.99,103.44,0.0,False
26.26,0,None,-81.36,32.92,68.44,0.0,False
38.48,3,Concrete,-74.09,-7.67,101.76,0.2742,True
83.31,0,None,-73.37,14.9,78.47,0.0,False
45.71,1,Concrete,-85.82,22.57,83.25,0.0,False
60.08,2,Glass,-91.61,31.98,79.63,0.0,False
66.71,0,None,-90.33,33.8,76.54,0.0,False
89.06,3,Concrete,-79.26,-9.79,109.05,0.3191,True
187.65,4,Glass,-89.16,15.64,93.52,0.0,False
137.71,1,Concrete,-64.96,-7.87,92.83,0.2856,True
26.57,0,None,-85.36,36.82,68.54,0.0,False
95.58,1,Concrete,-81.37,11.71,89.66,0.0,False
191.32,0,None,-84.55,18.86,85.69,0.0,False
10.58,4,Concrete,-82.11,1.56,100.54,0.0467,False
187.16,0,None,-97.23,31.73,85.5,0.0,False
134.37,2,Glass,-98.7,32.08,86.62,0.0,False
36.54,2,Concrete,-96.88,25.57,91.31,0.0,False
84.73,4,Concrete,-80.71,-17.9,118.61,0.4317,True
57.65,2,Concrete,-92.34,17.07,95.27,0.0,False
74.34,2,Concrete,-80.64,3.16,97.48,0.0199,False
155.39,2,Concrete,-84.21,0.33,103.88,0.0711,False
72.17,3,Glass,-79.24,16.02,83.22,0.0,False
160.6,2,Concrete,-60.14,-24.03,104.17,0.4711,True
72.22,1,Concrete,-64.21,-3.02,87.23,0.1549,True
67.76,0,None,-74.54,17.86,76.67,0.0,False
148.33,0,None,-93.63,30.15,83.48,0.0,False
33.1,0,None,-65.36,14.91,70.45,0.0,False
59.75,0,None,-75.66,20.08,75.58,0.0,False
183.26,4,Glass,-84.73,11.41,93.32,0.0,False
161.33,1,Concrete,-70.25,-3.96,94.21,0.1871,True
102.38,4,Glass,-75.64,7.38,88.26,0.0005,False
148.53,1,Glass,-89.96,24.47,85.49,0.0,False
74.52,3,Concrete,-98.45,10.95,107.5,0.0,False
169.68,4,Glass,-71.15,-1.5,92.65,0.1188,True
147.84,4,Glass,-78.7,7.25,91.45,0.0005,False
182.08,4,Concrete,-68.9,-36.36,125.26,0.4912,True
18.39,0,None,-72.01,26.67,65.35,0.0,False
72.03,1,Concrete,-72.01,4.81,87.2,0.0057,False
183.04,3,Glass,-89.69,18.38,91.31,0.0,False
110.79,2,Concrete,-93.64,12.7,100.94,0.0,False
137.19,4,Glass,-83.44,12.64,90.8,0.0,False
154.8,4,Concrete,-84.77,-19.08,123.85,0.4302,True
57.65,0,None,-78.12,22.85,75.27,0.0,False
107.18,2,Glass,-74.26,9.61,84.66,0.0,False
60.84,4,Concrete,-61.55,-34.19,115.74,0.4872,True
102.23,0,None,-98.53,38.28,80.25,0.0,False
191.97,0,None,-72.81,7.09,85.72,0.0005,False
49.33,1,Concrete,-72.76,8.84,83.92,0.0,False
180.87,1,Glass,-67.66,0.46,87.2,0.0711,False
21.57,3,Glass,-65.94,13.21,72.73,0.0,False
171.66,4,Glass,-98.41,25.66,92.75,0.0,False
174.11,0,None,-94.97,30.1,84.87,0.0,False
16.58,2,Concrete,-98.14,33.7,84.44,0.0,False
143.69,2,Glass,-88.2,21.0,87.2,0.0,False
168.65,0,None,-71.21,6.61,84.59,0.001,False
191.69,3,Glass,-69.98,-1.73,91.71,0.124,True
92.9,4,Concrete,-64.75,-34.66,119.41,0.493,True
96.86,0,None,-63.46,3.68,79.78,0.0163,False
58.41,4,Glass,-71.04,7.66,83.38,0.0003,False
167.87,2,Concrete,-79.25,-5.3,104.55,0.2174,True
70.99,0,None,-95.85,38.77,77.08,0.0,False
12.06,3,Concrete,-90.91,19.24,91.68,0.0,False
85.83,4,Glass,-90.57,23.85,86.73,0.0,False
113.34,3,Glass,-91.02,23.88,87.14,0.0,False
188.89,3,Glass,-74.39,2.82,91.58,0.0219,False
22.55,3,Concrete,-87.91,10.8,97.12,0.0,False
95.9,1,Glass,-91.49,29.79,81.69,0.0,False
82.31,0,None,-79.1,20.74,78.36,0.0,False
82.64,4,Glass,-97.54,31.14,86.4,0.0,False
101.0,3,Glass,-65.51,-0.63,86.14,0.0927,False
72.54,0,None,-82.87,25.6,77.27,0.0,False
73.45,3,Glass,-87.03,23.66,83.37,0.0,False
147.15,3,Glass,-92.78,23.37,89.41,0.0,False
119.14,4,Concrete,-71.09,-30.49,121.58,0.4888,True
98.71,0,None,-73.57,13.63,79.94,0.0,False
28.24,2,Concrete,-70.62,1.55,89.07,0.0475,False
21.91,4,Glass,-80.44,25.57,74.87,0.0,False
26.43,2,Concrete,-98.37,29.87,88.5,0.0,False
12.78,4,Concrete,-75.25,-6.93,102.18,0.256,True
183.59,2,Concrete,-60.14,-25.2,105.33,0.4707,True
77.09,1,Concrete,-93.79,26.0,87.79,0.0,False
89.96,4,Glass,-86.58,19.45,87.13,0.0,False
142.43,2,Concrete,-82.33,-0.79,103.13,0.0949,False
74.95,1,Concrete,-76.14,8.59,87.55,0.0,False
11.7,2,Concrete,-94.58,33.16,81.42,0.0,False
38.91,1,Concrete,-77.73,15.87,81.86,0.0,False
10.29,0,None,-73.49,33.18,60.31,0.0,False
166.23,2,Concrete,-66.11,-18.36,104.47,0.4305,True
72.04,2,Concrete,-70.45,-6.76,97.21,0.2498,True
116.53,2,Glass,-82.54,17.15,85.38,0.0,False
44.64,0,None,-97.58,44.53,73.05,0.0,False
101.61,3,Glass,-69.97,3.78,86.19,0.0137,False
97.54,4,Glass,-76.89,9.05,87.84,0.0,False
196.04,4,Concrete,-97.64,-8.27,125.9,0.2954,True
25.23,0,None,-92.85,44.76,68.09,0.0,False
98.31,4,Concrete,-89.4,-10.51,119.91,0.3354,True
44.81,0,None,-97.42,44.34,73.08,0.0,False
145.43,3,Glass,-79.12,9.81,89.31,0.0001,False
83.46,0,None,-74.92,16.43,78.48,0.0,False
130.65,3,Glass,-94.01,25.64,88.38,0.0,False
110.16,3,Glass,-68.28,1.38,86.89,0.0499,False
133.82,3,Glass,-71.3,2.72,88.58,0.0233,False
57.68,0,None,-82.73,27.46,75.28,0.0,False
65.36,4,Glass,-63.91,-0.45,84.36,0.0841,False
157.89,4,Concrete,-98.26,-5.76,124.02,0.2373,True
151.96,0,None,-78.33,14.64,83.69,0.0,False
187.68,3,Concrete,-88.12,-7.41,115.52,0.2714,True
32.57,4,Concrete,-68.39,-21.92,110.31,0.4629,True
189.4,4,Glass,-75.86,2.26,93.6,0.0326,False
88.14,3,Glass,-77.4,12.44,84.96,0.0,False
48.06,2,Glass,-78.5,20.81,77.69,0.0,False
71.83,4,Glass,-67.51,2.33,85.18,0.0296,False
56.69,4,Glass,-79.06,15.94,83.12,0.0,False
184.82,0,None,-85.18,19.79,85.39,0.0,False
191.57,0,None,-64.81,-0.89,85.7,0.1016,True
52.42,3,Concrete,-91.53,7.09,104.44,0.0001,False
154.21,3,Concrete,-71.49,-22.33,113.82,0.4671,True
108.54,1,Glass,-99.09,36.32,82.77,0.0,False
117.67,4,Concrete,-98.74,-2.72,121.47,0.149,True
12.37,3,Concrete,-88.78,16.87,91.9,0.0,False
44.91,0,None,-89.03,35.93,73.1,0.0,False
127.98,1,Concrete,-91.94,19.74,92.2,0.0,False
184.14,3,Glass,-72.16,0.8,91.36,0.0595,False
24.86,0,None,-63.44,15.48,67.97,0.0,False
53.6,1,Concrete,-86.23,21.59,84.64,0.0,False
181.99,4,Concrete,-72.24,-33.01,125.26,0.4924,True
117.95,1,Glass,-68.01,4.52,83.49,0.0091,False
161.41,4,Glass,-93.38,21.17,92.21,0.0,False
193.0,2,Glass,-90.14,20.38,89.77,0.0,False
49.17,2,Concrete,-63.79,-10.1,93.89,0.3347,True
115.42,4,Concrete,-89.69,-11.61,121.3,0.3526,True
69.7,1,Glass,-80.16,21.24,78.92,0.0,False
199.08,0,None,-69.46,3.42,86.03,0.0177,False
124.17,2,Glass,-90.44,24.51,85.93,0.0,False
107.42,3,Concrete,-88.31,-2.37,110.68,0.1384,True
38.27,1,Glass,-94.79,41.08,73.71,0.0,False
176.88,2,Glass,-66.15,-2.86,89.01,0.1499,True
74.87,1,Concrete,-85.85,18.3,87.54,0.0,False
46.25,4,Glass,-72.31,10.96,81.36,0.0,False
182.58,1,Concrete,-88.72,13.44,95.28,0.0,False
40.67,1,Concrete,-94.36,32.12,82.24,0.0,False
146.26,2,Glass,-64.12,-3.24,87.36,0.1614,True
82.22,0,None,-79.7,21.34,78.35,0.0,False
63.39,2,Concrete,-60.72,-15.37,96.09,0.4052,True
21.72,0,None,-82.46,35.67,66.79,0.0,False
12.72,4,Concrete,-74.12,-8.02,102.14,0.2848,True
113.36,3,Glass,-64.72,-2.42,87.14,0.1429,True
131.88,2,Glass,-78.38,11.92,86.46,0.0,False
175.19,0,None,-81.06,16.13,84.92,0.0,False
166.34,0,None,-85.83,21.35,84.47,0.0,False
23.81,4,Glass,-70.42,14.84,75.59,0.0,False
151.87,2,Glass,-81.22,13.54,87.68,0.0,False
138.84,1,Glass,-64.93,0.02,84.9,0.0802,False
49.98,4,Concrete,-80.9,-13.13,114.03,0.3727,True
165.76,1,Glass,-82.54,16.1,86.44,0.0,False
81.29,3,Glass,-81.18,16.93,84.26,0.0,False
140.86,0,None,-80.25,17.22,83.03,0.0,False
33.42,1,Glass,-92.2,39.67,72.53,0.0,False
81.02,0,None,-63.27,5.04,78.23,0.0052,False
58.61,4,Glass,-74.0,10.59,83.41,0.0,False
120.06,3,Concrete,-95.75,4.11,111.64,0.0105,False
20.32,1,Concrete,-93.05,36.84,76.21,0.0,False
20.54,0,None,-96.52,50.21,66.31,0.0,False
109.34,4,Concrete,-73.55,-27.28,120.83,0.4823,True
175.64,0,None,-69.93,4.98,84.95,0.0045,False
67.85,2,Concrete,-73.4,-3.28,96.68,0.1675,True
89.96,3,Glass,-79.47,14.33,85.14,0.0,False
27.25,1,Glass,-68.93,18.17,70.76,0.0,False
133.78,3,Glass,-88.97,20.39,88.58,0.0,False
176.45,3,Concrete,-86.1,-8.89,114.99,0.3109,True
114.22,1,Glass,-91.2,27.99,83.21,0.0,False
164.72,1,Glass,-71.44,5.05,86.39,0.0059,False
147.68,4,Concrete,-89.15,-14.29,123.44,0.39,True
25.52,0,None,-94.87,46.68,68.19,0.0,False
172.89,4,Concrete,-86.81,-18.0,124.81,0.4269,True
117.93,3,Glass,-67.14,-0.35,87.49,0.0907,False
97.2,4,Concrete,-63.62,-36.18,119.81,0.4858,True
64.95,3,Concrete,-93.85,7.54,106.31,0.0005,False
183.92,0,None,-78.88,13.53,85.35,0.0,False
11.64,2,Concrete,-61.06,-0.31,81.37,0.0907,False
189.02,2,Concrete,-72.71,-12.88,105.58,0.3777,True
154.34,3,Concrete,-84.9,-8.92,113.82,0.3104,True
33.81,1,Concrete,-93.26,32.62,80.64,0.0,False
20.76,1,Concrete,-85.46,29.06,76.4,0.0,False
24.5,2,Concrete,-89.58,21.74,87.84,0.0,False
49.61,4,Glass,-64.54,2.58,81.97,0.028,False
67.42,0,None,-70.49,13.86,76.63,0.0,False
19.6,0,None,-65.51,19.61,65.9,0.0,False
125.36,1,Concrete,-95.78,23.76,92.02,0.0,False
100.35,3,Glass,-75.44,9.35,86.08,0.0,False
145.48,1,Concrete,-73.25,-0.06,93.31,0.084,False
141.45,0,None,-88.24,25.18,83.07,0.0,False
117.08,3,Glass,-76.85,9.42,87.42,0.0001,False
188.3,1,Concrete,-77.32,1.77,95.55,0.044,False
51.8,1,Concrete,-69.12,4.78,84.34,0.0078,False
162.2,0,None,-61.67,-2.59,84.26,0.1461,True
38.62,1,Glass,-71.2,17.41,73.79,0.0,False
143.69,4,Glass,-84.82,13.62,91.2,0.0,False
47.35,1,Concrete,-83.78,20.22,83.56,0.0,False
105.17,4,Glass,-61.78,-6.71,88.49,0.2512,True
28.74,0,None,-84.24,35.02,69.22,0.0,False
131.0,3,Glass,-94.62,26.22,88.4,0.0,False
169.93,2,Glass,-78.0,9.34,88.66,0.0,False
151.57,0,None,-86.02,22.35,83.67,0.0,False
131.75,4,Glass,-75.78,5.33,90.45,0.0048,False
18.05,0,None,-86.13,40.95,65.18,0.0,False
30.55,4,Glass,-66.68,8.93,77.75,0.0,False
155.35,1,Concrete,-74.3,0.42,93.88,0.0691,False
188.98,1,Concrete,-86.17,10.59,95.58,0.0,False
106.81,3,Glass,-71.2,4.57,86.63,0.0086,False
73.5,3,Concrete,-95.09,7.71,107.38,0.0002,False
68.56,0,None,-79.38,22.6,76.78,0.0,False
66.14,1,Concrete,-96.34,29.88,86.46,0.0,False
111.15,4,Concrete,-67.64,-33.33,120.97,0.4932,True
151.72,2,Glass,-81.42,13.74,87.67,0.0,False
139.72,0,None,-77.44,14.48,82.96,0.0,False
15.33,3,Concrete,-80.25,6.48,93.77,0.0018,False
179.69,0,None,-90.14,25.0,85.14,0.0,False
139.84,4,Glass,-70.32,-0.65,90.97,0.0965,False
182.79,2,Glass,-70.36,1.07,89.29,0.056,False
111.92,4,Glass,-81.35,12.32,89.03,0.0,False
92.03,2,Concrete,-93.07,13.74,99.33,0.0,False
135.24,3,Glass,-97.9,29.23,88.68,0.0,False
54.3,2,Concrete,-64.83,-9.92,94.75,0.3264,True
32.63,3,Concrete,-94.0,13.68,100.33,0.0,False
169.82,3,Concrete,-68.67,-25.98,114.65,0.4636,True
193.36,3,Glass,-85.49,13.7,91.78,0.0,False
91.77,4,Concrete,-89.06,-10.25,119.31,0.3331,True
83.32,3,Concrete,-68.0,-20.47,108.47,0.457,True
43.39,2,Glass,-99.34,42.54,76.8,0.0,False
57.59,3,Glass,-77.6,16.33,81.26,0.0,False
113.46,2,Concrete,-63.31,-17.84,101.15,0.4283,True
114.99,1,Concrete,-86.46,15.2,91.27,0.0,False
126.78,4,Concrete,-68.79,-33.33,122.12,0.484,True
130.75,2,Glass,-83.15,16.77,86.38,0.0,False
106.43,3,Concrete,-81.9,-8.7,110.6,0.2969,True
84.0,3,Glass,-88.02,23.48,84.54,0.0,False
107.92,1,Concrete,-65.3,-5.41,90.72,0.2231,True
150.91,3,Concrete,-88.25,-5.38,113.63,0.2257,True
83.62,3,Concrete,-91.86,3.36,108.5,0.0176,False
158.46,0,None,-84.82,20.77,84.05,0.0,False
32.05,0,None,-86.75,36.58,70.17,0.0,False
81.48,4,Concrete,-69.98,-28.3,118.28,0.483,True
164.62,1,Glass,-69.08,2.69,86.38,0.0296,False
170.05,4,Glass,-84.96,12.29,92.67,0.0,False
137.22,1,Glass,-81.47,16.66,84.8,0.0,False
101.82,4,Concrete,-86.89,-13.32,120.21,0.3726,True
153.02,4,Glass,-67.23,-4.52,91.75,0.1999,True
192.34,2,Concrete,-81.6,-4.13,105.74,0.1857,True
118.07,1,Glass,-62.25,-1.25,83.5,0.1108,True
124.26,4,Concrete,-99.24,-2.7,121.94,0.152,True
113.45,3,Glass,-79.41,12.26,87.15,0.0,False
116.82,3,Concrete,-68.74,-22.66,111.4,0.4691,True
102.7,2,Concrete,-62.36,-17.93,100.29,0.421,True
140.88,1,Glass,-85.4,20.37,85.03,0.0,False
96.33,1,Glass,-98.23,36.5,81.73,0.0,False
99.49,1,Concrete,-87.69,17.68,90.01,0.0,False
42.84,4,Glass,-79.5,18.81,80.69,0.0,False
65.87,3,Glass,-73.36,10.93,82.43,0.0,False
112.93,0,None,-81.03,19.92,81.11,0.0,False
165.29,2,Glass,-80.42,12.0,88.42,0.0,False
180.52,2,Concrete,-87.57,2.39,105.18,0.0317,False
113.27,4,Concrete,-97.04,-4.09,121.14,0.1832,True
187.84,0,None,-94.82,29.29,85.53,0.0,False
76.62,0,None,-89.15,31.41,77.74,0.0,False
130.76,0,None,-79.12,16.74,82.38,0.0,False
164.44,4,Glass,-93.99,21.62,92.37,0.0,False
153.2,2,Concrete,-69.4,-14.36,103.76,0.3897,True
172.12,2,Glass,-67.97,-0.8,88.77,0.104,True
172.6,0,None,-60.54,-4.25,84.8,0.1931,True
41.03,4,Concrete,-92.35,0.04,112.32,0.0746,False
198.5,4,Concrete,-73.95,-32.06,126.01,0.489,True
181.65,0,None,-75.91,10.67,85.24,0.0,False
19.95,3,Concrete,-98.4,22.34,96.05,0.0,False
19.08,4,Concrete,-68.82,-16.84,105.67,0.4246,True
21.29,0,None,-76.28,29.66,66.62,0.0,False
118.15,1,Glass,-74.07,10.57,83.5,0.0,False
37.45,0,None,-81.01,29.49,71.52,0.0,False
72.36,1,Glass,-78.0,18.75,79.24,0.0,False
122.77,0,None,-73.16,11.33,81.84,0.0,False
50.01,4,Concrete,-63.22,-30.82,114.03,0.4956,True
106.84,4,Concrete,-64.82,-35.81,120.63,0.4923,True
61.64,1,Glass,-99.56,41.71,77.85,0.0,False
136.93,4,Concrete,-82.02,-20.77,122.78,0.4505,True
114.84,1,Concrete,-62.42,-8.84,91.26,0.3089,True
147.47,2,Glass,-71.21,3.78,87.43,0.0159,False
24.1,0,None,-92.11,44.41,67.7,0.0,False
92.41,1,Concrete,-60.15,-9.21,89.37,0.3089,True
70.79,0,None,-88.4,31.35,77.05,0.0,False
111.05,4,Glass,-67.48,-1.48,88.96,0.1192,True
12.44,3,Glass,-70.68,22.73,67.95,0.0,False
167.23,3,Glass,-74.95,4.43,90.52,0.009,False
128.07,0,None,-82.75,20.55,82.2,0.0,False
189.54,3,Glass,-64.45,-7.15,91.61,0.2621,True
102.27,0,None,-88.82,28.57,80.25,0.0,False
100.49,0,None,-94.44,34.34,80.1,0.0,False
86.09,2,Concrete,-73.98,-4.77,98.75,0.2089,True
198.49,4,Concrete,-87.2,-18.81,126.01,0.4315,True
196.87,2,Glass,-92.56,22.62,89.94,0.0,False
194.4,0,None,-85.02,19.2,85.83,0.0,False
116.81,0,None,-95.34,33.93,81.4,0.0,False
17.24,4,Glass,-87.24,34.46,72.79,0.0,False
179.51,0,None,-72.16,7.03,85.14,0.001,False
64.15,3,Concrete,-94.56,8.36,106.2,0.0003,False
196.37,2,Concrete,-65.69,-20.23,105.92,0.4493,True
168.45,0,None,-66.47,1.89,84.58,0.0389,False
115.98,3,Glass,-86.42,19.08,87.34,0.0,False
158.0,1,Glass,-72.63,6.6,86.03,0.0013,False
54.57,1,Concrete,-90.69,25.89,84.79,0.0,False
167.43,2,Glass,-65.12,-3.41,88.53,0.1695,True
30.16,1,Concrete,-81.95,22.31,79.64,0.0,False
112.34,4,Glass,-94.11,25.05,89.06,0.0,False
46.62,0,None,-91.81,38.38,73.42,0.0,False
161.74,2,Glass,-85.34,17.11,88.23,0.0,False
89.34,0,None,-91.84,32.76,79.08,0.0,False
114.46,4,Glass,-73.13,3.9,89.23,0.0127,False
15.85,2,Concrete,-63.42,-0.64,84.05,0.0954,False
71.66,3,Concrete,-91.72,4.56,107.16,0.0088,False
169.93,2,Glass,-93.89,25.23,88.66,0.0,False
155.2,1,Concrete,-69.96,-3.92,93.87,0.1848,True
169.59,4,Glass,-94.4,21.75,92.64,0.0,False
74.08,3,Concrete,-83.31,-4.14,107.45,0.1851,True
149.98,4,Concrete,-76.33,-27.25,123.57,0.4839,True
130.25,0,None,-72.91,10.56,82.35,0.0,False
61.15,2,Concrete,-80.84,5.06,95.78,0.0049,False
57.56,4,Glass,-74.2,10.94,83.26,0.0,False
85.22,0,None,-60.87,2.2,78.66,0.0313,False
36.11,4,Concrete,-66.88,-24.32,111.21,0.4611,True
36.99,0,None,-74.4,22.99,71.42,0.0,False
54.33,4,Concrete,-77.72,-17.04,114.76,0.4252,True
101.29,1,Glass,-96.84,34.67,82.17,0.0,False
140.94,4,Glass,-90.44,19.41,91.03,0.0,False
81.37,1,Glass,-81.04,20.78,80.26,0.0,False
194.82,3,Concrete,-84.85,-11.0,115.85,0.3516,True
37.32,0,None,-86.72,35.23,71.49,0.0,False
52.93,4,Glass,-94.1,31.57,82.53,0.0,False
50.01,1,Glass,-93.46,37.42,76.03,0.0,False
53.92,0,None,-74.68,19.99,74.69,0.0,False
126.77,0,None,-78.57,16.46,82.11,0.0,False
168.45,4,Concrete,-90.41,-14.17,124.58,0.39,True
120.18,3,Concrete,-99.62,7.97,111.65,0.0003,False
149.66,2,Concrete,-63.64,-19.91,103.56,0.4395,True
153.38,2,Concrete,-80.31,-3.46,103.77,0.1697,True
95.72,0,None,-87.21,27.54,79.67,0.0,False
132.94,0,None,-67.58,5.05,82.53,0.0072,False
69.34,3,Concrete,-68.81,-18.06,106.87,0.4296,True
166.96,3,Concrete,-96.58,2.07,114.51,0.0381,False
27.36,2,Concrete,-87.61,18.82,88.8,0.0,False
85.43,1,Concrete,-68.82,0.13,88.69,0.0767,False
143.03,1,Glass,-66.88,1.72,85.16,0.0439,False
171.17,0,None,-61.19,-3.53,84.72,0.177,True
178.8,2,Glass,-62.69,-6.41,89.1,0.2428,True
14.48,1,Glass,-63.5,18.23,65.27,0.0,False
135.99,4,Glass,-95.09,24.37,90.72,0.0,False
91.53,2,Glass,-61.67,-1.61,83.29,0.1201,True
137.8,4,Concrete,-80.28,-22.56,122.84,0.4638,True
137.44,2,Concrete,-79.79,-3.02,102.82,0.155,True
118.83,1,Concrete,-62.21,-9.34,91.55,0.3213,True
26.58,0,None,-98.04,49.49,68.55,0.0,False
112.24,2,Glass,-97.94,32.88,85.06,0.0,False
125.56,1,Concrete,-81.66,9.63,92.03,0.0,False
54.13,3,Glass,-72.9,12.18,80.72,0.0,False
123.36,1,Concrete,-85.15,13.27,91.88,0.0,False
117.81,2,Glass,-95.19,29.72,85.48,0.0,False
76.66,1,Concrete,-65.82,-1.93,87.75,0.1307,True
64.6,0,None,-83.76,27.5,76.26,0.0,False
49.0,3,Concrete,-84.66,0.8,103.86,0.0587,False
182.91,3,Glass,-71.38,0.08,91.3,0.075,False
132.2,0,None,-93.42,30.94,82.48,0.0,False
151.03,4,Glass,-98.54,26.91,91.64,0.0,False
23.2,2,Glass,-68.81,17.45,71.36,0.0,False
58.67,1,Concrete,-61.3,-4.12,85.42,0.195,True
70.19,4,Glass,-77.01,12.03,84.98,0.0,False
146.19,2,Glass,-87.97,20.62,87.35,0.0,False
131.89,0,None,-69.72,7.26,82.46,0.0009,False
96.16,0,None,-83.66,23.94,79.71,0.0,False
116.05,3,Glass,-71.92,4.57,87.35,0.0082,False
15.41,4,Concrete,-74.0,-9.81,103.81,0.3221,True
44.99,3,Glass,-95.3,36.19,79.12,0.0,False
175.04,0,None,-71.02,6.1,84.92,0.0024,False
132.86,4,Concrete,-66.94,-35.58,122.52,0.4943,True
186.94,1,Glass,-73.27,5.78,87.49,0.0022,False
24.68,1,Glass,-89.83,39.93,69.9,0.0,False
19.71,2,Glass,-84.83,34.89,69.95,0.0,False
67.53,2,Glass,-61.31,0.67,80.64,0.065,False
170.68,4,Glass,-91.79,19.09,92.7,0.0,False
29.61,0,None,-88.93,39.45,69.48,0.0,False
125.31,1,Glass,-88.92,24.9,84.01,0.0,False
129.03,3,Concrete,-68.48,-23.79,112.27,0.4644,True
187.07,1,Concrete,-84.54,9.05,95.49,0.0001,False
12.24,3,Concrete,-99.88,28.07,91.81,0.0,False
174.17,1,Concrete,-72.17,-2.7,94.87,0.1495,True
121.86,1,Glass,-80.22,16.45,83.77,0.0,False
95.6,4,Concrete,-97.98,-1.69,119.66,0.1247,True
107.33,0,None,-73.69,13.02,80.67,0.0,False
21.79,0,None,-71.42,24.6,66.82,0.0,False
108.26,1,Concrete,-92.35,21.61,90.74,0.0,False
185.93,4,Glass,-98.81,25.37,93.44,0.0,False
81.52,0,None,-92.95,34.67,78.28,0.0,False
94.24,4,Glass,-82.81,15.27,87.54,0.0,False
20.43,0,None,-96.94,50.68,66.26,0.0,False
189.88,3,Concrete,-79.82,-15.81,115.62,0.4154,True
39.53,3,Concrete,-72.12,-9.88,101.99,0.3272,True
109.21,0,None,-64.81,3.99,80.82,0.0123,False
48.23,0,None,-80.91,27.19,73.72,0.0,False
117.56,4,Glass,-89.41,19.95,89.46,0.0,False
43.58,3,Glass,-84.18,25.34,78.84,0.0,False
176.43,3,Concrete,-97.81,2.83,114.99,0.0244,False
118.27,3,Concrete,-90.59,-0.92,111.51,0.1034,True
69.51,1,Concrete,-76.79,9.9,86.9,0.0,False
13.81,0,None,-91.89,49.02,62.86,0.0,False
63.45,4,Glass,-60.67,-3.43,84.1,0.1697,True
154.02,4,Glass,-83.29,11.48,91.81,0.0,False
95.77,1,Concrete,-80.31,10.63,89.68,0.0,False
140.88,4,Glass,-72.99,1.96,91.03,0.0381,False
112.51,0,None,-84.68,23.6,81.08,0.0,False
35.55,0,None,-69.51,18.44,71.07,0.0,False
106.31,1,Concrete,-91.94,21.36,90.59,0.0,False
187.43,4,Concrete,-73.72,-31.79,125.51,0.4858,True
103.39,1,Glass,-63.86,1.51,82.34,0.0459,False
124.77,3,Glass,-83.11,15.13,87.98,0.0,False
66.13,4,Glass,-73.37,8.9,84.46,0.0,False
98.83,4,Concrete,-68.54,-31.41,119.95,0.4886,True
111.14,2,Glass,-66.51,1.53,84.97,0.0437,False
42.26,4,Concrete,-81.22,-11.35,112.57,0.3535,True
187.45,1,Glass,-88.9,21.39,87.51,0.0,False
73.65,2,Glass,-62.63,1.24,81.4,0.0486,False
130.25,2,Glass,-62.83,-3.52,86.35,0.1779,True
140.09,2,Glass,-66.03,-0.95,86.98,0.1001,True
151.12,0,None,-79.44,15.79,83.64,0.0,False
195.87,2,Glass,-83.93,14.04,89.89,0.0,False
166.05,4,Concrete,-78.01,-26.45,124.46,0.476,True
86.55,4,Concrete,-88.81,-9.99,118.8,0.3316,True
151.61,3,Concrete,-77.85,-15.81,113.67,0.407,True
132.35,0,None,-66.4,3.91,82.49,0.0125,False
47.64,0,None,-83.59,29.98,73.61,0.0,False
19.75,3,Concrete,-88.54,12.58,95.97,0.0,False
13.62,2,Concrete,-76.68,13.94,82.74,0.0,False
157.47,4,Glass,-72.94,0.95,92.0,0.0571,False
87.83,4,Concrete,-77.78,-21.15,118.93,0.4526,True
157.4,1,Concrete,-72.92,-1.07,93.99,0.1072,True
181.89,1,Glass,-84.04,16.79,87.25,0.0,False
78.05,3,Concrete,-69.23,-18.67,107.9,0.4391,True
38.66,2,Glass,-66.86,11.06,75.8,0.0,False
137.25,2,Glass,-90.21,23.41,86.8,0.0,False
103.18,1,Glass,-62.23,-0.1,82.33,0.0812,False
38.36,1,Glass,-82.46,28.72,73.73,0.0,False
114.39,4,Glass,-83.95,14.72,89.22,0.0,False
72.76,3,Concrete,-89.75,2.45,107.29,0.0309,False
170.22,2,Concrete,-72.13,-12.54,104.67,0.3764,True
179.28,2,Glass,-72.09,2.97,89.12,0.0222,False
19.04,3,Concrete,-70.43,-5.22,95.65,0.2195,True
70.36,3,Glass,-85.19,22.19,83.0,0.0,False
152.53,4,Concrete,-86.13,-17.59,123.72,0.4267,True
119.63,1,Concrete,-82.82,11.21,91.61,0.0,False
53.17,3,Concrete,-65.77,-18.8,104.57,0.4345,True
18.28,1,Glass,-84.82,37.53,67.29,0.0,False
11.76,3,Glass,-68.88,21.41,67.46,0.0,False
114.35,4,Glass,-67.74,-1.48,89.22,0.1162,True
137.79,4,Glass,-95.48,24.65,90.84,0.0,False
189.7,0,None,-83.38,17.76,85.62,0.0,False
29.9,2,Glass,-81.73,28.16,73.57,0.0,False
42.03,3,Concrete,-93.41,10.88,102.53,0.0,False
107.38,3,Glass,-77.86,11.18,86.67,0.0,False
135.5,0,None,-69.9,7.21,82.69,0.0004,False
103.55,1,Glass,-96.12,33.77,82.36,0.0,False
55.4,0,None,-89.5,34.57,74.92,0.0,False
197.62,2,Concrete,-92.34,6.37,105.97,0.0016,False
158.8,2,Concrete,-61.2,-22.87,104.07,0.4578,True
86.32,0,None,-67.03,8.26,78.78,0.0001,False
35.14,1,Concrete,-71.79,10.82,80.97,0.0,False
182.39,4,Glass,-92.91,19.63,93.27,0.0,False
177.0,0,None,-61.31,-3.7,85.01,0.1757,True
70.13,0,None,-88.27,31.29,76.97,0.0,False
135.73,0,None,-89.61,26.9,82.71,0.0,False
32.93,3,Concrete,-60.99,-19.42,100.41,0.4314,True
106.06,3,Concrete,-65.98,-24.59,110.57,0.4619,True
140.49,3,Glass,-74.12,5.11,89.01,0.005,False
53.87,1,Concrete,-93.56,28.88,84.68,0.0,False
160.81,2,Glass,-75.85,7.67,88.18,0.0004,False
117.95,0,None,-66.81,5.32,81.49,0.0043,False
106.31,3,Concrete,-90.17,-0.42,110.59,0.0878,False
43.93,3,Concrete,-63.84,-19.07,102.91,0.4339,True
138.94,2,Glass,-70.07,3.16,86.91,0.0195,False
93.43,4,Concrete,-79.37,-20.09,119.46,0.4444,True
148.07,1,Concrete,-98.36,24.9,93.46,0.0,False
189.66,3,Concrete,-71.35,-24.27,115.61,0.4771,True
133.57,1,Concrete,-72.15,-0.42,92.57,0.0869,False
78.4,1,Concrete,-79.96,12.02,87.94,0.0,False
106.47,0,None,-95.22,34.62,80.6,0.0,False
40.54,2,Glass,-64.01,7.79,76.21,0.0003,False
54.83,4,Concrete,-70.6,-24.24,114.83,0.4625,True
156.94,4,Concrete,-81.4,-22.57,123.97,0.4574,True
60.34,1,Concrete,-83.66,17.99,85.67,0.0,False
87.86,2,Glass,-65.02,2.09,82.93,0.0372,False
54.91,4,Concrete,-89.56,-5.29,114.85,0.2208,True
193.61,2,Glass,-73.3,3.51,89.79,0.0138,False
101.9,0,None,-79.63,19.41,80.22,0.0,False
136.84,4,Glass,-64.37,-6.41,90.78,0.2511,True
119.15,4,Glass,-98.57,28.99,89.58,0.0,False
167.77,1,Concrete,-74.92,0.37,94.55,0.0703,False
32.01,2,Glass,-86.74,32.58,74.16,0.0,False
95.95,1,Concrete,-78.66,8.97,89.69,0.0001,False
105.95,4,Glass,-60.88,-7.68,88.56,0.2757,True
74.64,0,None,-98.66,41.15,77.51,0.0,False
123.95,0,None,-82.69,20.77,81.92,0.0,False
142.84,4,Glass,-89.03,17.88,91.15,0.0,False
128.33,4,Concrete,-76.36,-25.86,122.22,0.4726,True
36.64,3,Concrete,-76.86,-4.47,101.33,0.1982,True
127.19,3,Glass,-81.84,13.7,88.14,0.0,False
165.73,3,Concrete,-96.5,2.06,114.44,0.0368,False
183.14,1,Glass,-90.14,22.83,87.31,0.0,False
171.86,0,None,-67.89,3.13,84.76,0.0198,False
151.73,2,Glass,-95.28,27.6,87.68,0.0,False
146.14,2,Concrete,-67.13,-16.22,103.35,0.4129,True
92.76,4,Glass,-86.16,18.76,87.4,0.0,False
99.99,2,Concrete,-79.03,-1.03,100.05,0.103,True
170.56,1,Glass,-80.4,13.71,86.69,0.0,False
178.09,3,Concrete,-87.56,-7.51,115.07,0.2829,True
100.52,3,Glass,-72.56,6.46,86.1,0.0016,False
45.25,1,Glass,-62.93,7.76,75.17,0.0002,False
82.24,1,Glass,-74.46,14.1,80.36,0.0,False
194.04,1,Glass,-91.59,23.78,87.81,0.0,False
111.86,2,Concrete,-92.13,11.1,101.03,0.0,False
189.92,3,Concrete,-77.76,-17.87,115.63,0.4202,True
140.66,1,Concrete,-62.1,-10.92,93.02,0.3517,True
193.67,0,None,-95.52,29.72,85.8,0.0,False
81.2,1,Glass,-63.31,3.07,80.25,0.0208,False
125.91,0,None,-81.64,19.59,82.06,0.0,False
27.73,4,Glass,-84.04,27.12,76.91,0.0,False
80.24,4,Concrete,-79.93,-18.22,118.14,0.4325,True
156.94,2,Glass,-74.49,6.52,87.97,0.0008,False
101.85,2,Concrete,-68.81,-11.41,100.21,0.3497,True
46.74,0,None,-92.09,38.64,73.45,0.0,False
44.03,3,Concrete,-73.26,-9.67,102.93,0.3304,True
102.9,2,Concrete,-76.94,-3.36,100.3,0.1729,True
143.9,4,Concrete,-75.83,-27.39,123.22,0.4716,True
18.41,0,None,-68.11,22.76,65.35,0.0,False
189.38,1,Glass,-63.79,-3.81,87.6,0.1737,True
126.3,4,Concrete,-76.99,-25.09,122.08,0.4696,True
85.63,1,Concrete,-85.28,16.57,88.71,0.0,False
186.18,1,Concrete,-94.66,19.2,95.45,0.0,False
68.23,4,Glass,-93.87,29.14,84.73,0.0,False
183.48,2,Glass,-94.45,25.12,89.33,0.0,False
101.6,3,Glass,-73.39,7.2,86.19,0.0007,False
15.85,2,Glass,-79.99,31.93,68.06,0.0,False
162.77,0,None,-61.04,-3.25,84.29,0.1685,True
42.39,3,Glass,-87.18,28.58,78.6,0.0,False
83.59,0,None,-69.17,10.67,78.5,0.0,False
32.36,1,Concrete,-66.36,6.1,80.25,0.0022,False
66.38,1,Concrete,-72.95,6.45,86.49,0.0016,False
123.52,2,Glass,-78.51,12.62,85.89,0.0,False
162.58,3,Concrete,-99.19,4.91,114.28,0.006,False
92.1,3,Glass,-77.8,12.46,85.34,0.0,False
51.06,3,Glass,-94.14,33.93,80.22,0.0,False
154.02,3,Glass,-77.75,7.95,89.81,0.0005,False
167.95,3,Concrete,-70.68,-23.88,114.56,0.462,True
125.66,4,Glass,-90.64,20.6,90.04,0.0,False
134.67,1,Glass,-92.51,27.87,84.64,0.0,False
76.64,0,None,-82.29,24.55,77.74,0.0,False
110.44,1,Concrete,-84.85,13.93,90.92,0.0,False
40.97,4,Concrete,-75.42,-16.88,112.3,0.4269,True
121.71,0,None,-97.49,35.73,81.76,0.0,False
68.79,1,Concrete,-88.89,22.08,86.81,0.0,False
45.0,0,None,-64.49,11.37,73.12,0.0,False
108.11,4,Glass,-74.71,5.98,88.73,0.0023,False
181.93,0,None,-74.89,9.64,85.25,0.0,False
11.13,3,Glass,-88.55,41.57,66.98,0.0,False
136.2,3,Concrete,-70.2,-22.54,112.74,0.4538,True
143.33,3,Concrete,-79.27,-13.91,113.18,0.3953,True
164.99,1,Concrete,-65.49,-8.91,94.4,0.3048,True
59.42,4,Concrete,-93.28,-2.25,115.53,0.1426,True
14.4,0,None,-85.47,42.24,63.22,0.0,False
119.68,1,Glass,-62.31,-1.3,83.61,0.1127,True
67.87,4,Glass,-66.97,2.28,84.69,0.0286,False
31.53,3,Concrete,-91.42,11.39,100.03,0.0,False
68.25,0,None,-68.68,11.95,76.74,0.0,False
187.13,2,Concrete,-68.5,-17.0,105.5,0.4198,True
188.54,1,Glass,-98.96,31.4,87.56,0.0,False
183.86,4,Concrete,-69.86,-35.48,125.34,0.4929,True
76.63,1,Concrete,-94.1,26.35,87.74,0.0,False
74.21,3,Concrete,-73.07,-14.39,107.46,0.396,True
70.82,2,Glass,-63.37,2.31,81.06,0.0355,False
195.15,1,Concrete,-60.69,-15.17,95.86,0.4029,True
96.93,1,Glass,-90.37,28.59,81.78,0.0,False
199.97,4,Concrete,-81.76,-24.31,126.07,0.4546,True
33.2,1,Glass,-72.54,20.06,72.48,0.0,False
88.81,2,Glass,-92.12,29.1,83.02,0.0,False
197.49,1,Glass,-72.35,4.39,87.96,0.0102,False
81.43,1,Glass,-71.68,11.41,80.27,0.0,False
98.93,3,Concrete,-84.14,-5.82,109.96,0.2353,True
86.63,3,Concrete,-90.74,1.94,108.81,0.0403,False
169.32,4,Concrete,-92.7,-11.93,124.63,0.3567,True
196.12,3,Concrete,-68.22,-27.69,115.9,0.4769,True
17.04,0,None,-62.68,18.0,64.68,0.0,False
189.67,4,Concrete,-66.72,-38.89,125.61,0.4903,True
122.17,3,Concrete,-75.32,-16.48,111.79,0.4162,True
182.2,4,Concrete,-97.78,-7.49,125.27,0.2747,True
176.24,1,Concrete,-91.52,16.54,94.98,0.0,False
169.61,3,Glass,-89.04,18.4,90.64,0.0,False
45.93,0,None,-79.14,25.85,73.3,0.0,False
68.89,1,Glass,-78.81,19.99,78.82,0.0,False
40.27,4,Concrete,-62.05,-30.1,112.15,0.4779,True
127.25,0,None,-76.87,14.72,82.15,0.0,False
28.15,3,Concrete,-63.87,-15.17,99.04,0.4042,True
132.07,0,None,-61.67,-0.8,82.47,0.0988,False
121.45,2,Glass,-90.97,25.23,85.74,0.0,False
75.77,4,Glass,-60.08,-5.56,85.64,0.2283,True
131.83,4,Concrete,-77.52,-24.93,122.45,0.4689,True
111.71,0,None,-89.72,28.7,81.02,0.0,False
145.15,3,Concrete,-88.63,-4.66,113.29,0.2037,True
126.92,4,Glass,-79.94,9.81,90.12,0.0,False
95.12,4,Glass,-75.42,7.8,87.62,0.0,False
140.35,2,Glass,-98.93,31.93,87.0,0.0,False
133.81,3,Concrete,-94.19,1.61,112.58,0.0453,False
170.59,0,None,-81.35,16.66,84.69,0.0,False
72.15,1,Concrete,-72.46,5.24,87.22,0.0041,False
24.89,2,Concrete,-95.56,27.58,87.97,0.0,False
111.75,0,None,-83.96,22.94,81.02,0.0,False
44.03,3,Glass,-71.59,12.66,78.93,0.0,False
81.03,4,Glass,-92.38,26.15,86.23,0.0,False
51.33,0,None,-71.72,17.45,74.26,0.0,False
150.79,3,Glass,-96.18,26.56,89.62,0.0,False
183.88,3,Concrete,-93.29,-2.05,115.35,0.1274,True
18.52,3,Glass,-87.65,36.25,71.41,0.0,False
111.11,1,Concrete,-88.85,17.88,90.97,0.0,False
74.73,1,Glass,-81.15,21.63,79.52,0.0,False
30.86,3,Glass,-94.0,38.16,75.84,0.0,False
140.54,4,Glass,-74.3,3.29,91.01,0.0218,False
113.76,3,Glass,-83.35,16.18,87.17,0.0,False
97.72,4,Glass,-78.25,10.39,87.85,0.0,False
177.35,1,Concrete,-86.74,11.71,95.03,0.0,False
33.28,2,Glass,-69.78,15.29,74.5,0.0,False
165.68,3,Concrete,-65.52,-28.92,114.44,0.4759,True
55.17,4,Glass,-82.65,19.76,82.89,0.0,False
109.42,2,Concrete,-76.83,-4.0,100.84,0.1878,True
170.67,1,Glass,-80.51,13.81,86.7,0.0,False
158.65,2,Glass,-72.9,4.83,88.06,0.0061,False
178.94,2,Concrete,-81.76,-3.35,105.11,0.1577,True
178.44,2,Concrete,-85.5,0.41,105.08,0.0708,False
43.84,4,Concrete,-79.87,-13.03,112.89,0.38,True
144.67,0,None,-79.3,16.04,83.26,0.0,False
132.75,1,Glass,-96.92,32.4,84.51,0.0,False
125.51,2,Glass,-87.67,21.64,86.03,0.0,False
92.27,1,Concrete,-72.14,2.79,89.36,0.0246,False
118.05,0,None,-64.63,3.13,81.5,0.0193,False
178.73,0,None,-64.91,-0.18,85.1,0.0791,False
199.38,1,Concrete,-83.91,7.87,96.05,0.0002,False
91.52,4,Glass,-60.87,-6.41,87.28,0.2488,True
100.3,1,Concrete,-94.07,23.99,90.08,0.0,False
14.46,4,Glass,-90.82,39.56,71.26,0.0,False
167.73,0,None,-70.71,6.16,84.55,0.0023,False
170.3,2,Glass,-92.9,24.23,88.68,0.0,False
99.66,2,Concrete,-83.4,3.38,100.02,0.018,False
153.83,4,Concrete,-84.8,-19.0,123.79,0.4378,True
189.69,3,Concrete,-61.34,-34.28,115.61,0.4843,True
127.54,0,None,-77.64,15.48,82.17,0.0,False
106.75,4,Concrete,-88.21,-12.41,120.62,0.3514,True
56.08,4,Glass,-95.99,32.96,83.03,0.0,False
155.92,0,None,-85.27,21.35,83.91,0.0,False
30.4,3,Glass,-85.51,29.8,75.71,0.0,False
10.7,0,None,-62.03,21.39,60.65,0.0,False
140.85,3,Glass,-88.26,19.23,89.03,0.0,False
180.8,2,Glass,-66.69,-2.5,89.2,0.1514,True
165.47,2,Concrete,-98.93,14.5,104.43,0.0,False
100.43,1,Concrete,-98.49,28.4,90.09,0.0,False
188.19,3,Concrete,-60.3,-35.25,115.55,0.4887,True
20.69,1,Glass,-71.24,22.88,68.37,0.0,False
97.4,1,Glass,-98.5,36.68,81.83,0.0,False
47.37,1,Glass,-71.23,15.67,75.56,0.0,False
83.74,2,Glass,-93.73,31.22,82.51,0.0,False
176.64,0,None,-85.21,20.21,85.0,0.0,False
180.24,1,Concrete,-85.49,10.32,95.17,0.0,False
139.58,2,Concrete,-70.8,-12.15,102.95,0.3634,True
81.09,0,None,-61.72,3.49,78.23,0.016,False
75.71,4,Glass,-71.17,5.53,85.64,0.0039,False
136.42,0,None,-95.22,32.47,82.75,0.0,False
131.33,4,Concrete,-82.81,-19.61,122.42,0.4459,True
197.06,0,None,-60.46,-5.48,85.95,0.2288,True
38.27,2,Concrete,-64.93,-6.78,91.71,0.2586,True
137.37,0,None,-93.66,30.85,82.81,0.0,False
41.65,0,None,-92.93,40.48,72.45,0.0,False
105.03,1,Glass,-76.19,13.71,82.48,0.0,False
124.71,2,Glass,-90.37,24.4,85.97,0.0,False
145.7,4,Glass,-73.02,1.7,91.32,0.0447,False
108.3,4,Concrete,-63.1,-37.65,120.75,0.4925,True
90.96,4,Concrete,-95.95,-3.28,119.23,0.1664,True
148.34,4,Glass,-70.97,-0.51,91.48,0.0866,False
165.27,4,Glass,-83.22,10.8,92.42,0.0,False
58.1,2,Concrete,-98.2,22.86,95.34,0.0,False
164.03,2,Glass,-93.65,25.29,88.35,0.0,False
29.92,2,Glass,-85.55,31.97,73.57,0.0,False
125.3,1,Concrete,-71.04,-0.97,92.01,0.1024,True
187.37,1,Concrete,-66.71,-8.8,95.51,0.3037,True
148.5,2,Glass,-64.83,-2.66,87.49,0.1478,True
189.6,3,Concrete,-89.35,-6.26,115.61,0.2415,True
114.19,0,None,-76.02,14.81,81.21,0.0,False
185.94,1,Concrete,-94.78,19.34,95.44,0.0,False
61.91,0,None,-60.42,4.53,75.89,0.0079,False
96.65,0,None,-84.44,24.68,79.76,0.0,False
189.34,2,Glass,-73.16,3.56,89.6,0.0155,False
108.63,0,None,-71.23,10.46,80.77,0.0,False
122.19,4,Concrete,-74.13,-27.66,121.79,0.486,True
79.46,0,None,-91.1,33.04,78.06,0.0,False
132.21,4,Concrete,-91.8,-10.68,122.48,0.3382,True
106.39,1,Glass,-60.25,-2.34,82.59,0.1448,True
119.9,0,None,-67.38,5.75,81.63,0.0035,False
195.82,2,Concrete,-96.92,11.03,105.89,0.0,False
85.42,3,Glass,-67.72,3.03,84.68,0.0222,False
173.41,0,None,-99.96,35.12,84.84,0.0,False
133.08,4,Glass,-78.76,8.23,90.54,0.0003,False
161.0,2,Concrete,-80.41,-3.78,104.19,0.1764,True
181.14,0,None,-96.67,31.46,85.21,0.0,False
194.51,3,Concrete,-60.25,-35.58,115.83,0.4893,True
90.04,4,Glass,-79.08,11.93,87.14,0.0,False
73.03,1,Glass,-62.96,3.63,79.32,0.0145,False
121.96,4,Concrete,-76.35,-25.43,121.78,0.4654,True
77.56,4,Concrete,-76.9,-20.95,117.85,0.4544,True
71.62,0,None,-78.52,21.37,77.16,0.0,False
45.92,3,Concrete,-96.26,12.97,103.29,0.0,False
191.49,1,Glass,-97.67,29.97,87.7,0.0,False
128.31,4,Glass,-82.56,12.34,90.22,0.0,False
15.03,4,Concrete,-72.36,-11.23,103.59,0.3461,True
88.36,2,Concrete,-60.62,-18.36,98.98,0.4339,True
192.29,4,Concrete,-79.46,-26.27,125.73,0.4715,True
35.79,2,Glass,-69.88,14.75,75.13,0.0,False
190.44,0,None,-90.64,24.99,85.65,0.0,False
110.07,2,Glass,-75.28,10.39,84.89,0.0,False
114.1,4,Glass,-71.45,2.24,89.2,0.032,False
125.17,0,None,-70.27,8.26,82.0,0.0002,False
116.39,4,Glass,-67.75,-1.62,89.37,0.1224,True
13.56,0,None,-74.79,32.09,62.7,0.0,False
10.11,1,Concrete,-67.26,17.11,70.15,0.0,False
36.56,1,Glass,-87.89,34.57,73.32,0.0,False
105.98,3,Concrete,-73.86,-16.7,110.56,0.417,True
61.81,2,Concrete,-94.87,18.99,95.88,0.0,False
137.74,4,Glass,-96.25,25.41,90.84,0.0,False
43.35,4,Glass,-84.86,24.07,80.79,0.0,False
141.28,2,Glass,-79.38,12.33,87.06,0.0,False
176.03,2,Concrete,-81.07,-3.9,104.97,0.1793,True
195.48,3,Concrete,-92.22,-3.66,115.88,0.1808,True
69.63,0,None,-77.1,20.19,76.91,0.0,False
56.55,4,Concrete,-86.75,-8.36,115.1,0.29,True
180.93,0,None,-88.7,23.5,85.2,0.0,False
64.4,1,Concrete,-73.68,7.45,86.23,0.0003,False
149.48,1,Concrete,-97.16,23.62,93.55,0.0,False
168.55,2,Concrete,-87.1,2.51,104.59,0.0286,False
92.5,1,Concrete,-95.54,26.17,89.38,0.0,False
131.5,3,Glass,-63.62,-4.81,88.43,0.2124,True
152.11,4,Glass,-97.35,25.65,91.7,0.0,False
48.88,2,Glass,-82.66,24.83,77.84,0.0,False
146.59,4,Glass,-64.21,-7.17,91.38,0.2676,True
92.79,4,Glass,-76.59,9.19,87.4,0.0,False
168.84,2,Concrete,-90.23,5.62,104.6,0.0027,False
76.91,2,Glass,-88.5,26.72,81.77,0.0,False
73.2,1,Concrete,-89.94,22.6,87.34,0.0,False
80.87,3,Concrete,-99.67,11.46,108.21,0.0,False
41.28,1,Glass,-95.91,41.54,74.37,0.0,False
136.28,3,Glass,-71.59,2.84,88.74,0.0249,False
159.73,0,None,-99.05,34.93,84.12,0.0,False
195.71,3,Concrete,-85.38,-10.51,115.89,0.3328,True
121.22,3,Concrete,-93.19,1.46,111.73,0.0457,False
115.36,1,Concrete,-93.6,22.3,91.3,0.0,False
142.16,1,Concrete,-75.81,2.7,93.11,0.028,False
166.21,0,None,-82.73,18.26,84.47,0.0,False
43.27,0,None,-72.58,19.81,72.78,0.0,False
197.34,0,None,-77.17,11.21,85.96,0.0,False
132.15,0,None,-95.29,32.81,82.48,0.0,False
198.73,4,Glass,-77.88,3.86,94.02,0.0142,False
55.65,4,Glass,-68.15,5.19,82.96,0.0048,False
25.15,1,Concrete,-84.87,26.81,78.07,0.0,False
174.66,1,Glass,-69.15,2.25,86.9,0.0354,False
124.06,2,Glass,-81.54,15.61,85.93,0.0,False
166.29,0,None,-88.76,24.29,84.47,0.0,False
82.61,3,Concrete,-92.99,4.59,108.4,0.0078,False
185.68,1,Concrete,-63.97,-11.46,95.43,0.3539,True
178.94,0,None,-71.6,6.49,85.11,0.0008,False
68.52,0,None,-95.72,38.94,76.77,0.0,False
14.48,0,None,-82.77,39.5,63.27,0.0,False
121.14,1,Concrete,-86.45,14.73,91.72,0.0,False
196.56,3,Glass,-92.15,20.23,91.92,0.0,False
162.4,1,Concrete,-89.12,14.86,94.27,0.0,False
123.11,3,Concrete,-74.43,-17.43,111.86,0.4313,True
12.57,2,Glass,-67.2,21.16,66.04,0.0,False
83.02,0,None,-98.01,39.57,78.44,0.0,False
38.65,1,Glass,-78.16,24.36,73.8,0.0,False
142.27,4,Glass,-61.42,-9.69,91.12,0.3228,True
23.91,4,Glass,-96.41,40.78,75.62,0.0,False
128.31,1,Concrete,-91.73,19.51,92.22,0.0,False
82.32,0,None,-77.03,18.67,78.36,0.0,False
108.54,2,Glass,-96.85,32.08,84.77,0.0,False
134.48,1,Concrete,-68.38,-4.25,92.63,0.1939,True
29.29,3,Concrete,-62.1,-17.29,99.39,0.4198,True
135.26,0,None,-72.06,9.39,82.68,0.0,False
183.84,3,Glass,-71.41,0.07,91.34,0.0805,False
137.17,1,Concrete,-73.19,0.39,92.8,0.0707,False
122.21,2,Glass,-69.16,3.36,85.8,0.0189,False
178.01,0,None,-84.39,19.33,85.06,0.0,False
141.22,0,None,-85.66,22.61,83.05,0.0,False
127.07,4,Glass,-75.58,5.45,90.14,0.0041,False
194.09,0,None,-61.07,-4.74,85.81,0.2102,True
117.56,4,Glass,-79.61,10.15,89.46,0.0,False
177.82,4,Concrete,-75.76,-29.29,125.05,0.4806,True
114.82,2,Concrete,-67.38,-13.87,101.25,0.3846,True
196.48,0,None,-99.48,33.56,85.92,0.0,False
181.08,1,Concrete,-88.64,13.42,95.21,0.0,False
100.14,3,Concrete,-83.22,-6.85,110.07,0.254,True
139.57,1,Glass,-63.96,-0.99,84.95,0.1042,True
101.75,1,Glass,-68.13,5.93,82.2,0.0032,False
109.35,4,Concrete,-94.59,-6.24,120.83,0.2362,True
148.88,4,Concrete,-87.83,-15.68,123.51,0.4031,True
25.12,0,None,-97.47,49.41,68.06,0.0,False
26.67,1,Glass,-94.01,43.43,70.58,0.0,False
56.36,3,Glass,-66.75,5.68,81.07,0.0031,False
145.87,2,Glass,-70.95,3.61,87.33,0.016,False
54.92,4,Glass,-91.78,28.94,82.85,0.0,False
155.84,3,Glass,-94.55,24.64,89.91,0.0,False
180.02,2,Glass,-64.01,-5.15,89.16,0.214,True
174.61,4,Glass,-63.93,-8.97,92.9,0.3047,True
30.54,1,Glass,-70.93,19.17,71.75,0.0,False
57.06,2,Glass,-81.35,22.17,79.18,0.0,False
25.43,2,Concrete,-91.64,23.48,88.16,0.0,False
197.39,3,Glass,-93.3,21.34,91.96,0.0,False
171.16,1,Concrete,-95.36,20.64,94.72,0.0,False
61.39,0,None,-77.97,22.15,75.82,0.0,False
76.35,4,Concrete,-64.88,-32.83,117.71,0.4842,True
16.18,3,Glass,-65.65,15.41,70.23,0.0,False
62.56,1,Glass,-76.38,18.4,77.98,0.0,False
113.72,2,Concrete,-71.23,-9.94,101.17,0.3253,True
34.75,1,Glass,-79.98,27.11,72.87,0.0,False
90.12,0,None,-94.73,35.58,79.15,0.0,False
153.6,2,Glass,-94.45,26.67,87.78,0.0,False
46.75,4,Glass,-64.35,2.9,81.45,0.0232,False
194.51,2,Concrete,-74.97,-10.86,105.83,0.3403,True
87.87,2,Glass,-95.76,32.83,82.93,0.0,False
172.99,4,Glass,-80.17,7.35,92.81,0.0007,False
28.73,4,Concrete,-98.92,9.7,109.22,0.0,False
65.27,1,Glass,-64.15,5.81,78.35,0.0019,False
12.09,3,Glass,-81.3,33.59,67.71,0.0,False
194.4,4,Glass,-96.32,22.5,93.83,0.0,False
38.64,3,Concrete,-88.74,6.95,101.79,0.0013,False
175.11,1,Glass,-82.7,15.78,86.92,0.0,False
134.04,2,Concrete,-95.28,12.68,102.6,0.0,False
64.69,3,Concrete,-87.64,1.37,106.27,0.0511,False
133.82,2,Concrete,-97.43,14.84,102.58,0.0,False
95.65,2,Glass,-83.07,19.41,83.67,0.0,False
188.42,1,Concrete,-77.42,1.86,95.56,0.0369,False
67.32,2,Concrete,-60.46,-16.16,96.62,0.4098,True
182.69,4,Glass,-88.65,15.36,93.29,0.0,False
19.52,4,Concrete,-92.66,6.8,105.86,0.0013,False
186.83,2,Glass,-61.6,-7.89,89.48,0.2848,True
131.1,4,Glass,-61.31,-9.1,90.41,0.3167,True
178.62,3,Concrete,-78.35,-16.74,115.09,0.417,True
190.38,3,Concrete,-81.98,-13.67,115.65,0.3788,True
79.53,1,Concrete,-98.52,30.45,88.07,0.0,False
101.05,3,Concrete,-93.84,3.69,110.15,0.0157,False
91.71,3,Glass,-99.31,34.01,85.3,0.0,False
19.68,2,Glass,-83.33,33.39,69.93,0.0,False
84.16,1,Concrete,-63.81,-4.74,88.56,0.2097,True
87.01,2,Glass,-90.51,27.67,82.85,0.0,False
191.56,1,Glass,-74.36,6.66,87.7,0.0011,False
158.08,1,Glass,-65.44,-0.59,86.03,0.0946,False
100.67,2,Concrete,-92.6,12.49,100.11,0.0,False
154.51,4,Glass,-87.06,15.22,91.83,0.0,False
66.87,4,Concrete,-95.14,-1.42,116.56,0.1161,True
184.2,1,Glass,-72.13,4.77,87.36,0.0075,False
84.39,2,Glass,-88.08,25.5,82.58,0.0,False
169.88,3,Concrete,-62.99,-31.66,114.66,0.4885,True
24.98,0,None,-99.27,51.26,68.01,0.0,False
171.3,3,Glass,-96.4,25.67,90.73,0.0,False
99.27,0,None,-74.4,14.41,79.99,0.0,False
68.65,2,Glass,-68.6,7.81,80.79,0.0006,False
102.09,2,Glass,-73.61,9.38,84.23,0.0,False
139.94,4,Glass,-68.8,-2.17,90.97,0.1331,True
178.14,1,Glass,-91.66,24.59,87.07,0.0,False
199.63,2,Concrete,-61.22,-24.84,106.06,0.4673,True
177.49,3,Glass,-87.22,16.18,91.04,0.0,False
27.75,1,Concrete,-99.59,40.68,78.92,0.0,False
15.56,3,Glass,-71.27,21.38,69.89,0.0,False
171.6,1,Glass,-91.88,25.14,86.74,0.0,False
113.99,3,Glass,-66.33,-0.86,87.19,0.0982,False
38.81,3,Concrete,-82.11,0.28,101.83,0.0697,False
31.07,2,Glass,-98.9,45.0,73.9,0.0,False
60.81,2,Glass,-86.47,26.74,79.73,0.0,False
156.22,4,Glass,-70.85,-1.08,91.93,0.1098,True
145.38,1,Glass,-74.05,8.75,85.3,0.0,False
145.43,0,None,-65.83,2.52,83.31,0.0272,False
84.51,0,None,-83.82,25.23,78.59,0.0,False
39.52,4,Concrete,-77.46,-14.53,111.99,0.3915,True
156.69,0,None,-78.87,14.91,83.96,0.0,False
192.75,0,None,-85.48,19.73,85.75,0.0,False
112.58,0,None,-95.27,34.18,81.08,0.0,False
41.38,3,Concrete,-77.44,-4.95,102.39,0.2139,True
100.73,4,Glass,-91.78,23.66,88.12,0.0,False
22.12,3,Concrete,-78.27,1.32,96.95,0.0544,False
130.47,4,Concrete,-77.2,-25.17,122.36,0.4668,True
147.49,2,Glass,-72.71,5.28,87.43,0.0049,False
179.07,4,Concrete,-88.38,-16.73,125.11,0.4184,True
85.12,4,Glass,-70.92,4.27,86.65,0.0103,False
40.78,2,Glass,-75.05,18.79,76.26,0.0,False
152.56,2,Glass,-81.44,13.71,87.72,0.0,False
88.09,1,Concrete,-90.88,21.93,88.95,0.0,False
144.07,1,Concrete,-80.77,7.54,93.23,0.0006,False
130.43,4,Concrete,-64.79,-37.57,122.36,0.5062,True
82.86,4,Glass,-88.9,22.48,86.42,0.0,False
132.46,3,Glass,-66.15,-2.35,88.5,0.1395,True
193.88,1,Concrete,-88.17,12.37,95.8,0.0,False
116.56,2,Glass,-62.69,-2.7,85.39,0.1519,True
101.9,3,Glass,-99.62,33.4,86.22,0.0,False
111.02,1,Concrete,-60.28,-10.68,90.96,0.3384,True
64.26,2,Concrete,-72.79,-3.42,96.21,0.173,True
175.93,1,Glass,-84.41,17.45,86.96,0.0,False
196.75,2,Glass,-63.42,-6.52,89.93,0.2562,True
105.62,2,Concrete,-76.45,-4.08,100.53,0.1933,True
148.61,2,Glass,-86.1,18.6,87.5,0.0,False
16.95,4,Concrete,-94.49,9.85,104.64,0.0,False
127.99,4,Concrete,-61.38,-40.82,122.2,0.5034,True
132.5,0,None,-73.52,11.02,82.5,0.0,False
74.33,0,None,-92.65,35.17,77.48,0.0,False
120.89,1,Concrete,-68.64,-3.06,91.7,0.168,True
187.94,2,Concrete,-98.94,13.41,105.53,0.0,False
178.48,3,Glass,-94.81,23.72,91.09,0.0,False
137.64,1,Glass,-97.43,32.6,84.83,0.0,False
15.92,4,Concrete,-75.52,-8.57,104.09,0.2969,True
75.27,0,None,-84.32,26.73,77.59,0.0,False
151.33,3,Concrete,-75.99,-17.66,113.65,0.4249,True
58.34,0,None,-75.64,20.27,75.37,0.0,False
61.02,3,Glass,-98.67,36.9,81.76,0.0,False
64.81,2,Glass,-68.41,8.13,80.29,0.0001,False
14.49,1,Glass,-91.41,46.14,65.27,0.0,False
86.62,4,Glass,-99.12,32.32,86.81,0.0,False
142.5,3,Concrete,-82.47,-10.66,113.13,0.3297,True
167.82,1,Concrete,-71.69,-2.86,94.55,0.157,True
161.13,1,Concrete,-80.57,6.37,94.2,0.0018,False
10.05,2,Glass,-96.69,52.59,64.1,0.0,False
195.48,0,None,-63.86,-2.01,85.88,0.1252,True
61.6,1,Concrete,-83.3,17.45,85.85,0.0,False
93.96,3,Concrete,-63.08,-26.43,109.51,0.4731,True
88.24,2,Concrete,-88.69,9.72,98.97,0.0,False
49.6,4,Glass,-82.27,20.31,81.96,0.0,False
79.31,4,Concrete,-94.55,-3.49,118.04,0.1723,True
70.58,2,Concrete,-66.14,-10.89,97.03,0.3576,True
107.06,3,Glass,-75.82,9.17,86.65,0.0,False
105.01,2,Concrete,-78.46,-2.02,100.48,0.1319,True
194.63,0,None,-78.89,13.05,85.84,0.0,False
110.12,0,None,-99.61,38.72,80.89,0.0,False
125.98,3,Glass,-78.1,10.04,88.06,0.0,False
151.18,4,Concrete,-89.05,-14.59,123.64,0.3984,True
119.63,1,Concrete,-84.67,13.06,91.61,0.0,False
40.79,1,Glass,-98.46,44.19,74.27,0.0,False
95.34,0,None,-70.52,10.88,79.64,0.0,False
141.64,3,Concrete,-87.17,-5.91,113.08,0.2274,True
88.59,2,Concrete,-87.46,8.45,99.0,0.0001,False
142.48,1,Glass,-94.4,29.27,85.13,0.0,False
159.42,0,None,-73.28,9.17,84.11,0.0,False
69.8,1,Glass,-63.84,4.91,78.93,0.008,False
21.66,4,Concrete,-67.89,-18.88,106.77,0.4375,True
80.64,2,Glass,-87.48,25.3,82.18,0.0,False
184.51,3,Concrete,-99.13,3.76,115.37,0.0127,False
169.48,4,Glass,-65.01,-7.63,92.64,0.2846,True
69.13,1,Concrete,-99.26,32.42,86.85,0.0,False
157.53,2,Glass,-74.86,6.86,88.0,0.0009,False
117.4,0,None,-69.94,8.49,81.45,0.0001,False
13.86,4,Glass,-85.74,34.85,70.89,0.0,False
152.22,2,Glass,-74.84,7.13,87.7,0.0008,False
41.57,0,None,-63.78,11.35,72.43,0.0,False
129.04,2,Glass,-99.12,32.85,86.27,0.0,False
22.45,3,Glass,-74.56,21.48,73.08,0.0,False
61.86,0,None,-99.51,43.62,75.88,0.0,False
45.67,3,Glass,-89.4,30.16,79.25,0.0,False
50.41,2,Glass,-92.95,34.84,78.1,0.0,False
113.95,0,None,-74.37,13.18,81.19,0.0,False
78.01,2,Concrete,-73.08,-4.82,97.9,0.21,True
47.8,3,Concrete,-94.31,10.67,103.64,0.0,False
14.32,4,Concrete,-96.92,13.74,103.17,0.0,False
110.88,4,Concrete,-66.37,-34.58,120.95,0.4841,True
64.27,3,Glass,-73.25,11.03,82.21,0.0,False
39.3,1,Concrete,-93.29,31.34,81.94,0.0,False
142.89,2,Concrete,-80.02,-3.13,103.15,0.1672,True
190.97,0,None,-94.73,29.06,85.67,0.0,False
166.24,0,None,-98.54,34.07,84.47,0.0,False
102.9,4,Glass,-73.53,5.23,88.3,0.0049,False
87.42,3,Glass,-93.92,29.04,84.89,0.0,False
174.83,2,Concrete,-88.41,3.51,104.91,0.0178,False
116.2,1,Concrete,-80.44,9.09,91.36,0.0,False
58.68,3,Glass,-82.65,21.23,81.42,0.0,False
141.92,3,Glass,-79.51,10.42,89.09,0.0,False
65.87,4,Concrete,-76.76,-19.67,116.43,0.4495,True
28.63,4,Concrete,-63.5,-25.69,109.19,0.472,True
103.63,3,Concrete,-63.0,-27.37,110.36,0.4778,True
172.77,2,Concrete,-71.92,-12.88,104.8,0.3719,True
40.66,1,Concrete,-72.79,10.55,82.24,0.0,False
38.65,1,Glass,-96.14,42.34,73.8,0.0,False
106.16,0,None,-73.28,12.71,80.57,0.0,False
85.94,3,Glass,-82.73,17.99,84.74,0.0,False
151.04,0,None,-70.28,6.64,83.64,0.0015,False
195.06,4,Concrete,-66.68,-39.18,125.86,0.5033,True
120.49,2,Glass,-80.3,14.62,85.67,0.0,False
154.68,1,Glass,-97.99,32.15,85.84,0.0,False
91.81,2,Glass,-72.18,8.87,83.31,0.0001,False
145.06,1,Concrete,-80.12,6.84,93.28,0.0007,False
176.8,1,Concrete,-83.3,8.3,95.0,0.0001,False
107.4,4,Glass,-83.6,14.93,88.67,0.0,False
116.72,3,Concrete,-69.01,-22.39,111.4,0.4577,True
108.97,3,Glass,-74.5,7.7,86.8,0.0001,False
81.62,4,Concrete,-77.37,-20.92,118.29,0.4512,True
170.51,3,Glass,-63.99,-6.7,90.69,0.2558,True
125.95,4,Concrete,-79.25,-22.81,122.06,0.457,True
198.84,1,Glass,-96.02,27.99,88.02,0.0,False
121.01,2,Concrete,-95.86,14.15,101.71,0.0,False
138.3,4,Glass,-87.41,16.54,90.87,0.0,False
186.1,1,Glass,-85.1,17.65,87.45,0.0,False
32.36,4,Glass,-79.12,20.86,78.25,0.0,False
62.64,3,Glass,-81.2,19.21,81.99,0.0,False
160.97,1,Glass,-79.78,13.59,86.19,0.0,False
137.83,1,Concrete,-74.77,1.93,92.84,0.0417,False
133.78,2,Glass,-62.35,-4.24,86.58,0.1941,True
167.15,0,None,-79.87,15.35,84.52,0.0,False
185.5,3,Glass,-61.39,-10.03,91.42,0.3293,True
164.47,1,Concrete,-95.56,21.19,94.38,0.0,False
26.63,3,Concrete,-79.5,0.94,98.56,0.0586,False
173.38,2,Glass,-69.5,0.66,88.83,0.0653,False
171.27,4,Concrete,-85.26,-19.47,124.73,0.4402,True
77.48,3,Concrete,-61.16,-26.68,107.84,0.4731,True
90.17,0,None,-86.16,27.01,79.16,0.0,False
69.82,0,None,-84.03,27.1,76.93,0.0,False
174.63,4,Concrete,-87.3,-17.6,124.9,0.4286,True
37.65,3,Glass,-77.57,20.0,77.57,0.0,False
81.37,1,Concrete,-84.16,15.89,88.26,0.0,False
87.65,1,Glass,-94.13,33.22,80.91,0.0,False
93.33,3,Concrete,-75.23,-14.23,109.45,0.3993,True
194.83,0,None,-99.0,33.15,85.85,0.0,False
140.14,1,Glass,-88.45,23.46,84.99,0.0,False
55.93,4,Glass,-64.03,1.02,83.01,0.0593,False
84.14,4,Concrete,-76.44,-22.11,118.55,0.4571,True
39.97,0,None,-79.05,26.96,72.09,0.0,False
129.6,1,Glass,-87.85,23.54,84.31,0.0,False
77.44,2,Glass,-80.07,18.24,81.83,0.0,False
16.16,4,Glass,-83.47,31.25,72.22,0.0,False
19.47,1,Concrete,-63.11,7.27,75.84,0.001,False
126.81,3,Glass,-68.12,-0.0,88.12,0.0781,False
163.12,3,Concrete,-84.35,-9.96,114.3,0.3264,True
27.04,2,Glass,-88.65,35.95,72.7,0.0,False
96.23,4,Concrete,-92.31,-7.41,119.72,0.276,True
162.26,3,Concrete,-87.71,-6.55,114.26,0.2613,True
161.64,4,Glass,-96.67,24.45,92.23,0.0,False
12.12,4,Glass,-67.25,17.53,69.72,0.0,False
13.09,2,Concrete,-88.49,26.1,82.39,0.0,False
191.9,1,Concrete,-98.36,22.64,95.72,0.0,False
172.94,3,Concrete,-89.66,-5.15,114.81,0.2197,True
108.74,1,Concrete,-97.58,26.79,90.78,0.0,False
135.52,4,Glass,-78.81,8.11,90.69,0.0002,False
164.63,2,Concrete,-92.7,8.32,104.38,0.0003,False
117.21,0,None,-69.02,7.58,81.43,0.0007,False
30.3,0,None,-65.03,15.35,69.68,0.0,False
142.95,2,Glass,-69.72,2.56,87.16,0.0277,False
82.64,4,Glass,-96.14,29.74,86.4,0.0,False
87.24,0,None,-80.31,21.44,78.87,0.0,False
127.14,3,Glass,-73.2,5.06,88.14,0.0047,False
36.0,2,Concrete,-94.75,23.57,91.18,0.0,False
79.1,0,None,-62.44,4.42,78.02,0.0079,False
148.24,3,Glass,-76.24,6.77,89.47,0.0014,False
27.16,3,Concrete,-88.11,9.37,98.73,0.0001,False
63.67,3,Glass,-65.23,3.1,82.13,0.0199,False
147.95,3,Concrete,-95.68,2.22,113.46,0.0342,False
95.08,1,Concrete,-76.01,6.4,89.62,0.0016,False
14.91,0,None,-71.74,28.21,63.53,0.0,False
23.65,4,Glass,-81.71,26.18,75.53,0.0,False
131.46,3,Glass,-62.74,-5.69,88.43,0.2235,True
62.21,2,Glass,-99.33,39.4,79.93,0.0,False
190.73,3,Glass,-91.67,20.0,91.66,0.0,False
72.22,0,None,-99.52,42.3,77.23,0.0,False
24.63,3,Glass,-98.19,44.31,73.88,0.0,False
55.03,1,Glass,-92.69,35.82,76.87,0.0,False
126.26,0,None,-94.66,32.58,82.08,0.0,False
170.4,3,Concrete,-70.59,-24.09,114.68,0.4663,True
126.2,2,Concrete,-85.54,3.46,102.08,0.0182,False
168.78,0,None,-65.53,0.93,84.6,0.0564,False
78.45,2,Concrete,-98.57,20.62,97.95,0.0,False
94.23,3,Glass,-61.03,-4.5,85.54,0.2006,True
153.57,3,Glass,-88.12,18.34,89.78,0.0,False
119.77,4,Concrete,-74.77,-26.85,121.62,0.4752,True
51.13,0,None,-78.17,23.94,74.23,0.0,False
139.14,4,Glass,-89.85,18.93,90.92,0.0,False
47.96,2,Glass,-70.16,12.49,77.67,0.0,False
76.98,1,Concrete,-64.85,-2.93,87.78,0.1585,True
22.31,4,Concrete,-85.21,-1.82,107.02,0.1216,True
152.47,4,Concrete,-88.85,-14.87,123.72,0.3961,True
41.11,2,Glass,-75.96,19.63,76.33,0.0,False
60.29,1,Glass,-84.73,27.07,77.66,0.0,False
43.57,4,Concrete,-96.89,4.06,112.84,0.0144,False
85.35,4,Glass,-88.09,21.41,86.68,0.0,False
199.47,0,None,-60.29,-5.76,86.05,0.2392,True
62.41,1,Glass,-99.86,41.9,77.96,0.0,False
168.55,0,None,-96.88,32.29,84.59,0.0,False
62.06,1,Glass,-91.55,33.64,77.91,0.0,False
62.07,3,Glass,-77.73,15.82,81.91,0.0,False
115.06,0,None,-65.95,4.68,81.27,0.007,False
163.83,2,Concrete,-81.72,-2.62,104.34,0.1494,True
154.45,2,Glass,-99.43,31.6,87.83,0.0,False
119.79,0,None,-74.37,12.75,81.62,0.0,False
84.46,2,Concrete,-83.41,4.82,98.59,0.0063,False
140.33,3,Concrete,-92.79,-0.21,113.0,0.0812,False
61.52,2,Glass,-76.31,16.48,79.84,0.0,False
72.36,0,None,-92.98,35.74,77.24,0.0,False
20.3,1,Glass,-65.8,17.59,68.2,0.0,False
183.02,1,Concrete,-77.37,2.07,95.3,0.0363,False
64.82,2,Glass,-86.44,26.15,80.29,0.0,False
167.02,4,Glass,-83.9,11.39,92.51,0.0,False
136.2,3,Glass,-78.41,9.67,88.74,0.0001,False
143.77,3,Glass,-92.01,22.8,89.21,0.0,False
150.75,0,None,-79.32,15.7,83.62,0.0,False
191.94,2,Glass,-77.77,8.05,89.72,0.0,False
102.67,0,None,-79.15,18.87,80.28,0.0,False
172.55,0,None,-92.09,27.29,84.79,0.0,False
69.18,3,Glass,-76.75,13.9,82.85,0.0,False
112.41,1,Glass,-91.86,28.79,83.07,0.0,False
199.42,4,Glass,-98.99,24.94,94.05,0.0,False
126.06,2,Glass,-65.34,-0.72,86.07,0.095,False
180.49,0,None,-75.18,10.0,85.18,0.0,False
12.7,1,Concrete,-68.72,16.59,72.13,0.0,False
119.54,4,Concrete,-85.31,-16.3,121.6,0.4128,True
22.47,1,Glass,-76.3,27.22,69.09,0.0,False
33.46,4,Concrete,-65.18,-25.37,110.54,0.4717,True
145.67,4,Glass,-79.11,7.78,91.32,0.0004,False
113.36,4,Glass,-64.68,-4.47,89.14,0.1982,True
161.76,3,Concrete,-95.69,1.46,114.23,0.0473,False
134.2,4,Glass,-72.59,1.98,90.61,0.0388,False
170.41,3,Concrete,-83.88,-10.8,114.68,0.3451,True
13.04,4,Concrete,-74.63,-7.73,102.36,0.2747,True
181.88,2,Glass,-85.29,16.04,89.25,0.0,False
81.33,0,None,-76.02,17.76,78.26,0.0,False
170.7,0,None,-92.89,28.19,84.7,0.0,False
131.97,4,Glass,-71.22,0.76,90.46,0.0618,False
40.83,4,Concrete,-83.79,-8.49,112.27,0.2987,True
149.25,1,Glass,-76.93,11.4,85.53,0.0,False
161.12,3,Concrete,-63.4,-30.79,114.2,0.4824,True
190.16,4,Glass,-61.1,-12.54,93.64,0.3722,True
154.04,2,Concrete,-71.4,-12.4,103.81,0.3698,True
187.67,0,None,-72.85,7.33,85.52,0.0005,False
106.84,1,Concrete,-62.96,-7.67,90.63,0.279,True
183.38,3,Glass,-66.03,-5.29,91.32,0.2201,True
85.78,3,Glass,-71.67,6.95,84.72,0.0013,False
142.89,3,Glass,-65.35,-3.8,89.15,0.1895,True
100.53,3,Glass,-87.15,21.05,86.1,0.0,False
153.49,3,Glass,-89.23,19.46,89.78,0.0,False
30.04,3,Concrete,-93.32,13.71,99.61,0.0,False
56.72,2,Glass,-63.78,4.65,79.13,0.007,False
51.23,0,None,-92.33,38.09,74.24,0.0,False
98.68,2,Glass,-82.57,18.63,83.94,0.0,False
105.47,4,Glass,-94.95,26.44,88.52,0.0,False
24.65,3,Glass,-63.02,9.13,73.89,0.0001,False
131.26,4,Glass,-90.47,20.05,90.42,0.0,False
174.42,3,Glass,-75.46,4.57,90.89,0.008,False
111.2,3,Glass,-69.93,2.95,86.98,0.0243,False
172.41,2,Concrete,-68.45,-16.34,104.79,0.418,True
161.61,3,Concrete,-94.03,-0.19,114.22,0.0783,False
31.78,2,Glass,-62.55,8.45,74.1,0.0,False
166.75,4,Concrete,-82.8,-21.7,124.5,0.4614,True
118.17,2,Glass,-100.0,34.49,85.5,0.0,False
85.83,2,Concrete,-86.07,7.34,98.73,0.0007,False
167.73,0,None,-90.22,25.67,84.55,0.0,False
59.73,3,Concrete,-70.64,-14.94,105.58,0.3997,True
167.8,1,Glass,-78.29,11.74,86.55,0.0,False
25.38,2,Glass,-60.16,8.01,72.14,0.0002,False
192.74,0,None,-95.56,29.81,85.75,0.0,False
187.35,2,Glass,-99.4,29.9,89.51,0.0,False
78.66,1,Concrete,-92.19,24.22,87.97,0.0,False
175.69,0,None,-79.95,15.0,84.95,0.0,False
46.71,0,None,-71.6,18.16,73.44,0.0,False
37.67,2,Concrete,-83.98,12.41,91.57,0.0,False
115.98,0,None,-76.52,15.18,81.34,0.0,False
51.56,2,Glass,-86.13,27.84,78.3,0.0,False
108.56,3,Concrete,-80.86,-9.9,110.77,0.3279,True
157.56,2,Glass,-94.98,26.97,88.0,0.0,False
81.7,4,Glass,-78.96,12.66,86.3,0.0,False
161.25,0,None,-87.02,22.82,84.2,0.0,False
35.1,3,Glass,-96.44,39.48,76.96,0.0,False
154.26,1,Glass,-90.58,24.76,85.82,0.0,False
179.05,3,Glass,-97.68,26.57,91.11,0.0,False
100.35,3,Glass,-87.48,21.4,86.08,0.0,False
121.38,4,Concrete,-95.2,-6.54,121.74,0.2597,True
86.36,1,Concrete,-73.25,4.47,88.78,0.01,False
135.49,1,Glass,-87.64,22.95,84.69,0.0,False
161.31,3,Glass,-95.29,25.08,90.21,0.0,False
60.81,3,Glass,-73.47,11.74,81.73,0.0,False
147.39,3,Glass,-81.95,12.53,89.42,0.0,False
198.54,2,Concrete,-87.42,1.41,106.01,0.0446,False
47.27,1,Concrete,-74.47,10.93,83.55,0.0,False
198.9,3,Concrete,-97.16,1.14,116.03,0.0536,False
168.41,3,Concrete,-64.57,-30.02,114.58,0.4881,True
177.39,0,None,-73.27,8.24,85.03,0.0001,False
121.27,0,None,-90.16,28.44,81.73,0.0,False
167.51,2,Glass,-91.63,23.1,88.54,0.0,False
43.02,1,Concrete,-76.43,13.7,82.73,0.0,False
154.47,1,Concrete,-74.61,0.78,93.83,0.0573,False
49.75,2,Concrete,-74.99,1.0,93.99,0.0573,False
31.33,0,None,-90.28,40.31,69.97,0.0,False
140.76,2,Glass,-65.84,-1.19,87.02,0.1036,True
185.74,4,Glass,-74.89,1.46,93.43,0.048,False
94.13,4,Glass,-72.59,5.06,87.53,0.0045,False
55.9,2,Glass,-63.33,4.33,79.0,0.0093,False
18.52,1,Glass,-86.25,38.85,67.41,0.0,False
150.85,4,Glass,-98.7,27.08,91.63,0.0,False
126.03,4,Glass,-73.55,3.49,90.06,0.0186,False
10.44,2,Concrete,-74.06,13.64,80.42,0.0,False
20.94,3,Glass,-61.83,9.36,72.47,0.0,False
132.97,3,Concrete,-92.66,0.13,112.53,0.0748,False
59.73,4,Glass,-71.15,7.57,83.58,0.0005,False
35.18,3,Concrete,-95.08,14.1,100.98,0.0,False
120.32,3,Glass,-75.81,8.14,87.66,0.0001,False
67.15,2,Concrete,-88.59,11.99,96.6,0.0,False
109.07,1,Glass,-69.25,6.44,82.81,0.0014,False
77.25,2,Glass,-68.3,6.49,81.81,0.002,False
29.77,4,Concrete,-75.69,-13.84,109.53,0.3832,True
90.13,1,Concrete,-63.41,-5.74,89.15,0.2396,True
193.79,1,Glass,-98.28,30.48,87.8,0.0,False
195.78,0,None,-61.72,-4.17,85.89,0.1888,True
150.84,2,Concrete,-66.38,-17.25,103.62,0.428,True
134.66,0,None,-94.41,31.77,82.64,0.0,False
164.78,2,Glass,-66.01,-2.38,88.39,0.1451,True
126.74,4,Concrete,-88.42,-13.69,122.11,0.3842,True
74.1,3,Glass,-79.95,16.5,83.45,0.0,False
164.4,1,Concrete,-60.71,-13.67,94.37,0.3912,True
17.24,2,Glass,-83.43,34.65,68.78,0.0,False
31.74,3,Glass,-90.09,34.01,76.09,0.0,False
133.06,0,None,-80.23,17.69,82.53,0.0,False
146.0,1,Concrete,-67.34,-6.0,93.34,0.2451,True
59.22,4,Concrete,-98.36,2.86,115.5,0.0246,False
142.44,4,Concrete,-82.3,-20.83,123.13,0.454,True
134.87,3,Glass,-69.09,0.44,88.65,0.0684,False
90.34,2,Concrete,-85.64,6.47,99.17,0.0014,False
41.29,2,Concrete,-64.79,-7.58,92.37,0.2759,True
189.7,2,Concrete,-74.24,-11.37,105.62,0.3483,True
163.2,3,Concrete,-62.53,-31.78,114.31,0.479,True
147.71,1,Concrete,-88.35,14.9,93.44,0.0,False
22.23,4,Concrete,-61.06,-25.94,106.99,0.4787,True
30.58,4,Glass,-62.06,4.3,77.76,0.0079,False
180.91,1,Glass,-77.02,9.82,87.2,0.0,False
102.5,2,Concrete,-85.13,4.86,100.27,0.0062,False
169.66,2,Glass,-84.99,16.35,88.65,0.0,False
51.87,4,Concrete,-71.54,-22.82,114.35,0.4662,True
196.19,1,Concrete,-79.54,3.63,95.91,0.015,False
146.43,3,Glass,-74.7,5.33,89.37,0.0046,False
190.77,2,Concrete,-88.52,2.85,105.66,0.0245,False
79.8,2,Glass,-86.27,24.18,82.09,0.0,False
94.91,1,Concrete,-96.41,26.8,89.6,0.0,False
21.48,4,Glass,-62.05,7.36,74.7,0.0004,False
31.43,4,Glass,-67.71,9.71,78.0,0.0,False
144.82,0,None,-77.05,13.77,83.27,0.0,False
166.96,4,Glass,-83.29,10.78,92.51,0.0,False
153.58,3,Glass,-98.02,28.24,89.78,0.0,False
74.3,0,None,-96.33,38.85,77.47,0.0,False
80.52,4,Concrete,-60.95,-37.22,118.17,0.4938,True
141.77,0,None,-78.26,15.17,83.09,0.0,False
51.66,4,Glass,-92.59,30.27,82.32,0.0,False
101.92,1,Glass,-82.41,20.19,82.22,0.0,False
73.78,0,None,-81.77,24.35,77.41,0.0,False
199.91,0,None,-61.48,-4.59,86.07,0.1964,True
68.36,4,Glass,-91.66,26.91,84.75,0.0,False
63.63,1,Concrete,-63.43,-2.69,86.13,0.1483,True
186.85,4,Glass,-68.15,-5.33,93.48,0.2188,True
79.44,4,Concrete,-71.08,-26.98,118.05,0.4796,True
149.77,4,Glass,-84.69,13.13,91.56,0.0,False
24.76,1,Glass,-64.12,14.19,69.93,0.0,False
120.44,3,Glass,-76.48,8.81,87.67,0.0,False
157.76,2,Concrete,-85.32,1.31,104.01,0.0497,False
33.12,4,Glass,-84.88,26.43,78.46,0.0,False
40.92,3,Glass,-69.3,11.01,78.29,0.0,False
178.22,0,None,-63.86,-1.22,85.07,0.1067,True
12.2,4,Concrete,-84.61,2.83,101.78,0.0273,False
152.52,1,Glass,-96.51,30.79,85.72,0.0,False
161.62,2,Concrete,-98.18,13.96,104.22,0.0,False
192.37,0,None,-68.23,2.5,85.74,0.0283,False
138.08,2,Glass,-85.06,18.2,86.86,0.0,False
68.19,1,Glass,-60.87,2.14,78.73,0.0371,False
179.74,0,None,-83.11,17.96,85.15,0.0,False
175.38,4,Glass,-92.03,19.09,92.93,0.0,False
138.73,2,Concrete,-61.83,-21.07,102.9,0.4524,True
68.55,3,Concrete,-99.47,12.69,106.77,0.0,False
97.13,1,Glass,-92.43,30.63,81.8,0.0,False
45.94,0,None,-98.71,45.41,73.3,0.0,False
167.24,3,Glass,-80.21,9.69,90.52,0.0,False
170.2,3,Concrete,-76.56,-18.11,114.67,0.4259,True
90.16,4,Concrete,-80.03,-19.12,119.15,0.4423,True
58.7,2,Glass,-78.96,19.53,79.43,0.0,False
32.86,3,Concrete,-86.78,6.4,100.39,0.002,False
32.04,3,Glass,-64.52,8.35,76.17,0.0002,False
87.5,2,Glass,-95.5,32.61,82.89,0.0,False
40.54,4,Glass,-72.02,11.81,80.21,0.0,False
43.03,3,Concrete,-89.62,6.89,102.73,0.0009,False
68.39,0,None,-80.13,23.38,76.75,0.0,False
81.4,4,Glass,-65.07,-1.2,86.27,0.1152,True
176.28,1,Glass,-62.66,-4.31,86.98,0.1919,True
69.83,2,Concrete,-62.54,-14.4,96.94,0.396,True
154.04,4,Glass,-86.07,14.26,91.81,0.0,False
172.24,0,None,-78.41,13.63,84.78,0.0,False
70.86,0,None,-71.33,14.27,77.06,0.0,False
83.83,4,Concrete,-94.34,-4.18,118.52,0.1971,True
185.57,1,Glass,-84.44,17.01,87.42,0.0,False
158.34,4,Glass,-65.63,-6.42,92.05,0.2512,True
183.46,4,Concrete,-70.31,-35.01,125.32,0.4946,True
52.72,0,None,-63.24,8.75,74.49,0.0,False
120.61,2,Concrete,-82.98,1.3,101.68,0.055,False
77.65,2,Concrete,-62.82,-15.03,97.86,0.3915,True
118.05,2,Glass,-96.55,31.06,85.5,0.0,False
114.83,3,Concrete,-81.22,-10.04,111.26,0.3258,True
19.96,4,Glass,-87.5,33.44,74.06,0.0,False
84.82,0,None,-67.39,8.77,78.62,0.0001,False
96.32,0,None,-93.52,33.79,79.73,0.0,False
137.04,0,None,-86.34,23.55,82.79,0.0,False
76.43,2,Concrete,-99.29,21.57,97.72,0.0,False
81.03,4,Glass,-88.79,22.57,86.23,0.0,False
10.72,4,Concrete,-95.74,15.08,100.66,0.0,False
140.53,0,None,-63.95,0.94,83.01,0.059,False
81.86,4,Concrete,-82.29,-16.03,118.32,0.3996,True
103.95,1,Glass,-84.4,22.01,82.39,0.0,False
86.56,0,None,-65.77,6.97,78.8,0.0005,False
44.77,4,Concrete,-93.44,0.36,113.07,0.0742,False
55.73,1,Glass,-99.93,42.96,76.98,0.0,False
76.33,2,Glass,-86.43,24.72,81.71,0.0,False
149.08,0,None,-92.74,29.22,83.52,0.0,False
139.47,3,Glass,-67.01,-1.94,88.94,0.1275,True
50.05,3,Glass,-69.8,9.75,80.04,0.0,False
129.16,1,Glass,-96.63,32.35,84.28,0.0,False
11.54,1,Glass,-85.72,42.43,63.3,0.0,False
63.27,1,Concrete,-72.93,6.85,86.08,0.0016,False
60.22,2,Concrete,-62.99,-12.66,95.65,0.3718,True
195.72,1,Glass,-95.23,27.34,87.89,0.0,False
16.06,4,Glass,-94.18,42.02,72.17,0.0,False
102.58,3,Glass,-75.94,9.66,86.28,0.0001,False
37.23,4,Glass,-83.36,23.88,79.47,0.0,False
84.38,2,Glass,-73.5,10.92,82.58,0.0,False
167.09,0,None,-90.54,26.03,84.51,0.0,False
180.92,0,None,-83.33,18.13,85.2,0.0,False
128.12,3,Glass,-82.57,14.36,88.21,0.0,False
176.63,1,Concrete,-64.86,-10.13,95.0,0.3285,True
177.11,0,None,-64.23,-0.79,85.02,0.0979,False
94.1,0,None,-68.94,9.42,79.53,0.0,False
46.03,2,Glass,-66.79,9.48,77.31,0.0002,False
14.02,0,None,-79.2,36.21,62.99,0.0,False
87.97,3,Glass,-84.6,19.66,84.94,0.0,False
129.14,0,None,-86.43,24.16,82.28,0.0,False
193.38,1,Glass,-63.89,-3.89,87.78,0.183,True
121.62,3,Glass,-69.53,1.78,87.75,0.0421,False
67.25,1,Glass,-64.14,5.53,78.61,0.0034,False
78.65,1,Glass,-90.43,30.46,79.97,0.0,False
23.4,0,None,-98.02,50.59,67.44,0.0,False
21.6,0,None,-84.56,37.81,66.75,0.0,False
137.45,4,Glass,-63.85,-6.97,90.82,0.2638,True
75.93,0,None,-78.35,20.69,77.66,0.0,False
66.71,0,None,-80.03,23.49,76.54,0.0,False
115.97,3,Glass,-69.3,1.96,87.34,0.0381,False
22.41,1,Glass,-92.41,43.35,69.06,0.0,False
12.75,1,Concrete,-94.45,42.29,72.16,0.0,False
39.69,3,Glass,-94.66,36.63,78.03,0.0,False
135.84,3,Concrete,-97.26,4.54,112.71,0.0073,False
71.68,3,Glass,-64.82,1.66,83.16,0.0437,False
121.84,2,Glass,-97.25,31.48,85.77,0.0,False
178.23,0,None,-85.81,20.74,85.07,0.0,False
58.4,1,Glass,-67.47,10.09,77.38,0.0,False
22.91,3,Glass,-83.22,29.96,73.26,0.0,False
75.02,3,Concrete,-62.99,-24.57,107.56,0.4727,True
168.13,4,Glass,-66.19,-6.38,92.57,0.2514,True
149.28,1,Glass,-83.23,17.7,85.53,0.0,False
127.93,2,Glass,-65.45,-0.75,86.19,0.0988,False
175.39,1,Concrete,-84.72,9.79,94.93,0.0,False
21.94,0,None,-70.26,23.39,66.88,0.0,False
70.9,2,Concrete,-75.52,-1.54,97.07,0.1168,True
44.22,3,Concrete,-81.78,-1.19,102.97,0.1117,True
52.72,3,Glass,-96.39,35.89,80.49,0.0,False
107.08,1,Concrete,-71.0,0.35,90.65,0.0708,False
20.77,4,Concrete,-88.36,1.96,106.4,0.0398,False
134.35,0,None,-92.8,30.18,82.62,0.0,False
16.97,0,None,-61.01,16.37,64.65,0.0,False
140.17,0,None,-82.29,19.31,82.99,0.0,False
177.91,1,Glass,-95.62,28.57,87.06,0.0,False
62.69,1,Glass,-73.91,15.91,78.0,0.0,False
110.1,1,Concrete,-73.78,2.89,90.89,0.0238,False
146.09,2,Glass,-82.76,15.41,87.35,0.0,False
24.66,1,Concrete,-93.55,35.65,77.89,0.0,False
25.3,1,Glass,-88.22,38.1,70.12,0.0,False
171.78,2,Concrete,-96.87,12.11,104.75,0.0,False
132.69,3,Glass,-84.64,16.13,88.51,0.0,False
152.95,4,Concrete,-81.3,-22.44,123.75,0.4566,True
114.46,3,Concrete,-93.46,2.23,111.23,0.0315,False
24.45,2,Glass,-90.24,38.42,71.82,0.0,False
21.45,0,None,-97.92,51.23,66.68,0.0,False
168.33,1,Glass,-81.22,14.64,86.58,0.0,False
138.99,0,None,-88.91,25.99,82.91,0.0,False
83.77,0,None,-64.0,5.48,78.52,0.0032,False
70.46,4,Glass,-82.09,17.08,85.01,0.0,False
68.04,2,Concrete,-98.98,22.27,96.71,0.0,False
91.24,4,Concrete,-69.48,-29.78,119.26,0.4786,True
88.68,3,Concrete,-65.69,-23.32,109.01,0.4598,True
40.97,2,Glass,-85.17,28.87,76.3,0.0,False
136.83,0,None,-91.35,28.58,82.78,0.0,False
137.89,1,Concrete,-73.29,0.44,92.84,0.0652,False
42.76,0,None,-62.46,9.79,72.68,0.0,False
111.88,3,Glass,-98.96,31.93,87.03,0.0,False
174.03,1,Glass,-61.73,-5.13,86.87,0.2158,True
34.71,1,Concrete,-86.98,26.12,80.86,0.0,False
101.46,4,Glass,-77.57,9.39,88.18,0.0,False
154.04,0,None,-93.44,29.63,83.81,0.0,False
171.53,4,Glass,-91.9,19.16,92.74,0.0,False
194.88,4,Concrete,-96.95,-8.9,125.85,0.307,True
86.16,2,Concrete,-82.27,3.51,98.76,0.0174,False
46.04,2,Concrete,-83.39,10.07,93.32,0.0,False
12.35,0,None,-77.01,35.12,61.89,0.0,False
92.47,3,Concrete,-82.18,-7.2,109.37,0.2633,True
31.56,1,Concrete,-62.83,2.8,80.04,0.0281,False
56.26,2,Concrete,-99.18,24.12,95.06,0.0,False
151.57,2,Glass,-61.53,-6.14,87.67,0.2415,True
191.02,1,Concrete,-86.07,10.39,95.68,0.0,False
128.3,1,Concrete,-91.73,19.51,92.22,0.0,False
168.74,2,Glass,-64.05,-4.55,88.6,0.2061,True
141.25,1,Glass,-80.18,15.12,85.05,0.0,False
122.14,4,Concrete,-61.7,-40.09,121.79,0.4943,True
151.47,2,Glass,-63.92,-3.74,87.66,0.1827,True
109.8,0,None,-61.62,0.76,80.87,0.0617,False
70.06,3,Glass,-69.23,6.26,82.96,0.0024,False
161.28,4,Concrete,-99.74,-4.47,124.21,0.2052,True
69.05,2,Glass,-93.8,32.96,80.84,0.0,False
57.14,4,Glass,-61.1,-2.09,83.19,0.1385,True
141.44,3,Glass,-78.66,9.6,89.07,0.0,False
190.31,1,Glass,-80.41,12.77,87.64,0.0,False
10.37,2,Glass,-65.1,20.73,64.37,0.0,False
27.0,0,None,-99.84,51.16,68.68,0.0,False
102.08,1,Concrete,-87.82,17.59,90.23,0.0,False
89.4,3,Concrete,-89.7,0.62,109.08,0.0662,False
85.35,1,Concrete,-82.78,14.1,88.68,0.0,False
192.21,0,None,-66.04,0.31,85.73,0.0712,False
176.4,4,Concrete,-71.69,-33.29,124.98,0.4862,True
20.63,1,Concrete,-86.83,30.49,76.35,0.0,False
97.53,2,Concrete,-66.97,-12.87,99.84,0.3789,True
178.57,0,None,-99.68,34.59,85.09,0.0,False
120.57,3,Concrete,-96.54,4.86,111.68,0.007,False
93.81,2,Concrete,-86.13,6.63,99.5,0.0006,False
23.06,3,Glass,-66.87,13.56,73.31,0.0,False
14.49,4,Glass,-74.26,22.99,71.28,0.0,False
106.17,3,Concrete,-60.57,-30.01,110.57,0.4793,True
87.46,4,Concrete,-83.72,-15.17,118.89,0.4036,True
146.26,2,Concrete,-99.93,16.58,103.36,0.0,False
97.4,0,None,-77.0,17.17,79.83,0.0,False
77.45,4,Glass,-86.88,21.05,85.84,0.0,False
169.42,3,Concrete,-64.25,-30.38,114.63,0.4772,True
181.09,1,Concrete,-79.05,3.84,95.21,0.0133,False
113.92,0,None,-83.54,22.35,81.19,0.0,False
97.74,4,Concrete,-82.01,-17.85,119.86,0.4244,True
84.27,1,Concrete,-98.61,30.04,88.57,0.0,False
60.93,1,Glass,-86.49,28.74,77.75,0.0,False
103.34,0,None,-61.92,1.58,80.34,0.0466,False
88.51,4,Concrete,-74.18,-24.82,118.99,0.4722,True
159.47,4,Concrete,-80.5,-23.61,124.11,0.462,True
95.91,1,Glass,-60.31,-1.38,81.69,0.1167,True
122.6,1,Glass,-84.41,20.58,83.82,0.0,False
97.91,2,Concrete,-68.54,-11.33,99.87,0.3463,True
70.39,3,Concrete,-99.97,12.96,107.0,0.0,False
154.52,0,None,-72.12,8.29,83.83,0.0002,False
164.62,4,Concrete,-73.33,-31.05,124.38,0.4804,True
28.67,3,Concrete,-99.88,20.68,99.2,0.0,False
48.58,3,Concrete,-69.94,-13.84,103.78,0.3796,True
120.54,1,Concrete,-60.75,-10.93,91.68,0.3377,True
156.5,4,Glass,-82.5,10.55,91.94,0.0,False
122.4,2,Glass,-91.34,25.53,85.81,0.0,False
132.0,0,None,-91.6,29.13,82.47,0.0,False
44.53,3,Concrete,-96.1,13.08,103.03,0.0,False
175.15,0,None,-73.67,8.74,84.92,0.0,False
118.4,1,Concrete,-80.54,9.02,91.52,0.0,False
30.67,1,Concrete,-97.32,37.53,79.79,0.0,False
118.87,2,Glass,-62.62,-2.93,85.56,0.1545,True
123.69,3,Concrete,-86.15,-5.75,111.9,0.2404,True
102.71,2,Glass,-79.16,14.88,84.29,0.0,False
41.39,4,Concrete,-87.63,-4.76,112.39,0.2027,True
49.62,0,None,-63.15,9.19,73.97,0.0,False
181.65,1,Concrete,-98.07,22.83,95.24,0.0,False
154.74,0,None,-82.21,18.36,83.85,0.0,False
123.55,2,Concrete,-71.24,-10.65,101.89,0.3253,True
197.58,2,Glass,-81.37,11.4,89.97,0.0,False
30.67,2,Concrete,-63.36,-6.43,89.79,0.2551,True
166.68,1,Concrete,-71.18,-3.32,94.49,0.165,True
194.26,0,None,-70.48,4.66,85.82,0.0086,False
71.47,4,Concrete,-78.98,-18.16,117.14,0.4355,True
146.81,4,Glass,-71.26,-0.13,91.39,0.0827,False
44.1,1,Glass,-66.45,11.51,74.94,0.0,False
21.93,3,Glass,-66.13,13.25,72.87,0.0,False
57.22,4,Concrete,-93.59,-1.62,115.21,0.1173,True
167.37,3,Glass,-73.46,2.94,90.53,0.0247,False
21.84,2,Glass,-75.75,24.91,70.84,0.0,False
65.38,2,Concrete,-91.05,14.69,96.36,0.0,False
37.96,2,Concrete,-63.45,-8.19,91.64,0.2922,True
136.4,2,Glass,-96.36,29.61,86.75,0.0,False
14.43,1,Concrete,-61.94,8.7,73.24,0.0001,False
158.28,1,Glass,-83.26,17.21,86.04,0.0,False
29.27,1,Concrete,-77.7,18.31,79.38,0.0,False
53.81,3,Concrete,-94.1,9.43,104.67,0.0,False
161.13,3,Glass,-85.07,14.88,90.2,0.0,False
194.79,1,Glass,-77.72,9.87,87.85,0.0,False
22.31,2,Concrete,-96.19,29.17,87.02,0.0,False
47.18,3,Glass,-71.34,11.81,79.53,0.0,False
46.29,0,None,-90.44,37.08,73.36,0.0,False
35.47,0,None,-75.83,24.78,71.05,0.0,False
62.88,2,Concrete,-85.19,9.17,96.02,0.0,False
139.17,0,None,-97.21,34.29,82.92,0.0,False
157.83,4,Glass,-77.66,5.65,92.02,0.0034,False
60.82,2,Glass,-65.6,5.86,79.74,0.0028,False
193.21,1,Concrete,-73.49,-2.28,95.77,0.1392,True
24.72,3,Glass,-83.11,29.19,73.92,0.0,False
137.29,1,Concrete,-86.45,13.64,92.81,0.0,False
18.14,3,Glass,-90.76,39.53,71.23,0.0,False
188.32,0,None,-75.53,9.98,85.55,0.0,False
166.01,2,Glass,-77.4,8.94,88.46,0.0,False
12.82,4,Glass,-95.75,45.54,70.21,0.0,False
113.58,1,Glass,-72.19,9.03,83.16,0.0,False
189.75,3,Concrete,-79.27,-16.35,115.62,0.4043,True
30.8,1,Glass,-88.45,36.63,71.83,0.0,False
148.21,3,Glass,-65.22,-4.25,89.47,0.1891,True
112.07,0,None,-93.78,32.73,81.04,0.0,False
193.16,0,None,-87.48,21.7,85.77,0.0,False
56.21,1,Concrete,-72.32,7.27,85.05,0.0006,False
33.8,1,Concrete,-94.61,33.98,80.63,0.0,False
106.49,2,Glass,-79.72,15.12,84.6,0.0,False
32.59,4,Glass,-86.81,28.5,78.32,0.0,False
11.27,4,Concrete,-69.18,-11.91,101.09,0.3529,True
178.78,1,Concrete,-89.89,14.79,95.1,0.0,False
49.6,3,Concrete,-96.91,12.94,103.96,0.0,False
158.51,4,Glass,-88.08,16.03,92.06,0.0,False
174.46,4,Glass,-72.29,-0.6,92.89,0.0927,False
171.81,3,Concrete,-85.2,-9.56,114.76,0.3156,True
198.26,2,Glass,-75.0,5.01,90.0,0.0066,False
134.14,1,Glass,-70.54,5.94,84.61,0.0027,False
144.09,4,Concrete,-68.81,-34.42,123.23,0.4908,True
13.08,2,Concrete,-96.89,34.5,82.39,0.0,False
146.9,0,None,-94.59,31.2,83.39,0.0,False
197.5,4,Concrete,-97.29,-8.68,125.97,0.302,True
98.92,2,Glass,-92.2,28.24,83.96,0.0,False
77.49,1,Glass,-99.08,39.24,79.84,0.0,False
156.37,0,None,-88.83,24.89,83.94,0.0,False
30.63,1,Concrete,-67.1,7.33,79.78,0.0007,False
184.91,3,Glass,-91.44,20.05,91.39,0.0,False
168.24,3,Glass,-77.49,6.92,90.57,0.0011,False
38.59,3,Concrete,-74.77,-7.02,101.78,0.2624,True
132.64,2,Glass,-85.42,18.91,86.51,0.0,False
70.9,1,Concrete,-67.55,0.49,87.07,0.0674,False
60.46,1,Concrete,-93.76,28.08,85.68,0.0,False
187.43,1,Concrete,-83.92,8.41,95.51,0.0001,False
162.85,2,Concrete,-77.47,-6.82,104.29,0.257,True
75.2,4,Glass,-78.07,12.49,85.58,0.0,False
51.18,0,None,-92.68,38.44,74.24,0.0,False
147.26,0,None,-61.35,-2.07,83.42,0.1344,True
90.8,0,None,-83.04,23.82,79.22,0.0,False
187.86,4,Glass,-80.93,7.4,93.53,0.0003,False
79.49,1,Concrete,-64.71,-3.35,88.06,0.1659,True
85.15,3,Concrete,-66.4,-22.26,108.66,0.4539,True
39.99,1,Glass,-82.57,28.47,74.09,0.0,False
97.22,0,None,-74.25,14.44,79.81,0.0,False
51.71,3,Glass,-61.76,1.44,80.33,0.0463,False
172.9,1,Glass,-94.54,27.73,86.81,0.0,False
154.89,3,Glass,-78.8,8.94,89.85,0.0,False
24.53,2,Glass,-90.91,39.06,71.85,0.0,False
122.92,1,Glass,-63.57,-0.27,83.85,0.0882,False
149.74,2,Concrete,-96.79,13.23,103.56,0.0,False
150.51,1,Concrete,-89.23,15.62,93.61,0.0,False
116.4,1,Glass,-62.11,-1.26,83.37,0.1101,True
161.89,2,Glass,-93.9,25.66,88.24,0.0,False
138.2,3,Concrete,-73.16,-19.7,112.86,0.4484,True
53.19,4,Concrete,-64.55,-30.02,114.57,0.4747,True
189.16,2,Glass,-98.97,29.38,89.59,0.0,False
132.79,0,None,-61.93,-0.59,82.52,0.0976,False
55.0,0,None,-70.01,15.15,74.86,0.0,False
172.14,2,Concrete,-88.4,3.62,104.77,0.0154,False
48.87,3,Glass,-75.72,15.88,79.84,0.0,False
181.39,0,None,-92.73,27.5,85.23,0.0,False
165.31,3,Concrete,-96.6,2.18,114.42,0.0345,False
77.22,4,Concrete,-74.06,-23.75,117.81,0.4662,True
90.45,4,Glass,-83.6,16.42,87.18,0.0,False
62.2,2,Concrete,-92.22,16.29,95.93,0.0,False
148.43,0,None,-92.13,28.64,83.48,0.0,False
72.9,4,Concrete,-60.17,-37.14,117.31,0.4916,True
139.01,3,Glass,-78.99,10.07,88.91,0.0,False
51.78,0,None,-91.21,36.88,74.34,0.0,False
84.89,1,Glass,-63.69,3.06,80.63,0.0222,False
48.09,1,Concrete,-93.65,29.96,83.7,0.0,False
81.39,0,None,-70.95,12.69,78.27,0.0,False
84.82,3,Glass,-79.33,14.7,84.62,0.0,False
13.28,2,Concrete,-86.99,24.47,82.52,0.0,False
34.76,2,Concrete,-74.92,4.05,90.88,0.0129,False
185.54,4,Concrete,-78.84,-26.58,125.42,0.4693,True
22.93,4,Concrete,-85.2,-2.07,107.26,0.1379,True
113.07,0,None,-67.2,6.07,81.12,0.0018,False
170.47,4,Glass,-90.73,18.04,92.69,0.0,False
166.94,3,Concrete,-62.37,-32.14,114.51,0.4884,True
177.69,0,None,-69.21,4.16,85.05,0.0099,False
195.89,1,Concrete,-69.38,-6.51,95.89,0.2531,True
159.38,0,None,-70.18,6.07,84.1,0.0013,False
92.12,3,Concrete,-90.42,1.08,109.34,0.0558,False
82.96,0,None,-63.26,4.83,78.43,0.0076,False
23.8,1,Glass,-66.14,16.56,69.59,0.0,False
65.95,1,Concrete,-65.27,-1.17,86.44,0.1081,True
100.71,4,Glass,-92.49,24.37,88.12,0.0,False
18.89,4,Concrete,-85.21,-0.37,105.58,0.0905,False
39.09,4,Concrete,-99.95,8.06,111.9,0.0002,False
118.04,3,Glass,-97.9,30.4,87.49,0.0,False
121.1,3,Concrete,-84.27,-7.45,111.72,0.2769,True
79.0,0,None,-74.45,16.44,78.01,0.0,False
70.15,0,None,-84.48,27.51,76.97,0.0,False
115.22,2,Concrete,-70.18,-11.1,101.28,0.3498,True
114.53,2,Glass,-80.92,15.69,85.23,0.0,False
58.45,2,Concrete,-98.0,22.61,95.39,0.0,False
90.28,2,Glass,-94.14,30.98,83.17,0.0,False
184.41,1,Concrete,-60.59,-14.78,95.37,0.4002,True
91.68,1,Concrete,-62.57,-6.73,89.3,0.26,True
164.22,3,Glass,-84.9,14.53,90.36,0.0,False
34.85,1,Concrete,-65.44,4.54,80.9,0.0089,False
197.7,0,None,-86.76,20.78,85.97,0.0,False
39.63,3,Concrete,-69.27,-12.74,102.01,0.365,True
177.83,0,None,-73.08,8.02,85.05,0.0003,False
96.94,2,Concrete,-71.4,-8.39,99.78,0.2938,True
55.17,3,Concrete,-93.79,8.91,104.89,0.0,False
24.75,2,Concrete,-68.32,0.39,87.92,0.0684,False
168.97,2,Glass,-68.43,-0.18,88.61,0.085,False
158.74,1,Glass,-84.38,18.31,86.07,0.0,False
192.58,4,Glass,-65.71,-8.03,93.75,0.2822,True
114.44,3,Glass,-60.45,-6.78,87.23,0.2538,True
33.31,4,Glass,-75.11,16.6,78.51,0.0,False
64.45,2,Glass,-83.82,23.58,80.24,0.0,False
52.52,2,Concrete,-87.18,12.72,94.46,0.0,False
157.56,4,Glass,-90.25,18.24,92.0,0.0,False
194.32,4,Glass,-99.88,26.06,93.82,0.0,False
199.77,2,Glass,-65.86,-4.2,90.06,0.1886,True
196.02,4,Concrete,-88.39,-17.51,125.9,0.4218,True
126.57,2,Glass,-86.43,20.33,86.1,0.0,False
68.65,1,Glass,-60.07,1.29,78.79,0.0518,False
103.22,3,Concrete,-96.14,5.81,110.33,0.0034,False
115.57,4,Glass,-98.16,28.85,89.31,0.0,False
70.16,4,Glass,-62.45,-2.53,84.98,0.1446,True
194.71,3,Concrete,-89.45,-6.39,115.84,0.2488,True
91.35,0,None,-74.33,15.06,79.27,0.0,False
120.05,3,Concrete,-86.29,-5.35,111.64,0.2232,True
157.85,2,Concrete,-72.4,-11.62,104.02,0.3582,True
157.06,4,Glass,-66.09,-5.89,91.98,0.2339,True
31.47,0,None,-63.77,13.76,70.01,0.0,False
13.18,0,None,-83.13,40.68,62.45,0.0,False
107.78,0,None,-67.7,7.0,80.71,0.0005,False
77.59,4,Glass,-92.33,26.48,85.85,0.0,False
56.66,4,Glass,-73.94,10.82,83.12,0.0,False
196.3,0,None,-92.79,26.88,85.91,0.0,False
25.15,2,Glass,-73.63,21.56,72.06,0.0,False
165.97,1,Glass,-71.36,4.91,86.46,0.006,False
147.9,0,None,-61.87,-1.59,83.45,0.1195,True
167.69,4,Concrete,-70.5,-34.05,124.54,0.4912,True
63.17,1,Concrete,-79.79,13.73,86.06,0.0,False
29.71,4,Concrete,-99.57,10.06,109.51,0.0,False
101.25,2,Glass,-61.45,-2.71,84.16,0.1509,True
198.09,4,Glass,-66.56,-7.43,93.99,0.2795,True
113.59,1,Glass,-72.33,9.17,83.16,0.0,False
24.29,3,Glass,-84.93,31.17,73.76,0.0,False
194.43,0,None,-63.28,-2.55,85.83,0.1484,True
177.08,4,Concrete,-74.43,-30.59,125.02,0.4765,True
86.09,1,Concrete,-96.63,27.88,88.75,0.0,False
173.99,4,Concrete,-73.99,-30.87,124.86,0.4804,True
116.12,2,Concrete,-93.73,12.38,101.35,0.0,False
191.35,1,Concrete,-92.98,17.29,95.69,0.0,False
62.18,2,Glass,-66.91,6.99,79.93,0.0006,False
185.5,1,Glass,-77.47,10.05,87.42,0.0,False
76.49,3,Glass,-92.95,29.22,83.73,0.0,False
71.41,2,Concrete,-89.51,12.38,97.13,0.0,False
18.66,3,Glass,-71.71,20.24,71.47,0.0,False
190.98,1,Glass,-82.7,15.02,87.67,0.0,False
155.23,1,Glass,-62.39,-3.48,85.87,0.1733,True
100.37,1,Concrete,-65.42,-4.66,90.09,0.2124,True
127.08,4,Concrete,-97.27,-4.87,122.14,0.2074,True
31.64,0,None,-86.39,36.34,70.06,0.0,False
27.17,0,None,-91.11,42.37,68.74,0.0,False
113.18,4,Concrete,-76.08,-25.05,121.13,0.4677,True
38.74,0,None,-81.17,29.35,71.82,0.0,False
115.7,0,None,-64.88,3.56,81.32,0.0141,False
13.05,1,Concrete,-99.81,47.44,72.37,0.0,False
141.95,4,Concrete,-84.11,-18.99,123.1,0.437,True
138.11,1,Glass,-62.23,-2.62,84.86,0.1437,True
146.31,0,None,-81.07,17.72,83.36,0.0,False
96.71,1,Glass,-78.77,17.0,81.76,0.0,False
14.63,4,Glass,-81.71,30.35,71.36,0.0,False
34.35,4,Concrete,-77.69,-13.09,110.77,0.3803,True
158.45,3,Glass,-71.93,1.87,90.05,0.0393,False
69.09,3,Glass,-72.02,9.18,82.84,0.0,False
53.63,2,Glass,-61.03,2.38,78.64,0.0292,False
31.06,2,Concrete,-99.11,29.21,89.9,0.0,False
122.69,2,Concrete,-85.09,3.26,101.83,0.0165,False
23.32,3,Glass,-67.74,14.33,73.41,0.0,False
126.72,1,Glass,-65.91,1.8,84.11,0.0408,False
123.21,3,Concrete,-94.49,2.62,111.87,0.0278,False
157.44,1,Concrete,-98.76,24.76,94.0,0.0,False
113.09,2,Concrete,-70.33,-10.8,101.12,0.3447,True
83.42,2,Concrete,-91.84,13.36,98.48,0.0,False
137.96,0,None,-83.42,20.57,82.85,0.0,False
167.84,2,Glass,-61.19,-7.36,88.55,0.2826,True
109.74,3,Concrete,-99.82,8.96,110.86,0.0001,False
122.51,0,None,-77.46,15.64,81.82,0.0,False
181.36,0,None,-68.75,3.53,85.23,0.0168,False
169.59,0,None,-82.74,18.1,84.64,0.0,False
26.2,3,Glass,-96.15,41.73,74.42,0.0,False
126.28,3,Concrete,-64.88,-27.21,112.08,0.4723,True
102.87,4,Glass,-92.97,24.67,88.3,0.0,False
76.37,2,Concrete,-76.15,-1.56,97.71,0.1158,True
130.42,3,Glass,-64.76,-3.6,88.36,0.1755,True
109.33,1,Glass,-94.29,31.46,82.83,0.0,False
82.05,0,None,-68.47,10.14,78.34,0.0001,False
45.09,4,Concrete,-63.11,-30.03,113.14,0.4792,True
64.77,1,Concrete,-97.63,31.34,86.28,0.0,False
81.74,1,Glass,-61.33,1.03,80.3,0.0571,False
196.13,0,None,-78.19,12.29,85.9,0.0,False
159.43,0,None,-68.49,4.38,84.11,0.0097,False
144.43,0,None,-89.63,26.38,83.25,0.0,False
118.08,1,Glass,-76.45,12.96,83.5,0.0,False
196.26,1,Glass,-62.26,-5.65,87.91,0.2296,True
164.8,4,Glass,-78.53,6.13,92.39,0.0021,False
87.41,2,Glass,-93.86,30.98,82.89,0.0,False
41.32,2,Glass,-80.07,23.69,76.38,0.0,False
89.97,3,Glass,-67.87,2.74,85.14,0.0244,False
23.77,0,None,-79.0,31.42,67.57,0.0,False
122.4,3,Concrete,-76.06,-15.75,111.81,0.4002,True
139.57,3,Glass,-93.0,24.05,88.95,0.0,False
33.57,0,None,-98.35,47.77,70.57,0.0,False
91.72,4,Glass,-75.11,7.8,87.3,0.0001,False
138.28,0,None,-99.24,36.37,82.87,0.0,False
196.23,2,Concrete,-86.96,1.05,105.91,0.0534,False
142.54,4,Concrete,-71.18,-31.96,123.13,0.4852,True
140.13,0,None,-69.4,6.41,82.98,0.0015,False
44.01,2,Glass,-86.87,29.95,76.93,0.0,False
103.13,4,Concrete,-66.56,-33.76,120.32,0.4852,True
87.27,4,Concrete,-97.41,-1.46,118.87,0.1208,True
172.34,1,Concrete,-80.36,5.58,94.78,0.0052,False
124.36,4,Glass,-84.54,14.59,89.95,0.0,False
177.34,1,Concrete,-85.99,10.96,95.03,0.0,False
106.09,2,Concrete,-82.34,1.77,100.57,0.0419,False
178.83,1,Concrete,-68.68,-6.43,95.1,0.2461,True
90.75,3,Concrete,-70.3,-18.92,109.21,0.4374,True
110.89,1,Glass,-61.41,-1.55,82.95,0.1229,True
70.53,3,Concrete,-98.08,11.06,107.02,0.0,False
57.47,0,None,-65.5,10.26,75.24,0.0,False
173.76,3,Concrete,-78.63,-16.22,114.85,0.4171,True
194.99,2,Concrete,-74.85,-11.01,105.85,0.3559,True
94.17,2,Concrete,-84.22,4.69,99.53,0.0063,False
22.99,2,Glass,-84.8,33.52,71.29,0.0,False
40.18,4,Glass,-82.92,22.78,80.13,0.0,False
56.92,4,Glass,-67.02,3.86,83.16,0.0136,False
29.2,3,Concrete,-91.86,12.49,99.36,0.0,False
27.69,4,Glass,-85.26,28.36,76.9,0.0,False
189.24,4,Glass,-62.46,-11.14,93.59,0.347,True
151.62,2,Concrete,-76.97,-6.7,103.67,0.2481,True
110.67,1,Concrete,-99.64,28.7,90.93,0.0,False
87.65,0,None,-63.56,4.65,78.91,0.0077,False
111.97,1,Glass,-72.36,9.32,83.04,0.0,False
64.25,3,Concrete,-67.2,-19.01,106.21,0.4336,True
152.97,3,Concrete,-63.67,-30.08,113.75,0.4776,True
197.3,3,Glass,-61.36,-10.6,91.96,0.3451,True
93.27,4,Glass,-66.4,-1.05,87.45,0.1036,True
39.53,1,Glass,-77.06,23.07,73.99,0.0,False
166.23,1,Glass,-74.12,7.65,86.47,0.0008,False
122.42,3,Glass,-79.78,11.97,87.81,0.0,False
81.24,1,Concrete,-81.71,13.46,88.25,0.0,False
82.6,3,Concrete,-62.28,-26.11,108.39,0.4705,True
152.45,1,Concrete,-60.89,-12.83,93.72,0.3719,True
53.91,3,Glass,-71.56,10.87,80.69,0.0,False
32.52,1,Glass,-67.09,14.8,72.3,0.0,False
117.0,2,Concrete,-83.19,1.77,101.42,0.0418,False
177.21,0,None,-69.11,4.09,85.02,0.0115,False
22.65,4,Glass,-81.75,26.59,75.16,0.0,False
156.44,1,Concrete,-65.84,-8.1,93.94,0.2942,True
82.84,3,Glass,-73.31,8.89,84.42,0.0,False
172.32,3,Concrete,-88.03,-6.75,114.78,0.2602,True
116.72,2,Glass,-86.09,20.69,85.4,0.0,False
16.49,3,Glass,-80.17,29.78,70.4,0.0,False
142.77,1,Glass,-96.7,31.55,85.15,0.0,False
139.52,4,Glass,-61.3,-9.64,90.95,0.3234,True
55.68,0,None,-85.99,31.02,74.97,0.0,False
190.16,0,None,-99.96,34.32,85.64,0.0,False
182.71,1,Glass,-77.42,10.13,87.29,0.0,False
76.18,3,Glass,-96.17,32.48,83.69,0.0,False
186.99,1,Glass,-68.43,0.94,87.49,0.057,False
140.71,3,Concrete,-73.52,-19.5,113.02,0.4372,True
30.81,3,Glass,-63.77,7.94,75.83,0.0003,False
102.44,2,Glass,-92.79,28.52,84.26,0.0,False
170.17,3,Glass,-64.31,-6.36,90.67,0.2525,True
15.26,3,Concrete,-90.53,16.81,93.73,0.0,False
81.25,4,Glass,-83.8,17.55,86.25,0.0,False
196.95,2,Concrete,-84.44,-1.5,105.94,0.1211,True
190.41,2,Glass,-73.17,3.52,89.65,0.0163,False
154.3,4,Concrete,-93.38,-10.44,123.82,0.331,True
72.84,3,Concrete,-68.22,-19.08,107.3,0.4453,True
113.42,2,Concrete,-67.08,-14.07,101.15,0.3859,True
49.42,1,Glass,-93.29,37.36,75.93,0.0,False
84.63,4,Glass,-94.86,28.26,86.61,0.0,False
165.8,3,Glass,-65.09,-5.35,90.45,0.2178,True
87.36,4,Glass,-63.42,-3.46,86.88,0.1698,True
146.64,0,None,-77.32,13.94,83.38,0.0,False
37.44,1,Concrete,-77.56,16.04,81.52,0.0,False
103.96,3,Concrete,-63.55,-26.84,110.39,0.4783,True
123.95,0,None,-61.43,-0.49,81.92,0.0924,False
86.45,2,Concrete,-67.73,-11.06,98.79,0.3421,True
13.75,4,Concrete,-61.6,-21.23,102.82,0.4489,True
123.34,4,Concrete,-72.42,-29.46,121.88,0.4824,True
23.02,0,None,-71.95,24.65,67.3,0.0,False
42.52,1,Glass,-99.09,44.47,74.63,0.0,False
113.01,0,None,-67.57,6.46,81.12,0.0017,False
16.63,1,Concrete,-98.56,44.09,74.47,0.0,False
30.64,4,Concrete,-89.88,0.1,109.78,0.0749,False
112.48,2,Concrete,-80.71,-0.37,101.08,0.0907,False
174.35,2,Glass,-86.61,17.73,88.88,0.0,False
71.73,0,None,-66.31,9.14,77.17,0.0,False
110.74,4,Glass,-63.61,-5.33,88.94,0.2259,True
112.94,2,Concrete,-94.59,13.48,101.11,0.0,False
133.66,2,Concrete,-89.93,7.36,102.57,0.0007,False
163.03,1,Glass,-80.47,14.17,86.3,0.0,False
198.96,3,Glass,-85.46,13.43,92.03,0.0,False
152.93,2,Concrete,-87.82,4.08,103.74,0.0123,False
68.12,1,Concrete,-74.92,8.2,86.72,0.0002,False
185.37,3,Concrete,-64.3,-31.12,115.42,0.4853,True
151.63,3,Glass,-95.99,26.32,89.67,0.0,False
103.67,1,Glass,-99.44,37.07,82.37,0.0,False
122.92,3,Concrete,-61.41,-30.44,111.85,0.4736,True
92.0,3,Glass,-85.74,20.41,85.33,0.0,False
135.18,4,Glass,-88.38,17.71,90.67,0.0,False
12.44,3,Concrete,-82.83,10.88,91.95,0.0,False
149.74,0,None,-93.55,29.99,83.56,0.0,False
179.88,4,Concrete,-67.31,-37.85,125.15,0.4998,True
108.42,0,None,-85.81,25.05,80.76,0.0,False
86.62,3,Concrete,-87.96,-0.85,108.81,0.0996,False
112.62,3,Concrete,-67.49,-23.6,111.09,0.4581,True
71.26,4,Glass,-70.78,5.67,85.11,0.0039,False
52.65,1,Concrete,-83.32,18.84,84.48,0.0,False
77.35,1,Glass,-77.92,18.1,79.82,0.0,False
83.97,2,Glass,-62.33,-0.21,82.54,0.0781,False
191.53,0,None,-81.24,15.54,85.7,0.0,False
156.1,0,None,-68.18,4.25,83.92,0.0092,False
87.34,2,Glass,-77.16,14.28,82.88,0.0,False
105.61,3,Glass,-71.35,4.82,86.53,0.007,False
130.44,1,Glass,-87.21,22.85,84.36,0.0,False
81.73,4,Glass,-77.41,11.11,86.3,0.0,False
66.56,0,None,-76.96,20.45,76.52,0.0,False
77.97,0,None,-95.7,37.8,77.89,0.0,False
61.77,2,Concrete,-83.33,7.46,95.87,0.0003,False
72.18,4,Concrete,-86.81,-10.41,117.22,0.3394,True
107.9,4,Concrete,-93.89,-6.82,120.71,0.2647,True
152.3,1,Glass,-89.46,23.75,85.71,0.0,False
111.6,3,Concrete,-74.65,-16.36,111.01,0.4113,True
35.59,4,Glass,-91.31,32.23,79.08,0.0,False
176.92,3,Concrete,-85.18,-9.83,115.01,0.3238,True
191.85,2,Concrete,-76.22,-9.49,105.71,0.317,True
18.3,4,Concrete,-82.84,-2.47,105.3,0.1514,True
164.12,3,Glass,-89.85,19.5,90.36,0.0,False
55.98,2,Concrete,-95.14,20.12,95.02,0.0,False
47.46,4,Glass,-96.79,35.21,81.58,0.0,False
37.53,3,Concrete,-81.78,0.24,101.54,0.0757,False
110.11,0,None,-85.52,24.63,80.89,0.0,False
193.38,2,Concrete,-66.66,-19.12,105.78,0.4428,True
121.5,0,None,-67.24,5.49,81.75,0.0056,False
17.79,1,Glass,-67.49,20.44,67.06,0.0,False
169.57,3,Glass,-80.08,9.44,90.64,0.0,False
48.66,3,Concrete,-83.19,-0.61,103.8,0.1008,True
60.07,4,Glass,-85.64,22.02,83.63,0.0,False
123.9,0,None,-74.7,12.78,81.92,0.0,False
151.58,4,Glass,-99.86,28.19,91.67,0.0,False
12.16,1,Concrete,-88.88,37.13,71.75,0.0,False
164.88,3,Glass,-92.98,22.59,90.4,0.0,False
88.04,3,Glass,-64.32,-0.62,84.95,0.0964,False
63.04,0,None,-97.18,41.13,76.05,0.0,False
107.36,0,None,-88.47,27.8,80.67,0.0,False
176.24,3,Glass,-83.16,12.18,90.98,0.0,False
45.48,0,None,-81.65,28.44,73.21,0.0,False
65.43,3,Glass,-86.44,24.07,82.37,0.0,False
170.95,2,Concrete,-66.02,-18.69,104.71,0.4341,True
186.54,2,Glass,-69.86,0.39,89.47,0.0698,False
35.89,4,Concrete,-76.35,-14.8,111.15,0.3991,True
47.61,1,Glass,-83.87,28.27,75.61,0.0,False
49.97,3,Concrete,-96.59,12.57,104.03,0.0,False
55.39,3,Glass,-61.42,0.5,80.92,0.0727,False
36.03,2,Glass,-62.56,7.37,75.19,0.0006,False
26.99,0,None,-84.64,35.96,68.68,0.0,False
86.91,0,None,-64.87,6.04,78.84,0.002,False
157.16,3,Concrete,-81.57,-12.41,113.98,0.3737,True
105.42,0,None,-89.76,29.25,80.51,0.0,False
62.59,1,Concrete,-90.89,24.91,85.98,0.0,False
76.64,0,None,-84.69,26.94,77.74,0.0,False
144.86,4,Concrete,-78.42,-24.85,123.27,0.4688,True
183.86,4,Concrete,-68.97,-36.37,125.34,0.4917,True
185.68,0,None,-67.03,1.6,85.43,0.042,False
111.06,3,Glass,-72.9,5.93,86.97,0.0028,False
198.68,1,Concrete,-89.88,13.86,96.02,0.0,False
65.38,4,Concrete,-74.51,-21.85,116.36,0.4395,True
176.94,2,Concrete,-85.64,0.63,105.01,0.0663,False
104.3,2,Concrete,-75.3,-5.12,100.42,0.2078,True
68.7,4,Concrete,-60.62,-36.17,116.79,0.4849,True
161.82,2,Concrete,-82.38,-1.85,104.23,0.1219,True
184.21,3,Glass,-71.79,0.43,91.36,0.0668,False
117.59,0,None,-66.3,4.84,81.46,0.0076,False
13.17,4,Concrete,-87.52,5.07,102.45,0.0059,False
173.1,0,None,-97.99,33.17,84.82,0.0,False
149.28,0,None,-82.19,18.65,83.53,0.0,False
161.44,4,Concrete,-83.39,-20.83,124.21,0.4485,True
18.04,1,Glass,-86.98,39.8,67.18,0.0,False
17.01,1,Concrete,-96.45,41.78,74.67,0.0,False
21.34,2,Concrete,-75.05,8.41,86.64,0.0,False
32.88,4,Glass,-84.9,26.51,78.39,0.0,False
129.88,0,None,-64.8,2.47,82.33,0.0316,False
10.35,4,Concrete,-70.39,-9.96,100.35,0.3331,True
157.42,0,None,-61.47,-2.53,84.0,0.1387,True
121.99,0,None,-86.85,25.07,81.78,0.0,False
25.24,3,Glass,-72.5,18.41,74.1,0.0,False
199.46,0,None,-62.01,-4.04,86.05,0.1835,True
174.99,4,Concrete,-91.41,-13.5,124.91,0.3861,True
35.37,0,None,-70.9,19.88,71.03,0.0,False
162.83,2,Concrete,-83.16,-1.13,104.29,0.1097,True
100.12,3,Concrete,-82.55,-7.52,110.06,0.2782,True
131.46,3,Concrete,-78.59,-13.84,112.43,0.3889,True
60.9,1,Glass,-78.29,20.55,77.75,0.0,False
197.75,0,None,-93.45,27.47,85.98,0.0,False
91.46,2,Concrete,-62.88,-16.4,99.28,0.4105,True
151.85,3,Concrete,-64.21,-29.47,113.68,0.4806,True
128.35,0,None,-95.3,33.08,82.22,0.0,False
176.16,4,Glass,-70.95,-2.02,92.97,0.1345,True
138.66,0,None,-83.35,20.46,82.89,0.0,False
129.38,1,Concrete,-93.35,21.06,92.29,0.0,False
141.18,2,Concrete,-66.78,-16.27,103.05,0.4162,True
151.9,4,Glass,-66.44,-5.25,91.69,0.2194,True
99.52,4,Concrete,-84.43,-15.59,120.01,0.4024,True
172.13,2,Concrete,-92.5,7.73,104.77,0.0001,False
166.72,1,Glass,-64.19,-2.3,86.49,0.1332,True
119.1,0,None,-82.61,21.04,81.57,0.0,False
122.8,2,Concrete,-94.5,12.66,101.84,0.0,False
102.28,0,None,-88.94,28.69,80.25,0.0,False
39.74,2,Concrete,-62.68,-9.36,92.04,0.3203,True
175.1,3,Glass,-89.19,18.27,90.92,0.0,False
173.85,1,Glass,-67.21,0.35,86.86,0.072,False
65.42,0,None,-97.29,40.92,76.37,0.0,False
163.3,2,Glass,-76.75,8.44,88.31,0.0002,False
147.4,2,Glass,-61.7,-5.72,87.42,0.2295,True
111.26,2,Glass,-69.02,4.04,84.98,0.0126,False
172.42,0,None,-78.22,13.44,84.79,0.0,False
146.79,0,None,-71.71,8.32,83.39,0.0002,False
165.58,4,Concrete,-97.92,-6.51,124.43,0.2483,True
133.33,1,Concrete,-61.24,-11.31,92.55,0.361,True
135.1,1,Concrete,-90.46,17.79,92.67,0.0,False
110.61,1,Glass,-75.82,12.89,82.93,0.0,False
94.65,4,Concrete,-75.66,-23.92,119.58,0.4665,True
127.1,4,Glass,-67.85,-2.29,90.14,0.1327,True
121.49,3,Concrete,-60.45,-31.29,111.74,0.4874,True
124.51,2,Concrete,-91.42,9.47,101.96,0.0,False
161.18,1,Concrete,-75.59,1.39,94.2,0.0451,False
130.4,1,Glass,-97.74,33.38,84.36,0.0,False
199.71,3,Glass,-74.77,2.71,92.06,0.0276,False
121.36,4,Glass,-69.71,-0.03,89.74,0.0792,False
176.41,3,Glass,-93.2,22.22,90.98,0.0,False
193.66,1,Glass,-63.63,-4.17,87.8,0.1933,True
141.43,1,Glass,-72.47,7.4,85.07,0.0003,False
50.97,1,Concrete,-65.05,0.85,84.2,0.0581,False
174.12,2,Concrete,-75.45,-9.42,104.87,0.3179,True
115.74,4,Glass,-96.89,27.57,89.32,0.0,False
86.7,3,Concrete,-99.14,10.33,108.81,0.0,False
160.76,1,Concrete,-99.09,24.91,94.18,0.0,False
106.5,1,Concrete,-64.44,-6.16,90.6,0.2525,True
123.96,3,Glass,-97.99,30.08,87.92,0.0,False
194.1,0,None,-80.87,15.06,85.81,0.0,False
96.59,2,Concrete,-75.08,-4.67,99.75,0.214,True
120.67,4,Concrete,-90.94,-10.74,121.69,0.3402,True
57.88,0,None,-94.27,38.97,75.3,0.0,False
121.77,3,Concrete,-67.1,-24.67,111.76,0.4691,True
189.64,0,None,-85.9,20.29,85.61,0.0,False
64.12,0,None,-88.35,32.16,76.19,0.0,False
149.81,2,Concrete,-81.64,-1.93,103.56,0.1249,True
50.23,2,Concrete,-75.86,1.78,94.07,0.0411,False
88.65,1,Glass,-89.7,28.69,81.01,0.0,False
114.85,2,Concrete,-70.26,-11.0,101.26,0.3426,True
70.0,3,Glass,-78.58,15.62,82.96,0.0,False
33.16,0,None,-71.83,21.36,70.47,0.0,False
113.39,1,Concrete,-79.67,8.53,91.15,0.0002,False
148.59,1,Concrete,-72.32,-1.17,93.49,0.1088,True
113.03,2,Concrete,-78.0,-3.12,101.12,0.1576,True
28.59,1,Glass,-67.86,16.68,71.18,0.0,False
19.59,1,Glass,-98.78,50.88,67.89,0.0,False
120.23,3,Glass,-63.43,-4.23,87.65,0.1928,True
140.91,0,None,-60.98,-2.06,83.03,0.1293,True
94.97,4,Concrete,-69.6,-30.0,119.61,0.4868,True
157.34,1,Glass,-85.82,19.83,85.99,0.0,False
37.31,0,None,-74.62,23.13,71.49,0.0,False
169.09,4,Concrete,-76.29,-28.33,124.62,0.4809,True
22.25,1,Concrete,-92.25,35.25,77.0,0.0,False
64.71,1,Glass,-89.34,31.06,78.27,0.0,False
14.37,4,Glass,-91.1,39.9,71.21,0.0,False
182.86,3,Concrete,-94.28,-1.02,115.3,0.1051,True
24.35,4,Concrete,-82.42,-5.36,107.79,0.2286,True
172.88,4,Glass,-97.24,24.43,92.81,0.0,False
193.62,1,Concrete,-85.78,9.98,95.79,0.0,False
28.23,4,Concrete,-68.39,-20.68,109.07,0.4487,True
20.65,3,Glass,-95.62,43.27,72.35,0.0,False
173.22,3,Concrete,-72.39,-22.44,114.83,0.4589,True
105.85,2,Glass,-97.53,32.98,84.55,0.0,False
63.84,3,Concrete,-62.49,-23.67,106.16,0.4641,True
62.24,0,None,-90.26,34.32,75.94,0.0,False
99.67,0,None,-68.92,8.9,80.03,0.0,False
35.87,0,None,-94.52,43.37,71.15,0.0,False
49.81,1,Glass,-61.97,5.97,76.0,0.0025,False
102.82,3,Glass,-82.68,16.39,86.3,0.0,False
197.67,4,Glass,-89.51,15.53,93.97,0.0,False
136.43,2,Concrete,-71.65,-11.11,102.75,0.3363,True
184.61,0,None,-71.61,6.23,85.38,0.0015,False
43.46,2,Glass,-91.32,34.51,76.82,0.0,False
29.24,1,Concrete,-94.39,35.02,79.37,0.0,False
18.83,2,Glass,-88.41,38.86,69.55,0.0,False
99.46,1,Concrete,-63.9,-6.11,90.01,0.2392,True
154.52,4,Glass,-78.96,7.13,91.83,0.0009,False
170.92,0,None,-97.24,32.53,84.71,0.0,False
23.27,0,None,-95.87,48.48,67.39,0.0,False
174.19,3,Concrete,-65.08,-29.79,114.87,0.4728,True
106.03,3,Glass,-86.2,19.63,86.56,0.0,False
72.84,1,Concrete,-63.41,-3.89,87.3,0.1798,True
113.46,2,Glass,-99.54,34.39,85.15,0.0,False
72.97,0,None,-75.49,18.17,77.32,0.0,False
73.4,2,Concrete,-70.96,-6.41,97.37,0.2523,True
175.83,0,None,-91.14,26.18,84.96,0.0,False
53.65,1,Concrete,-88.68,24.03,84.65,0.0,False
25.54,4,Concrete,-64.38,-23.82,108.2,0.4663,True
28.25,0,None,-61.18,12.11,69.07,0.0,False
49.24,3,Glass,-96.28,36.38,79.9,0.0,False
166.04,4,Glass,-63.37,-9.09,92.46,0.3088,True
21.98,1,Concrete,-61.02,4.13,76.89,0.013,False
21.43,1,Glass,-72.93,24.25,68.68,0.0,False
139.98,4,Concrete,-91.6,-11.37,122.98,0.349,True
40.58,3,Glass,-66.3,8.07,78.22,0.0003,False
61.42,3,Glass,-69.74,7.92,81.82,0.0004,False
136.1,0,None,-94.21,31.48,82.73,0.0,False
165.54,4,Glass,-61.04,-11.4,92.43,0.3508,True
23.69,0,None,-85.09,37.55,67.55,0.0,False
187.47,4,Glass,-80.05,6.54,93.51,0.0014,False
148.96,0,None,-97.93,34.41,83.52,0.0,False
26.36,2,Concrete,-62.56,-5.91,88.47,0.2398,True
197.78,1,Concrete,-80.51,4.53,95.98,0.009,False
13.1,2,Concrete,-86.63,24.23,82.4,0.0,False
21.65,0,None,-98.48,51.72,66.76,0.0,False
129.29,1,Concrete,-62.9,-9.38,92.29,0.318,True
111.62,2,Glass,-83.47,18.46,85.01,0.0,False
80.22,4,Concrete,-97.49,-0.65,118.14,0.093,False
163.73,4,Glass,-62.99,-9.35,92.34,0.3116,True
74.28,3,Concrete,-60.21,-27.26,107.47,0.4764,True
35.67,3,Concrete,-65.24,-15.86,101.1,0.4043,True
172.56,1,Concrete,-66.7,-8.09,94.79,0.2861,True
96.91,3,Concrete,-82.35,-7.43,109.78,0.2722,True
181.3,0,None,-77.64,12.41,85.22,0.0,False
114.63,3,Concrete,-89.25,-1.99,111.24,0.1279,True
180.43,1,Glass,-72.01,4.83,87.18,0.0069,False
159.19,3,Concrete,-72.11,-21.98,114.09,0.4528,True
65.41,2,Concrete,-71.93,-4.43,96.37,0.1956,True
31.29,0,None,-76.63,26.67,69.96,0.0,False
105.69,4,Concrete,-60.39,-40.15,120.54,0.4898,True
102.6,3,Glass,-80.23,13.95,86.28,0.0,False
166.93,4,Concrete,-72.98,-31.52,124.51,0.4866,True
26.39,0,None,-72.93,24.45,68.48,0.0,False
45.85,4,Glass,-77.98,16.7,81.28,0.0,False
181.91,3,Concrete,-63.24,-32.01,115.25,0.4866,True
179.22,0,None,-83.97,18.85,85.12,0.0,False
139.85,1,Concrete,-86.18,13.21,92.97,0.0,False
161.82,0,None,-71.12,6.88,84.23,0.0014,False
92.54,3,Glass,-80.01,14.63,85.38,0.0,False
87.35,2,Glass,-99.5,36.62,82.88,0.0,False
84.28,2,Glass,-70.85,8.28,82.57,0.0002,False
110.69,3,Concrete,-98.28,7.34,110.94,0.0001,False
26.56,3,Glass,-86.0,31.46,74.54,0.0,False
197.13,0,None,-99.33,33.38,85.95,0.0,False
126.11,4,Concrete,-63.64,-38.43,122.07,0.4857,True
76.88,1,Glass,-99.25,39.48,79.77,0.0,False
66.64,1,Glass,-87.77,29.24,78.53,0.0,False
147.43,4,Concrete,-60.13,-43.29,123.43,0.4946,True
10.03,4,Glass,-77.8,29.72,68.08,0.0,False
194.39,2,Glass,-79.44,9.61,89.83,0.0,False
78.9,2,Concrete,-73.16,-4.84,98.0,0.2055,True
154.21,2,Glass,-66.99,-0.82,87.82,0.1045,True
117.94,0,None,-79.68,18.2,81.49,0.0,False
109.39,4,Concrete,-73.18,-27.65,120.83,0.4787,True
187.35,3,Glass,-60.61,-10.9,91.51,0.3357,True
110.84,4,Concrete,-98.97,-1.98,120.95,0.1274,True
119.28,2,Glass,-93.29,27.7,85.59,0.0,False
192.88,4,Glass,-75.53,1.77,93.76,0.0386,False
78.7,2,Concrete,-99.09,21.12,97.97,0.0,False
199.61,4,Concrete,-79.2,-26.86,126.06,0.4779,True
185.8,2,Concrete,-64.62,-20.82,105.43,0.4524,True
195.79,3,Glass,-90.21,18.32,91.89,0.0,False
175.85,4,Concrete,-87.65,-17.31,124.96,0.4281,True
44.57,4,Concrete,-61.71,-31.32,113.03,0.4828,True
94.01,1,Glass,-80.83,19.32,81.52,0.0,False
71.0,0,None,-95.77,38.69,77.08,0.0,False
20.2,1,Glass,-93.8,45.64,68.16,0.0,False
97.76,3,Concrete,-79.79,-10.06,109.86,0.3254,True
152.08,0,None,-80.56,16.86,83.7,0.0,False
50.5,2,Glass,-90.2,32.08,78.12,0.0,False
89.89,0,None,-84.19,25.06,79.13,0.0,False
194.02,2,Glass,-78.63,8.82,89.81,0.0,False
168.68,4,Concrete,-92.17,-12.43,124.6,0.378,True
127.79,4,Concrete,-95.59,-6.6,122.18,0.2484,True
90.0,0,None,-88.2,29.06,79.14,0.0,False
118.25,4,Concrete,-74.81,-26.7,121.51,0.4727,True
187.59,1,Glass,-90.91,23.39,87.52,0.0,False
53.63,2,Glass,-95.18,36.54,78.64,0.0,False
33.16,1,Concrete,-82.93,22.46,80.47,0.0,False
59.16,3,Concrete,-99.32,13.83,105.49,0.0,False
131.12,3,Concrete,-61.59,-30.82,112.41,0.4818,True
59.8,4,Concrete,-80.21,-15.38,115.59,0.4021,True
45.93,3,Glass,-74.61,15.32,79.3,0.0,False
18.4,1,Glass,-77.19,29.84,67.35,0.0,False
54.65,0,None,-94.19,39.39,74.81,0.0,False
67.93,0,None,-95.22,38.53,76.7,0.0,False
91.67,4,Concrete,-96.93,-2.36,119.3,0.1371,True
141.51,2,Glass,-66.99,-0.08,87.07,0.0801,False
107.14,4,Concrete,-89.73,-10.93,120.65,0.3374,True
104.39,0,None,-61.67,1.24,80.43,0.0509,False
124.57,3,Concrete,-72.13,-19.83,111.96,0.4438,True
29.11,4,Glass,-76.03,18.7,77.34,0.0,False
38.62,2,Concrete,-68.08,-3.71,91.79,0.1768,True
13.67,3,Concrete,-99.49,26.72,92.77,0.0,False
78.43,4,Glass,-93.54,27.59,85.94,0.0,False
19.86,0,None,-80.95,34.94,66.01,0.0,False
110.29,0,None,-85.16,24.26,80.9,0.0,False
95.2,4,Concrete,-80.77,-18.85,119.63,0.4453,True
86.78,1,Glass,-82.59,21.77,80.82,0.0,False
175.32,2,Concrete,-68.27,-16.67,104.93,0.4234,True
167.85,0,None,-85.45,20.9,84.55,0.0,False
177.3,0,None,-89.5,24.47,85.03,0.0,False
184.41,1,Glass,-73.03,5.66,87.37,0.0029,False
21.05,3,Concrete,-99.17,22.65,96.52,0.0,False
140.6,3,Glass,-98.35,29.33,89.01,0.0,False
76.36,1,Glass,-69.64,9.93,79.71,0.0,False
151.65,2,Glass,-78.69,11.02,87.67,0.0,False
188.86,1,Concrete,-69.16,-6.42,95.58,0.2514,True
35.97,1,Glass,-84.64,31.46,73.17,0.0,False
106.3,0,None,-81.25,20.66,80.58,0.0,False
94.23,3,Concrete,-60.24,-29.3,109.54,0.4822,True
39.37,1,Concrete,-86.83,24.87,81.96,0.0,False
184.62,2,Glass,-80.31,10.93,89.38,0.0,False
135.32,3,Concrete,-66.69,-25.99,112.68,0.4721,True
79.3,3,Concrete,-95.71,7.67,108.04,0.0002,False
85.15,1,Glass,-94.3,33.64,80.66,0.0,False
66.61,0,None,-90.63,34.11,76.52,0.0,False
161.55,2,Concrete,-68.79,-15.44,104.22,0.4004,True
182.06,0,None,-60.79,-4.46,85.26,0.1955,True
113.3,3,Concrete,-72.69,-18.45,111.14,0.4338,True
26.6,3,Concrete,-68.64,-9.91,98.55,0.3278,True
114.9,1,Concrete,-93.09,21.83,91.26,0.0,False
199.04,1,Glass,-93.23,25.2,88.03,0.0,False
76.03,3,Glass,-82.69,19.02,83.67,0.0,False
153.41,0,None,-94.25,30.48,83.77,0.0,False
14.85,0,None,-98.24,54.75,63.49,0.0,False
130.08,1,Concrete,-73.8,1.46,92.34,0.0459,False
149.07,0,None,-85.12,21.6,83.52,0.0,False
181.14,1,Concrete,-82.27,7.05,95.21,0.0009,False
60.88,4,Glass,-74.65,10.91,83.74,0.0,False
104.93,2,Glass,-99.04,34.57,84.47,0.0,False
114.42,0,None,-97.11,35.88,81.22,0.0,False
159.35,4,Concrete,-76.78,-27.32,124.1,0.4781,True
43.84,3,Concrete,-87.53,4.64,102.89,0.0089,False
89.32,1,Glass,-65.01,3.94,81.07,0.0113,False
39.09,3,Concrete,-92.22,10.32,101.89,0.0,False
134.2,0,None,-71.46,8.85,82.61,0.0,False
126.58,4,Glass,-84.93,14.83,90.1,0.0,False
95.13,0,None,-76.93,17.31,79.62,0.0,False
156.23,3,Glass,-92.23,22.3,89.93,0.0,False
41.31,1,Concrete,-63.08,0.7,82.38,0.0644,False
60.15,3,Glass,-79.36,17.72,81.64,0.0,False
199.75,3,Concrete,-82.75,-13.32,116.06,0.3911,True
176.22,2,Glass,-70.68,1.71,88.98,0.0425,False
166.87,1,Concrete,-93.54,19.04,94.5,0.0,False
172.47,4,Concrete,-74.99,-29.8,124.79,0.4761,True
58.26,3,Concrete,-86.56,1.2,105.36,0.0525,False
144.06,2,Concrete,-60.65,-22.57,103.23,0.4544,True
36.28,0,None,-69.83,18.59,71.25,0.0,False
181.05,4,Glass,-76.81,3.6,93.21,0.0169,False
113.07,4,Glass,-82.16,13.04,89.12,0.0,False
111.91,1,Concrete,-74.84,3.81,91.03,0.016,False
17.74,0,None,-69.97,24.94,65.03,0.0,False
118.5,0,None,-87.13,25.6,81.53,0.0,False
112.35,0,None,-91.08,30.01,81.07,0.0,False
174.9,2,Concrete,-97.74,12.83,104.91,0.0,False
26.99,4,Glass,-90.42,33.75,76.68,0.0,False
185.04,2,Glass,-72.37,2.97,89.4,0.0206,False
185.06,1,Glass,-69.96,2.56,87.4,0.0299,False
105.95,4,Glass,-63.31,-5.25,88.56,0.2181,True
79.53,4,Concrete,-74.21,-23.86,118.06,0.4679,True
186.8,0,None,-69.29,3.81,85.48,0.0143,False
147.45,3,Glass,-92.1,22.67,89.43,0.0,False
74.49,2,Glass,-83.31,21.81,81.5,0.0,False
179.23,1,Concrete,-62.65,-12.47,95.12,0.3585,True
55.93,2,Glass,-65.41,6.4,79.01,0.0015,False
86.65,3,Concrete,-91.96,3.15,108.81,0.0232,False
68.77,4,Glass,-63.87,-0.93,84.8,0.0982,False
103.92,3,Concrete,-79.23,-11.16,110.39,0.3506,True
171.17,2,Glass,-88.54,19.82,88.72,0.0,False
98.18,0,None,-67.92,8.03,79.89,0.0001,False
38.08,4,Concrete,-75.05,-16.62,111.67,0.4236,True
98.39,0,None,-82.98,23.07,79.91,0.0,False
170.51,2,Glass,-62.26,-6.43,88.69,0.2509,True
104.4,3,Glass,-73.02,6.59,86.43,0.0008,False
38.48,4,Glass,-60.57,0.82,79.76,0.058,False
127.33,4,Concrete,-99.6,-2.55,122.15,0.1482,True
66.53,0,None,-73.51,17.0,76.51,0.0,False
86.44,0,None,-94.93,36.14,78.79,0.0,False
83.57,3,Glass,-61.62,-2.87,84.49,0.1498,True
163.26,2,Glass,-91.9,23.59,88.31,0.0,False
44.14,2,Concrete,-65.41,-7.54,92.95,0.2728,True
81.86,1,Concrete,-87.77,19.46,88.32,0.0,False
14.4,2,Concrete,-81.82,18.6,83.22,0.0,False
149.04,1,Glass,-81.34,15.82,85.52,0.0,False
122.84,1,Concrete,-61.93,-9.91,91.84,0.3218,True
52.12,2,Concrete,-76.87,2.48,94.39,0.0295,False
26.55,0,None,-60.93,12.4,68.53,0.0,False
50.95,2,Concrete,-68.87,-5.32,94.2,0.2264,True
18.56,2,Concrete,-67.48,2.06,85.43,0.0386,False
32.85,4,Glass,-90.43,32.05,78.39,0.0,False
99.51,3,Glass,-95.75,29.74,86.01,0.0,False
177.64,3,Concrete,-72.45,-22.59,115.04,0.4591,True
82.34,3,Concrete,-61.16,-27.2,108.37,0.4778,True
196.12,2,Glass,-79.86,9.95,89.9,0.0,False
47.72,1,Glass,-85.98,30.35,75.63,0.0,False
192.43,4,Concrete,-82.71,-23.03,125.74,0.4545,True
40.69,1,Concrete,-99.79,37.55,82.24,0.0,False
183.06,1,Glass,-69.59,2.29,87.31,0.0328,False
141.96,3,Glass,-94.91,25.81,89.1,0.0,False
128.39,0,None,-85.94,23.71,82.23,0.0,False
11.32,0,None,-72.93,31.8,61.13,0.0,False
21.59,1,Glass,-89.76,41.03,68.74,0.0,False
32.27,2,Glass,-87.29,33.06,74.23,0.0,False
192.41,2,Glass,-91.51,21.77,89.74,0.0,False
39.6,4,Glass,-63.56,3.55,80.01,0.0177,False
105.27,4,Concrete,-84.25,-16.25,120.5,0.4068,True
35.08,1,Glass,-80.5,27.54,72.96,0.0,False
118.11,4,Glass,-87.69,18.19,89.5,0.0,False
45.79,3,Glass,-65.55,6.28,79.27,0.0012,False
56.52,2,Glass,-99.26,40.16,79.1,0.0,False
52.2,2,Glass,-84.1,25.69,78.41,0.0,False
188.34,2,Glass,-82.64,13.09,89.55,0.0,False
153.99,2,Glass,-91.16,23.35,87.8,0.0,False
140.26,3,Concrete,-82.94,-10.05,112.99,0.3196,True
121.06,4,Concrete,-71.61,-30.1,121.71,0.4872,True
59.16,1,Concrete,-68.63,3.13,85.49,0.019,False
67.96,1,Glass,-62.96,4.26,78.7,0.0084,False
109.08,0,None,-74.61,13.8,80.81,0.0,False
85.7,0,None,-62.76,4.05,78.71,0.0131,False
38.27,2,Concrete,-90.78,19.07,91.71,0.0,False
161.67,1,Glass,-98.01,31.78,86.23,0.0,False
159.56,1,Glass,-66.96,0.85,86.11,0.061,False
162.35,1,Glass,-68.68,2.41,86.26,0.0288,False
48.8,1,Concrete,-94.33,30.5,83.82,0.0,False
40.47,1,Glass,-89.72,35.52,74.2,0.0,False
83.6,3,Glass,-85.78,21.28,84.5,0.0,False
167.86,3,Concrete,-61.2,-33.36,114.55,0.4846,True
65.46,3,Glass,-73.85,11.48,82.37,0.0,False
20.43,4,Glass,-69.94,15.68,74.26,0.0,False
131.4,0,None,-94.68,32.25,82.43,0.0,False
178.16,4,Concrete,-89.24,-15.83,125.07,0.406,True
124.62,1,Concrete,-77.29,5.32,91.97,0.0045,False
92.37,2,Concrete,-78.29,-1.08,99.37,0.1056,True
95.74,1,Glass,-64.01,2.34,81.68,0.0324,False
60.16,1,Concrete,-68.09,2.45,85.64,0.0297,False
19.07,0,None,-91.64,45.98,65.66,0.0,False
46.33,0,None,-78.47,25.1,73.37,0.0,False
69.76,0,None,-86.18,29.25,76.93,0.0,False
179.6,2,Concrete,-70.03,-15.11,105.14,0.4048,True
106.4,1,Concrete,-82.61,12.01,90.59,0.0,False
22.14,3,Glass,-61.97,9.02,72.96,0.0,False
68.74,2,Glass,-63.82,3.02,80.8,0.0211,False
16.88,4,Concrete,-98.44,13.84,104.6,0.0,False
64.6,0,None,-72.1,15.84,76.26,0.0,False
175.71,2,Concrete,-61.59,-23.36,104.95,0.4652,True
126.55,0,None,-93.65,31.55,82.1,0.0,False
71.12,2,Glass,-62.91,1.82,81.09,0.0444,False
70.16,0,None,-73.05,16.07,76.98,0.0,False
85.63,1,Concrete,-70.19,1.49,88.71,0.0476,False
185.57,0,None,-82.01,16.58,85.42,0.0,False
197.21,3,Glass,-83.89,11.93,91.95,0.0,False
196.55,3,Glass,-61.37,-10.55,91.92,0.343,True
23.25,2,Concrete,-77.89,10.51,87.38,0.0,False
83.65,1,Concrete,-66.98,-1.53,88.5,0.1197,True
190.85,2,Concrete,-96.92,11.25,105.67,0.0,False
15.03,4,Concrete,-87.75,4.15,103.59,0.0109,False
36.14,0,None,-87.18,35.97,71.21,0.0,False
133.35,4,Concrete,-68.91,-33.64,122.55,0.4864,True
21.97,4,Concrete,-67.18,-19.71,106.89,0.4452,True
109.03,3,Glass,-78.14,11.34,86.81,0.0,False
129.71,0,None,-75.23,12.92,82.31,0.0,False
94.2,3,Glass,-86.82,21.28,85.54,0.0,False
37.7,4,Concrete,-99.52,7.94,111.58,0.0002,False
185.31,0,None,-64.05,-1.36,85.41,0.1138,True
78.87,0,None,-68.06,10.07,77.99,0.0,False
157.47,4,Glass,-65.43,-6.56,92.0,0.256,True
52.49,3,Glass,-71.49,11.04,80.46,0.0,False
155.32,3,Glass,-61.77,-8.11,89.88,0.293,True
34.08,3,Glass,-74.75,18.05,76.7,0.0,False
97.61,1,Concrete,-90.79,20.95,89.84,0.0,False
62.62,4,Glass,-82.49,18.5,83.99,0.0,False
117.76,4,Concrete,-61.86,-39.61,121.47,0.4904,True
100.87,0,None,-60.48,0.35,80.13,0.0649,False
30.1,3,Concrete,-75.59,-4.03,99.62,0.1903,True
100.19,1,Glass,-97.33,35.26,82.07,0.0,False
98.63,1,Glass,-79.9,17.96,81.93,0.0,False
24.02,2,Glass,-67.41,15.74,71.67,0.0,False
106.87,0,None,-82.97,22.34,80.63,0.0,False
172.47,1,Concrete,-65.4,-9.39,94.79,0.3135,True
156.06,1,Glass,-89.76,23.84,85.92,0.0,False
196.58,4,Concrete,-65.37,-40.55,125.93,0.4879,True
160.05,4,Concrete,-62.61,-41.53,124.14,0.4882,True
54.39,1,Glass,-87.73,30.97,76.76,0.0,False
122.51,0,None,-69.86,8.05,81.82,0.0001,False
33.05,3,Concrete,-83.01,2.57,100.44,0.0303,False
99.32,1,Concrete,-78.03,8.03,90.0,0.0004,False
41.61,3,Concrete,-82.61,0.18,102.44,0.0706,False
111.5,2,Glass,-62.46,-2.54,85.0,0.1426,True
179.58,2,Glass,-73.26,4.12,89.14,0.0125,False
193.54,3,Glass,-81.99,10.2,91.79,0.0,False
34.34,0,None,-85.77,35.0,70.77,0.0,False
50.54,0,None,-96.86,42.74,74.13,0.0,False
45.36,4,Glass,-87.04,25.85,81.19,0.0,False
37.78,1,Glass,-68.1,14.5,73.6,0.0,False
164.39,2,Glass,-82.5,14.13,88.37,0.0,False
55.48,4,Glass,-84.34,21.4,82.94,0.0,False
91.77,1,Glass,-63.67,2.36,81.31,0.0294,False
182.1,3,Concrete,-62.95,-32.31,115.26,0.49,True
85.06,4,Concrete,-65.43,-33.21,118.65,0.4914,True
160.63,1,Concrete,-85.78,11.61,94.17,0.0,False
165.54,4,Concrete,-74.19,-30.24,124.43,0.4855,True
149.73,1,Glass,-88.01,22.45,85.56,0.0,False
73.73,1,Concrete,-87.56,20.15,87.41,0.0,False
14.06,2,Concrete,-67.84,4.82,83.02,0.0063,False
199.75,3,Glass,-74.33,2.26,92.06,0.0336,False
157.21,2,Concrete,-76.63,-7.35,103.98,0.2678,True
158.05,1,Glass,-72.51,6.48,86.03,0.0009,False
194.64,3,Glass,-87.64,15.8,91.84,0.0,False
102.31,1,Concrete,-77.96,7.71,90.25,0.0002,False
121.57,1,Concrete,-94.96,23.21,91.75,0.0,False
150.23,2,Glass,-71.07,3.48,87.59,0.0154,False
91.22,4,Glass,-91.55,24.29,87.26,0.0,False
78.55,2,Concrete,-79.04,1.09,97.96,0.0553,False
30.4,3,Concrete,-63.75,-15.97,99.71,0.4116,True
158.83,3,Glass,-99.63,29.55,90.07,0.0,False
116.71,1,Concrete,-84.17,12.78,91.4,0.0,False
64.78,0,None,-79.19,22.91,76.28,0.0,False
80.1,4,Glass,-99.84,33.72,86.13,0.0,False
90.65,0,None,-79.18,19.98,79.2,0.0,False
97.41,2,Concrete,-97.4,17.57,99.83,0.0,False
165.31,3,Glass,-92.4,21.98,90.42,0.0,False
125.12,3,Glass,-64.95,-3.05,88.0,0.1531,True
155.78,4,Glass,-76.9,4.99,91.9,0.0059,False
188.24,4,Glass,-95.28,21.73,93.55,0.0,False
55.03,0,None,-98.77,43.91,74.87,0.0,False
75.16,0,None,-75.95,18.38,77.57,0.0,False
57.24,0,None,-74.69,19.49,75.21,0.0,False
176.41,4,Glass,-76.24,3.25,92.98,0.0208,False
130.05,3,Glass,-84.67,16.33,88.34,0.0,False
98.0,1,Glass,-80.8,18.92,81.88,0.0,False
112.42,3,Glass,-67.89,0.82,87.07,0.0561,False
76.9,3,Concrete,-74.43,-13.34,107.77,0.3787,True
21.51,2,Concrete,-84.32,17.61,86.71,0.0,False
137.27,3,Concrete,-60.86,-31.94,112.81,0.489,True
14.44,1,Concrete,-70.9,17.65,73.25,0.0,False
190.12,3,Glass,-80.94,9.31,91.63,0.0,False
23.99,2,Concrete,-69.88,2.23,87.65,0.0352,False
162.24,2,Concrete,-76.7,-7.55,104.26,0.2771,True
173.33,1,Glass,-67.82,0.99,86.83,0.0543,False
38.05,2,Glass,-91.0,35.34,75.66,0.0,False
95.68,0,None,-69.41,9.74,79.67,0.0,False
35.22,4,Concrete,-82.15,-8.84,110.99,0.3116,True
154.16,1,Glass,-90.69,24.88,85.81,0.0,False
30.96,1,Glass,-62.4,10.53,71.87,0.0,False
188.45,2,Concrete,-90.54,4.98,105.56,0.0055,False
189.1,4,Glass,-68.07,-5.52,93.59,0.2241,True
149.78,1,Glass,-62.91,-2.65,85.56,0.1548,True
175.15,2,Glass,-72.69,3.77,88.92,0.0147,False
185.54,0,None,-80.24,14.82,85.42,0.0,False
143.93,0,None,-80.36,17.14,83.22,0.0,False
102.69,0,None,-94.59,34.3,80.28,0.0,False
196.1,1,Glass,-96.85,28.95,87.9,0.0,False
148.47,0,None,-64.72,1.23,83.49,0.0543,False
31.23,3,Concrete,-83.69,3.74,99.95,0.0186,False
31.69,2,Concrete,-94.76,24.69,90.07,0.0,False
147.53,1,Glass,-63.98,-1.45,85.43,0.1104,True
150.56,4,Concrete,-61.07,-42.54,123.61,0.4916,True
70.0,4,Concrete,-64.66,-32.3,116.96,0.4897,True
184.54,2,Glass,-69.34,-0.04,89.38,0.0803,False
36.87,0,None,-91.92,40.53,71.39,0.0,False
71.47,2,Glass,-66.72,5.59,81.14,0.0032,False
119.01,3,Glass,-70.56,2.99,87.57,0.0235,False
58.04,2,Glass,-92.39,33.06,79.33,0.0,False
149.73,0,None,-98.77,35.21,83.56,0.0,False
162.83,0,None,-69.91,5.62,84.29,0.0034,False
82.21,1,Glass,-63.46,3.11,80.35,0.0208,False
66.85,0,None,-79.36,22.81,76.56,0.0,False
161.6,4,Concrete,-98.28,-5.94,124.22,0.2457,True
12.02,2,Concrete,-97.28,35.63,81.65,0.0,False
14.02,1,Concrete,-94.0,41.01,72.99,0.0,False
59.25,1,Glass,-93.3,35.79,77.51,0.0,False
189.63,0,None,-83.88,18.26,85.61,0.0,False
26.31,4,Concrete,-87.95,-0.5,108.46,0.0937,False
21.29,3,Glass,-63.54,10.92,72.62,0.0,False
164.37,4,Concrete,-99.03,-5.34,124.37,0.2275,True
22.27,4,Glass,-92.84,37.83,75.01,0.0,False
177.54,0,None,-83.41,18.37,85.04,0.0,False
140.18,2,Concrete,-75.62,-7.36,102.99,0.2752,True
172.29,4,Glass,-65.5,-7.28,92.78,0.2691,True
65.84,2,Concrete,-73.28,-3.14,96.42,0.1608,True
17.39,1,Concrete,-95.43,40.57,74.86,0.0,False
58.62,1,Glass,-88.3,30.88,77.42,0.0,False
131.66,2,Concrete,-78.3,-4.14,102.44,0.193,True
32.32,3,Glass,-63.82,7.58,76.24,0.0003,False
170.43,4,Glass,-78.0,5.32,92.69,0.0039,False
28.32,2,Glass,-60.46,7.36,73.1,0.0005,False
196.18,3,Glass,-88.82,16.91,91.91,0.0,False
176.6,3,Concrete,-61.16,-33.83,114.99,0.4856,True
22.1,3,Glass,-66.96,14.02,72.94,0.0,False
197.24,3,Glass,-62.55,-9.41,91.95,0.3216,True
90.62,0,None,-82.02,22.82,79.2,0.0,False
169.35,2,Glass,-92.52,23.89,88.63,0.0,False
80.79,2,Glass,-92.99,30.79,82.2,0.0,False
29.39,4,Concrete,-92.21,2.79,109.42,0.0237,False
172.57,1,Concrete,-62.41,-12.39,94.79,0.367,True
149.44,3,Concrete,-73.01,-20.53,113.54,0.4485,True
132.88,1,Glass,-66.29,1.77,84.52,0.0379,False
52.51,0,None,-64.61,10.16,74.46,0.0,False
19.99,4,Glass,-79.11,25.04,74.07,0.0,False
10.42,3,Concrete,-62.94,-7.48,90.41,0.2747,True
46.8,1,Concrete,-68.8,5.35,83.46,0.004,False
172.72,3,Concrete,-69.66,-25.14,114.8,0.4731,True
163.46,1,Concrete,-97.82,23.5,94.32,0.0,False
46.07,0,None,-78.06,24.74,73.32,0.0,False
187.3,1,Glass,-61.99,-5.52,87.51,0.2255,True
174.02,2,Glass,-62.95,-5.92,88.87,0.231,True
89.78,4,Glass,-78.68,11.56,87.12,0.0,False
178.74,1,Concrete,-84.22,9.12,95.1,0.0001,False
116.67,2,Glass,-93.03,27.63,85.39,0.0,False
129.0,1,Concrete,-70.25,-2.01,92.27,0.1322,True
71.95,4,Glass,-80.42,15.23,85.2,0.0,False
32.71,3,Concrete,-69.64,-10.7,100.35,0.332,True
120.59,0,None,-85.56,23.88,81.68,0.0,False
173.83,0,None,-95.17,30.32,84.86,0.0,False
173.53,2,Concrete,-61.05,-23.79,104.84,0.4685,True
130.24,3,Glass,-85.58,17.23,88.35,0.0,False
35.86,2,Concrete,-62.58,-8.57,91.15,0.2904,True
138.85,4,Glass,-73.29,2.39,90.91,0.0288,False
113.25,1,Concrete,-95.0,23.86,91.13,0.0,False
55.06,0,None,-73.7,18.83,74.87,0.0,False
133.59,3,Glass,-89.74,21.17,88.57,0.0,False
94.72,0,None,-71.51,11.93,79.58,0.0,False
98.03,4,Concrete,-99.71,-0.17,119.88,0.0856,False
87.72,3,Concrete,-66.73,-22.18,108.92,0.4537,True
153.13,4,Concrete,-60.21,-43.54,123.76,0.4979,True
109.14,0,None,-94.23,33.42,80.81,0.0,False
175.16,0,None,-72.01,7.09,84.92,0.0007,False
127.56,4,Glass,-66.56,-3.61,90.17,0.1698,True
146.32,2,Glass,-80.02,12.66,87.36,0.0,False
11.1,0,None,-88.76,47.8,60.96,0.0,False
79.1,0,None,-92.19,34.18,78.02,0.0,False
30.54,1,Glass,-79.32,27.57,71.75,0.0,False
30.68,3,Glass,-79.23,23.44,75.79,0.0,False
181.08,3,Glass,-92.3,21.09,91.21,0.0,False
54.78,1,Glass,-90.92,34.09,76.83,0.0,False
116.83,0,None,-94.66,33.25,81.41,0.0,False
28.08,3,Glass,-95.09,40.07,75.02,0.0,False
50.2,2,Glass,-62.66,4.59,78.07,0.0085,False
38.51,1,Glass,-75.39,21.63,73.77,0.0,False
125.86,3,Glass,-73.94,5.89,88.05,0.003,False
124.02,3,Concrete,-60.87,-31.05,111.92,0.4839,True
121.5,2,Concrete,-73.97,-7.77,101.75,0.2834,True
84.03,3,Glass,-77.87,13.32,84.54,0.0,False
163.59,1,Glass,-76.69,10.36,86.33,0.0,False
174.34,4,Glass,-84.99,12.11,92.88,0.0,False
173.16,0,None,-78.54,13.72,84.82,0.0,False
13.58,4,Glass,-91.07,40.36,70.71,0.0,False
119.25,0,None,-84.11,22.53,81.58,0.0,False
195.64,1,Concrete,-74.84,-1.04,95.88,0.1099,True
185.36,1,Concrete,-62.58,-12.83,95.41,0.3758,True
138.25,2,Glass,-71.33,4.47,86.87,0.0079,False
97.67,2,Concrete,-70.81,-9.04,99.85,0.3042,True
60.7,0,None,-83.49,27.77,75.72,0.0,False
170.38,2,Glass,-62.44,-6.24,88.68,0.2414,True
47.21,0,None,-84.43,30.9,73.54,0.0,False
159.38,4,Glass,-80.61,8.5,92.1,0.0,False
44.14,3,Concrete,-65.51,-17.45,102.95,0.4197,True
43.92,1,Glass,-63.45,8.55,74.91,0.0001,False
180.52,4,Glass,-86.07,12.89,93.18,0.0,False
193.35,1,Glass,-91.59,23.81,87.78,0.0,False
149.22,4,Glass,-71.99,0.46,91.53,0.07,False
17.07,4,Glass,-68.64,15.94,72.7,0.0,False
111.87,3,Concrete,-69.82,-21.21,111.03,0.4396,True
76.62,4,Concrete,-66.7,-31.05,117.74,0.4874,True
66.08,1,Concrete,-65.57,-0.89,86.46,0.0981,False
42.06,4,Glass,-65.92,5.39,80.53,0.0036,False
132.1,1,Glass,-95.25,30.78,84.47,0.0,False
98.27,1,Concrete,-66.22,-3.69,89.9,0.1823,True
88.99,2,Concrete,-80.82,1.78,99.04,0.0428,False
50.01,1,Glass,-99.15,43.11,76.03,0.0,False
159.45,4,Glass,-67.92,-4.19,92.11,0.1917,True
151.41,3,Glass,-90.93,21.27,89.66,0.0,False
58.2,1,Glass,-96.49,39.14,77.35,0.0,False
41.2,2,Concrete,-82.36,10.01,92.35,0.0001,False
50.54,4,Glass,-85.09,22.97,82.13,0.0,False
188.24,0,None,-81.8,16.25,85.55,0.0,False
73.05,4,Glass,-67.8,2.47,85.33,0.0292,False
193.34,3,Concrete,-84.68,-11.1,115.78,0.3484,True
113.02,0,None,-93.11,31.99,81.12,0.0,False
171.82,0,None,-82.12,17.36,84.76,0.0,False
132.3,2,Concrete,-98.09,15.61,102.49,0.0,False
60.54,4,Glass,-81.3,17.61,83.7,0.0,False
110.99,3,Glass,-93.26,26.3,86.96,0.0,False
154.25,1,Concrete,-76.21,2.39,93.82,0.0332,False
198.88,2,Glass,-80.46,10.44,90.03,0.0,False
113.18,0,None,-62.91,1.78,81.13,0.0426,False
120.2,3,Concrete,-60.79,-30.86,111.65,0.4798,True
184.47,1,Glass,-74.41,7.04,87.37,0.0009,False
26.63,0,None,-70.16,21.6,68.56,0.0,False
36.56,1,Concrete,-66.1,4.78,81.31,0.0073,False
120.55,1,Concrete,-89.46,17.78,91.68,0.0,False
92.29,2,Glass,-81.55,18.2,83.36,0.0,False
108.16,2,Glass,-87.09,22.35,84.74,0.0,False
157.17,2,Glass,-63.86,-4.12,87.98,0.1884,True
184.09,0,None,-68.61,3.25,85.35,0.0205,False
87.7,2,Concrete,-67.44,-11.47,98.91,0.3526,True
12.62,0,None,-84.77,42.69,62.08,0.0,False
114.09,2,Glass,-97.15,31.95,85.2,0.0,False
79.37,1,Concrete,-80.18,12.13,88.05,0.0,False
20.92,3,Concrete,-96.37,19.9,96.47,0.0,False
192.54,0,None,-75.34,9.59,85.74,0.0,False
10.39,4,Concrete,-74.08,-6.3,100.38,0.2461,True
89.18,1,Concrete,-95.06,26.0,89.06,0.0,False
146.89,4,Concrete,-76.8,-26.6,123.39,0.4701,True
31.45,4,Concrete,-96.16,6.15,110.01,0.003,False
109.09,0,None,-85.07,24.26,80.81,0.0,False
130.72,3,Concrete,-76.95,-15.44,112.38,0.4065,True
170.87,4,Glass,-64.15,-8.56,92.71,0.3065,True
155.39,2,Glass,-64.74,-3.15,87.88,0.1617,True
117.28,2,Concrete,-80.2,-1.24,101.44,0.1144,True
139.94,3,Glass,-95.95,26.98,88.97,0.0,False
134.2,0,None,-66.42,3.81,82.61,0.0141,False
180.13,4,Glass,-66.45,-6.71,93.17,0.2519,True
89.95,4,Glass,-65.45,-1.68,87.13,0.1167,True
82.11,3,Glass,-93.07,28.73,84.34,0.0,False
36.62,1,Glass,-67.38,14.05,73.33,0.0,False
78.03,2,Concrete,-66.7,-11.2,97.9,0.3451,True
99.9,0,None,-84.93,24.89,80.05,0.0,False
182.88,2,Glass,-84.88,15.59,89.3,0.0,False
134.43,2,Glass,-73.81,7.18,86.62,0.0005,False
38.06,4,Glass,-72.1,12.43,79.66,0.0,False
129.21,4,Concrete,-87.55,-14.73,122.28,0.3972,True
93.12,1,Glass,-60.13,-1.31,81.43,0.1116,True
32.22,0,None,-93.64,43.42,70.22,0.0,False
18.0,4,Concrete,-89.37,4.21,105.16,0.011,False
127.69,1,Concrete,-83.91,11.73,92.18,0.0,False
25.17,4,Concrete,-72.33,-15.74,108.07,0.4135,True
96.04,4,Glass,-97.01,29.3,87.7,0.0,False
84.34,4,Glass,-90.39,23.82,86.58,0.0,False
50.66,0,None,-74.99,20.84,74.15,0.0,False
24.32,4,Concrete,-81.85,-5.93,107.77,0.2425,True
77.76,3,Glass,-87.29,23.42,83.87,0.0,False
95.43,3,Concrete,-83.94,-5.7,109.65,0.2309,True
142.95,4,Glass,-94.98,23.82,91.16,0.0,False
152.58,2,Concrete,-62.9,-20.82,103.72,0.4454,True
117.05,2,Glass,-74.32,8.9,85.42,0.0,False
83.35,3,Glass,-87.5,23.03,84.47,0.0,False
85.19,4,Glass,-76.34,9.68,86.66,0.0,False
139.27,1,Glass,-85.11,20.17,84.93,0.0,False
45.69,1,Concrete,-77.14,13.89,83.25,0.0,False
162.58,2,Concrete,-92.42,8.14,104.28,0.0001,False
72.36,3,Concrete,-74.38,-12.86,107.24,0.3722,True
179.39,4,Concrete,-93.5,-11.63,125.13,0.3545,True
161.78,1,Concrete,-71.99,-2.24,94.23,0.1372,True
44.4,1,Concrete,-72.01,9.01,83.0,0.0,False
15.38,2,Concrete,-72.73,8.94,83.8,0.0,False
181.56,3,Concrete,-82.88,-12.36,115.23,0.3723,True
63.93,1,Glass,-95.83,37.66,78.17,0.0,False
17.21,3,Concrete,-92.14,17.37,94.77,0.0,False
66.19,3,Concrete,-67.87,-18.6,106.47,0.4417,True
122.05,2,Concrete,-64.47,-17.31,101.78,0.4229,True
63.55,0,None,-80.43,24.31,76.12,0.0,False
169.64,0,None,-89.88,25.24,84.64,0.0,False
17.33,4,Glass,-83.87,31.04,72.83,0.0,False
184.22,4,Glass,-97.06,23.7,93.36,0.0,False
37.5,0,None,-93.87,42.33,71.54,0.0,False
190.43,4,Concrete,-84.5,-21.15,125.65,0.4569,True
99.76,4,Glass,-76.58,8.55,88.03,0.0001,False
139.57,4,Glass,-60.69,-10.26,90.95,0.3232,True
167.47,3,Concrete,-63.95,-30.58,114.53,0.4891,True
36.24,0,None,-72.11,20.87,71.24,0.0,False
23.62,2,Concrete,-64.36,-3.16,87.52,0.168,True
145.48,3,Concrete,-68.56,-24.75,113.31,0.4641,True
114.05,3,Concrete,-86.7,-4.5,111.2,0.1976,True
43.97,2,Glass,-94.95,38.03,76.92,0.0,False
56.61,1,Concrete,-60.94,-4.17,85.11,0.1949,True
46.01,2,Concrete,-76.27,2.96,93.31,0.0258,False
174.44,4,Glass,-68.35,-4.53,92.89,0.2024,True
50.2,2,Concrete,-87.97,13.9,94.07,0.0,False
139.23,3,Concrete,-83.61,-9.32,112.93,0.3147,True
106.61,1,Glass,-63.69,1.08,82.61,0.0516,False
61.36,3,Concrete,-64.86,-20.95,105.81,0.4465,True
34.55,4,Glass,-78.97,20.15,78.82,0.0,False
199.66,4,Glass,-87.3,13.24,94.06,0.0,False
139.5,3,Glass,-86.96,18.02,88.95,0.0,False
139.93,3,Concrete,-96.97,4.0,112.97,0.0134,False
172.32,2,Concrete,-83.41,-1.37,104.78,0.1112,True
109.73,1,Glass,-82.33,19.47,82.86,0.0,False
43.31,2,Glass,-96.08,39.3,76.79,0.0,False
183.32,4,Concrete,-74.62,-30.69,125.32,0.4802,True
15.35,1,Concrete,-80.87,27.09,73.78,0.0,False
194.83,2,Concrete,-89.39,3.54,105.85,0.0164,False
142.41,1,Glass,-75.22,10.1,85.12,0.0,False
84.53,0,None,-91.84,33.24,78.59,0.0,False
102.96,0,None,-85.39,25.08,80.31,0.0,False
179.88,1,Concrete,-68.44,-6.71,95.15,0.2582,True
17.94,2,Concrete,-91.45,26.32,85.13,0.0,False
179.84,0,None,-80.68,15.53,85.15,0.0,False
154.63,3,Glass,-94.19,24.35,89.84,0.0,False
133.86,1,Glass,-73.15,8.57,84.59,0.0,False
55.4,1,Glass,-69.55,12.62,76.92,0.0,False
117.06,4,Glass,-66.55,-2.87,89.42,0.1604,True
86.53,2,Concrete,-62.99,-15.81,98.8,0.4075,True
61.9,2,Concrete,-74.96,-0.93,95.89,0.1028,True
79.39,1,Concrete,-66.17,-1.88,88.05,0.1323,True
28.28,1,Glass,-66.95,15.86,71.09,0.0,False
55.64,1,Glass,-92.83,35.87,76.96,0.0,False
45.52,3,Concrete,-73.8,-9.42,103.22,0.3191,True
65.13,1,Glass,-67.74,9.41,78.33,0.0001,False
46.7,0,None,-91.02,37.58,73.44,0.0,False
199.09,1,Concrete,-82.94,6.9,96.04,0.0005,False
88.17,0,None,-77.12,18.16,78.96,0.0,False
21.97,2,Concrete,-92.4,25.51,86.89,0.0,False
80.61,2,Glass,-72.5,10.32,82.18,0.0,False
71.33,0,None,-96.04,38.92,77.12,0.0,False
198.82,0,None,-93.96,27.94,86.02,0.0,False
164.05,2,Glass,-94.34,25.99,88.35,0.0,False
90.94,2,Glass,-61.9,-1.33,83.23,0.1107,True
138.23,0,None,-95.61,32.74,82.87,0.0,False
161.43,3,Glass,-91.26,21.05,90.21,0.0,False
66.6,0,None,-70.5,13.98,76.52,0.0,False
70.3,4,Glass,-69.8,4.81,84.99,0.0053,False
42.45,3,Glass,-95.99,37.38,78.61,0.0,False
100.51,4,Glass,-69.97,1.87,88.1,0.0418,False
28.4,0,None,-99.0,49.88,69.12,0.0,False
46.66,4,Concrete,-67.88,-25.55,113.43,0.4671,True
17.69,1,Glass,-69.38,22.37,67.01,0.0,False
142.22,3,Glass,-74.46,5.34,89.11,0.0041,False
100.01,1,Glass,-79.12,17.07,82.05,0.0,False
167.07,0,None,-99.39,34.88,84.51,0.0,False
160.1,0,None,-69.46,5.31,84.14,0.0051,False
139.4,1,Glass,-92.48,27.54,84.94,0.0,False
38.93,4,Concrete,-75.97,-15.89,111.86,0.4096,True
156.38,0,None,-89.23,25.29,83.94,0.0,False
115.03,0,None,-92.08,30.81,81.27,0.0,False
148.0,0,None,-60.25,-3.21,83.46,0.1674,True
40.21,1,Glass,-97.91,43.77,74.14,0.0,False
189.05,4,Glass,-63.57,-10.02,93.59,0.3219,True
94.5,2,Concrete,-90.28,10.72,99.56,0.0,False
129.49,4,Glass,-87.64,17.34,90.3,0.0,False
96.45,0,None,-68.48,8.74,79.74,0.0,False
144.0,2,Concrete,-85.72,2.5,103.22,0.0285,False
189.87,1,Concrete,-87.95,12.32,95.62,0.0,False
38.5,4,Glass,-93.71,33.95,79.76,0.0,False
54.95,3,Concrete,-98.96,14.1,104.85,0.0,False
189.77,0,None,-64.29,-1.32,85.62,0.1164,True
72.86,2,Glass,-85.18,23.87,81.3,0.0,False
80.47,3,Glass,-89.1,24.93,84.17,0.0,False
40.52,3,Concrete,-74.87,-7.33,102.21,0.2674,True
89.1,0,None,-60.51,1.46,79.05,0.046,False
121.5,3,Concrete,-74.93,-16.82,111.75,0.4278,True
116.14,4,Concrete,-77.27,-24.09,121.35,0.4577,True
145.97,1,Glass,-94.99,29.65,85.34,0.0,False
30.8,0,None,-89.36,39.53,69.83,0.0,False
69.92,2,Glass,-62.32,1.37,80.95,0.0482,False
150.84,1,Glass,-69.74,4.12,85.62,0.0103,False
138.74,3,Concrete,-62.87,-30.03,112.9,0.4841,True
130.04,0,None,-79.82,17.49,82.34,0.0,False
133.86,0,None,-89.01,26.42,82.59,0.0,False
65.97,4,Concrete,-68.45,-27.99,116.44,0.472,True
114.37,2,Glass,-71.77,6.55,85.22,0.0012,False
80.06,1,Concrete,-74.08,5.96,88.12,0.0019,False
149.16,4,Concrete,-85.08,-18.45,123.53,0.4314,True
76.08,2,Concrete,-88.44,10.77,97.68,0.0,False
96.03,0,None,-88.92,29.22,79.7,0.0,False
48.52,4,Concrete,-68.64,-25.13,113.77,0.4712,True
189.4,4,Glass,-64.58,-9.02,93.6,0.3168,True
162.73,2,Concrete,-73.38,-10.9,104.28,0.3478,True
93.35,4,Concrete,-69.77,-29.68,119.46,0.4858,True
14.85,2,Glass,-63.29,15.8,67.49,0.0,False
126.69,1,Concrete,-62.13,-9.98,92.11,0.3319,True
174.25,2,Glass,-70.04,1.16,88.88,0.0541,False
170.83,4,Concrete,-72.63,-32.07,124.71,0.4856,True
172.64,2,Glass,-79.19,10.39,88.8,0.0,False
182.46,3,Concrete,-77.11,-18.17,115.28,0.4341,True
159.24,4,Glass,-87.36,15.27,92.1,0.0,False
31.88,4,Glass,-86.99,28.87,78.12,0.0,False
95.47,2,Concrete,-68.15,-11.5,99.65,0.3489,True
155.24,2,Concrete,-77.21,-6.66,103.87,0.2606,True
121.7,0,None,-97.35,35.59,81.76,0.0,False
120.7,2,Concrete,-71.56,-10.13,101.69,0.3365,True
116.04,3,Glass,-95.72,28.38,87.35,0.0,False
24.13,2,Glass,-75.54,23.83,71.7,0.0,False
134.2,3,Glass,-97.34,28.73,88.61,0.0,False
85.44,3,Concrete,-73.94,-14.75,108.69,0.3976,True
32.1,4,Glass,-67.29,9.1,78.18,0.0,False
83.98,0,None,-75.04,16.5,78.54,0.0,False
57.04,4,Glass,-67.6,4.43,83.18,0.0103,False
35.6,1,Concrete,-94.99,33.91,81.08,0.0,False
30.17,3,Concrete,-67.58,-12.06,99.65,0.37,True
131.08,4,Concrete,-74.54,-27.87,122.41,0.4765,True
65.88,2,Concrete,-75.68,-0.75,96.43,0.0933,False
63.58,4,Glass,-66.85,2.72,84.12,0.0247,False
134.56,2,Glass,-66.05,-0.59,86.63,0.0985,False
131.43,4,Concrete,-69.58,-32.85,122.43,0.4972,True
100.34,4,Glass,-76.8,8.72,88.08,0.0001,False
65.11,1,Concrete,-87.28,20.95,86.33,0.0,False
170.4,3,Glass,-69.15,-1.53,90.68,0.1175,True
88.59,3,Glass,-91.96,26.96,85.0,0.0,False
66.18,4,Glass,-70.73,6.26,84.47,0.0023,False
90.55,1,Concrete,-97.88,28.69,89.19,0.0,False
54.6,4,Concrete,-96.94,2.14,114.8,0.0368,False
123.35,2,Concrete,-87.21,5.33,101.88,0.0035,False
184.97,3,Concrete,-64.77,-30.63,115.4,0.4854,True
105.48,2,Concrete,-74.85,-5.67,100.52,0.2346,True
75.65,2,Glass,-88.97,27.34,81.63,0.0,False
102.87,3,Glass,-83.31,17.01,86.3,0.0,False
60.86,1,Glass,-89.41,31.67,77.74,0.0,False
169.37,2,Concrete,-89.23,4.6,104.63,0.0078,False
167.79,4,Concrete,-92.16,-12.39,124.55,0.368,True
17.31,1,Glass,-83.68,36.86,66.82,0.0,False
126.53,2,Concrete,-91.41,9.31,102.1,0.0,False
122.49,1,Concrete,-85.01,13.19,91.82,0.0,False
104.25,4,Glass,-67.91,-0.5,88.42,0.0923,False
185.44,0,None,-73.92,8.5,85.42,0.0002,False
89.02,1,Glass,-87.54,26.49,81.04,0.0,False
16.57,1,Glass,-87.25,40.81,66.44,0.0,False
167.22,4,Glass,-80.55,8.03,92.52,0.0004,False
53.63,1,Glass,-99.11,42.47,76.64,0.0,False
43.01,2,Concrete,-97.35,24.63,92.73,0.0,False
167.62,2,Concrete,-62.61,-21.93,104.54,0.456,True
57.19,2,Concrete,-88.08,12.88,95.2,0.0,False
188.99,1,Glass,-82.92,15.34,87.58,0.0,False
124.6,3,Concrete,-96.5,4.53,111.96,0.0106,False
170.95,4,Concrete,-92.71,-12.0,124.71,0.3553,True
97.33,0,None,-65.64,5.82,79.82,0.0028,False
53.91,3,Glass,-65.88,5.2,80.69,0.0056,False
125.41,3,Concrete,-73.29,-18.73,112.02,0.4291,True
10.26,1,Concrete,-67.77,17.49,70.28,0.0,False
112.96,0,None,-99.43,38.31,81.11,0.0,False
124.69,3,Glass,-75.66,7.69,87.97,0.0004,False
49.37,3,Concrete,-90.79,6.87,103.92,0.0008,False
184.08,4,Glass,-98.91,25.56,93.35,0.0,False
18.62,3,Concrete,-81.41,5.95,95.45,0.0032,False
93.35,1,Glass,-99.06,37.61,81.46,0.0,False
162.44,3,Glass,-75.32,5.05,90.27,0.0056,False
62.65,0,None,-67.0,11.01,75.99,0.0,False
148.37,4,Glass,-81.52,10.04,91.48,0.0,False
19.61,0,None,-78.89,32.98,65.9,0.0,False
20.4,3,Concrete,-83.76,7.51,96.24,0.0004,False
178.63,0,None,-89.37,24.28,85.09,0.0,False
47.63,4,Glass,-95.42,33.81,81.61,0.0,False
174.72,0,None,-74.71,9.81,84.9,0.0,False
186.99,2,Concrete,-62.87,-22.62,105.49,0.4571,True
44.06,3,Concrete,-84.02,1.09,102.94,0.0526,False
62.93,4,Glass,-94.1,30.07,84.03,0.0,False
40.73,3,Concrete,-78.5,-3.76,102.25,0.1715,True
19.38,1,Glass,-66.45,18.65,67.8,0.0,False
24.23,3,Glass,-60.56,6.82,73.74,0.0011,False
12.1,4,Glass,-90.31,40.6,69.71,0.0,False
104.27,0,None,-85.15,24.74,80.42,0.0,False
24.49,0,None,-78.42,30.59,67.83,0.0,False
39.66,4,Concrete,-79.11,-12.91,112.02,0.3702,True
170.92,1,Concrete,-77.19,2.48,94.71,0.0317,False
34.24,2,Glass,-66.21,11.47,74.75,0.0,False
108.09,2,Glass,-93.31,28.58,84.73,0.0,False
158.69,3,Glass,-79.63,9.56,90.07,0.0,False
163.51,4,Glass,-97.98,25.66,92.33,0.0,False
68.02,3,Glass,-68.53,5.82,82.71,0.0033,False
86.04,3,Concrete,-66.16,-22.59,108.75,0.459,True
115.39,0,None,-75.53,14.23,81.3,0.0,False
49.08,1,Glass,-98.69,42.81,75.87,0.0,False
31.91,3,Concrete,-82.01,1.88,100.13,0.0398,False
105.15,2,Glass,-72.4,7.91,84.49,0.0006,False
90.51,4,Concrete,-66.12,-33.07,119.19,0.4883,True
167.57,1,Concrete,-84.22,9.68,94.54,0.0,False
107.56,3,Concrete,-71.08,-19.61,110.69,0.439,True
22.52,0,None,-63.36,16.25,67.11,0.0,False
92.22,2,Concrete,-84.9,5.55,99.35,0.0038,False
15.25,1,Concrete,-77.69,23.97,73.72,0.0,False
57.19,4,Glass,-86.42,23.22,83.2,0.0,False
60.04,3,Glass,-75.98,14.36,81.62,0.0,False
27.51,4,Concrete,-76.8,-12.05,108.84,0.3585,True
19.17,2,Glass,-62.26,12.55,69.71,0.0,False
110.57,0,None,-62.72,1.79,80.93,0.0387,False
140.1,2,Glass,-74.46,7.48,86.98,0.0004,False
84.85,2,Glass,-97.65,35.02,82.63,0.0,False
192.02,0,None,-68.33,2.61,85.72,0.0277,False
68.78,4,Glass,-85.54,20.73,84.8,0.0,False
79.76,2,Glass,-96.67,34.58,82.09,0.0,False
161.49,1,Glass,-81.64,15.43,86.22,0.0,False
140.41,2,Glass,-70.4,3.4,87.0,0.0179,False
90.62,2,Glass,-61.52,-1.68,83.2,0.1237,True
184.03,2,Glass,-66.64,-2.71,89.35,0.1513,True
32.14,4,Glass,-91.47,33.27,78.19,0.0,False
62.69,2,Concrete,-85.95,9.96,96.0,0.0,False
185.16,0,None,-61.88,-3.53,85.41,0.1672,True
153.16,2,Concrete,-86.08,2.32,103.76,0.0361,False
152.66,4,Glass,-62.35,-9.38,91.73,0.3134,True
84.54,2,Concrete,-99.22,20.63,98.6,0.0,False
52.36,2,Glass,-76.94,18.51,78.43,0.0,False
94.49,2,Glass,-61.81,-1.75,83.56,0.1253,True
130.19,4,Concrete,-80.21,-22.13,122.35,0.4496,True
170.8,2,Concrete,-69.61,-15.1,104.7,0.3965,True
41.63,4,Glass,-75.5,15.06,80.44,0.0,False
90.71,2,Concrete,-86.24,7.03,99.21,0.0003,False
18.39,0,None,-76.96,31.61,65.35,0.0,False
44.77,2,Glass,-82.71,25.63,77.07,0.0,False
146.66,1,Concrete,-60.33,-13.05,93.38,0.3741,True
148.16,1,Concrete,-71.06,-2.41,93.47,0.1464,True
62.16,4,Glass,-76.94,13.02,83.92,0.0,False
48.8,3,Glass,-92.55,32.73,79.82,0.0,False
125.86,2,Glass,-60.56,-5.49,86.05,0.227,True
57.14,1,Concrete,-88.47,23.28,85.19,0.0,False
96.18,2,Concrete,-75.12,-4.59,99.72,0.2031,True
44.35,4,Glass,-97.57,36.57,80.99,0.0,False
142.73,0,None,-76.56,13.42,83.14,0.0,False
132.97,1,Concrete,-82.9,10.38,92.53,0.0,False
70.71,4,Concrete,-65.18,-31.86,117.04,0.4868,True
100.79,1,Glass,-90.22,28.1,82.12,0.0,False
74.97,3,Glass,-61.51,-2.04,83.55,0.1341,True
148.35,1,Concrete,-71.69,-1.79,93.48,0.125,True
20.76,0,None,-92.14,45.74,66.4,0.0,False
26.47,0,None,-72.89,24.38,68.51,0.0,False
140.49,2,Glass,-97.25,30.24,87.01,0.0,False
155.28,2,Concrete,-72.22,-11.66,103.88,0.3492,True
98.8,3,Glass,-95.48,29.53,85.95,0.0,False
183.67,1,Concrete,-63.7,-11.63,95.34,0.3522,True
11.71,0,None,-63.06,21.63,61.42,0.0,False
143.75,0,None,-92.58,29.37,83.21,0.0,False
190.31,1,Glass,-84.05,16.41,87.64,0.0,False
68.75,3,Concrete,-95.98,9.18,106.8,0.0,False
79.09,4,Glass,-94.51,28.5,86.02,0.0,False
75.23,4,Concrete,-71.3,-26.29,117.58,0.478,True
74.77,3,Concrete,-77.16,-10.36,107.53,0.3301,True
88.33,3,Glass,-78.38,13.4,84.98,0.0,False
113.04,3,Glass,-61.81,-5.31,87.12,0.2169,True
179.89,3,Concrete,-76.86,-18.29,115.15,0.4344,True
96.13,1,Glass,-85.22,23.51,81.71,0.0,False
87.74,4,Glass,-97.11,30.19,86.92,0.0,False
177.25,3,Concrete,-73.28,-21.75,115.03,0.4487,True
13.76,4,Concrete,-77.78,-5.05,102.82,0.2155,True
155.76,1,Glass,-66.0,0.1,85.9,0.0761,False
49.57,2,Concrete,-66.24,-7.72,93.96,0.2791,True
162.96,3,Concrete,-61.25,-33.04,114.3,0.4877,True
35.16,0,None,-63.53,12.55,70.98,0.0,False
99.65,0,None,-77.7,17.68,80.02,0.0,False
188.8,1,Concrete,-74.66,-0.92,95.57,0.1046,True
54.17,0,None,-81.23,26.51,74.73,0.0,False
19.85,3,Concrete,-97.1,21.09,96.01,0.0,False
18.85,4,Concrete,-63.16,-22.41,105.56,0.4645,True
59.67,4,Glass,-63.7,0.13,83.57,0.0708,False
120.5,4,Concrete,-69.87,-31.8,121.67,0.4902,True
99.18,2,Glass,-84.79,20.8,83.98,0.0,False
38.92,0,None,-91.89,40.03,71.86,0.0,False
48.93,2,Concrete,-95.42,21.58,93.84,0.0,False
78.57,1,Concrete,-94.36,26.4,87.96,0.0,False
93.1,4,Glass,-95.24,27.81,87.43,0.0,False
140.76,2,Concrete,-84.41,1.38,103.02,0.0494,False
65.29,3,Glass,-80.19,17.84,82.35,0.0,False
135.93,2,Glass,-91.15,24.43,86.72,0.0,False
124.23,1,Glass,-72.13,8.19,83.94,0.0001,False
176.96,2,Concrete,-86.75,1.73,105.01,0.0441,False
82.81,4,Glass,-94.21,27.79,86.42,0.0,False
131.54,1,Glass,-67.93,3.49,84.44,0.0181,False
47.73,4,Glass,-78.82,17.18,81.63,0.0,False
88.46,2,Glass,-73.87,10.88,82.99,0.0,False
108.81,1,Glass,-92.33,29.54,82.79,0.0,False
60.32,0,None,-85.31,29.64,75.66,0.0,False
96.8,0,None,-76.58,16.81,79.77,0.0,False
76.76,0,None,-60.67,2.91,77.76,0.0243,False
37.37,2,Glass,-91.65,36.14,75.5,0.0,False
138.76,1,Glass,-85.95,21.05,84.9,0.0,False
23.29,1,Glass,-88.94,39.54,69.4,0.0,False
21.83,0,None,-78.26,31.43,66.83,0.0,False
70.05,2,Glass,-83.09,22.12,80.96,0.0,False
123.16,4,Glass,-94.14,24.28,89.86,0.0,False
184.41,1,Glass,-70.96,3.59,87.37,0.0157,False
169.37,0,None,-70.72,6.09,84.63,0.0025,False
86.37,4,Concrete,-69.02,-29.76,118.78,0.4772,True
84.33,2,Concrete,-79.71,1.13,98.57,0.0525,False
42.42,1,Concrete,-69.62,7.01,82.61,0.0006,False
123.13,3,Glass,-67.5,-0.36,87.86,0.0865,False
74.66,3,Concrete,-71.06,-16.45,107.52,0.4165,True
15.01,0,None,-79.85,36.27,63.58,0.0,False
125.04,3,Glass,-84.6,16.61,88.0,0.0,False
154.97,2,Concrete,-76.68,-7.18,103.86,0.2648,True
70.43,3,Concrete,-97.75,10.74,107.01,0.0,False
115.64,1,Concrete,-95.23,23.91,91.32,0.0,False
137.39,3,Glass,-72.03,3.22,88.81,0.0184,False
148.16,0,None,-62.28,-1.19,83.47,0.1129,True
93.0,0,None,-64.88,5.46,79.42,0.0044,False
46.81,4,Concrete,-72.7,-20.76,113.46,0.4402,True
179.58,3,Concrete,-84.57,-10.57,115.14,0.338,True
21.44,3,Glass,-82.71,30.03,72.68,0.0,False
147.51,3,Glass,-99.44,30.01,89.43,0.0,False
187.21,4,Concrete,-71.4,-34.1,125.5,0.5004,True
61.24,0,None,-98.54,42.74,75.79,0.0,False
152.58,4,Concrete,-91.95,-11.77,123.72,0.3537,True
97.35,1,Concrete,-97.06,27.24,89.82,0.0,False
108.23,4,Glass,-89.8,21.06,88.74,0.0,False
135.1,1,Glass,-97.17,32.5,84.67,0.0,False
127.6,2,Glass,-80.45,14.28,86.17,0.0,False
196.14,3,Concrete,-72.86,-23.05,115.91,0.4658,True
112.01,1,Glass,-89.06,26.02,83.04,0.0,False
193.28,1,Concrete,-63.5,-12.28,95.78,0.3752,True
187.07,3,Glass,-76.25,4.76,91.49,0.0066,False
51.44,1,Concrete,-99.41,35.13,84.28,0.0,False
69.24,2,Glass,-64.18,3.32,80.86,0.0216,False
142.42,0,None,-89.19,26.06,83.13,0.0,False
53.45,4,Glass,-83.02,20.4,82.61,0.0,False
94.63,4,Concrete,-82.68,-16.9,119.57,0.4208,True
151.46,1,Glass,-93.21,27.55,85.66,0.0,False
138.96,2,Concrete,-80.08,-2.84,102.91,0.1452,True
104.63,4,Glass,-95.35,26.91,88.45,0.0,False
106.05,4,Glass,-75.03,6.46,88.56,0.0014,False
54.94,4,Concrete,-74.68,-20.17,114.85,0.4449,True
63.56,0,None,-76.86,20.75,76.12,0.0,False
98.9,1,Concrete,-84.81,14.85,89.96,0.0,False
111.24,2,Concrete,-68.45,-12.53,100.98,0.3653,True
76.26,0,None,-67.0,9.3,77.7,0.0,False
131.15,4,Glass,-64.43,-5.98,90.41,0.2369,True
42.81,1,Glass,-85.81,31.12,74.69,0.0,False
105.79,1,Glass,-90.9,28.36,82.54,0.0,False
158.08,1,Concrete,-71.05,-2.98,94.03,0.1587,True
194.49,4,Concrete,-74.82,-31.01,125.83,0.4773,True
21.58,1,Glass,-73.28,24.54,68.73,0.0,False
47.72,4,Glass,-73.47,11.84,81.63,0.0,False
79.31,3,Concrete,-78.06,-9.98,108.04,0.331,True
113.57,0,None,-88.83,27.67,81.16,0.0,False
160.67,3,Glass,-94.67,24.5,90.17,0.0,False
137.72,1,Glass,-60.26,-4.57,84.83,0.2028,True
164.28,4,Concrete,-95.17,-9.2,124.37,0.3115,True
117.73,4,Concrete,-78.14,-23.33,121.47,0.4681,True
174.72,4,Concrete,-87.32,-17.58,124.9,0.4206,True
75.43,4,Concrete,-87.34,-10.26,117.61,0.333,True
84.69,0,None,-70.98,12.37,78.61,0.0,False
32.87,0,None,-93.11,42.72,70.39,0.0,False
157.83,1,Concrete,-97.11,23.09,94.02,0.0,False
180.99,2,Glass,-93.09,23.88,89.21,0.0,False
35.93,1,Glass,-63.54,10.38,73.16,0.0,False
110.45,4,Concrete,-92.22,-8.69,120.92,0.3075,True
107.5,0,None,-95.44,34.76,80.68,0.0,False
111.8,0,None,-87.29,26.27,81.02,0.0,False
146.21,2,Glass,-89.3,21.95,87.35,0.0,False
40.99,2,Glass,-65.03,8.72,76.31,0.0001,False
97.87,1,Glass,-95.55,33.68,81.87,0.0,False
135.33,1,Concrete,-92.16,19.48,92.68,0.0,False
52.48,0,None,-76.76,22.31,74.45,0.0,False
24.95,4,Concrete,-80.26,-7.74,108.0,0.2867,True
64.32,4,Glass,-72.11,7.88,84.22,0.0003,False
105.88,3,Glass,-61.37,-5.18,86.55,0.2146,True
70.93,4,Concrete,-74.7,-22.37,117.07,0.4599,True
181.6,2,Concrete,-72.37,-12.87,105.24,0.3652,True
125.17,2,Concrete,-80.81,-1.2,102.0,0.1057,True
24.48,3,Glass,-68.48,14.65,73.83,0.0,False
83.2,2,Concrete,-69.63,-8.82,98.46,0.3056,True
31.5,1,Glass,-63.43,11.41,72.02,0.0,False
89.26,2,Concrete,-79.32,0.25,99.07,0.0773,False
195.45,2,Glass,-78.25,8.37,89.87,0.0001,False
172.65,0,None,-70.52,5.72,84.8,0.0028,False
138.25,3,Glass,-90.17,21.3,88.87,0.0,False
30.89,1,Glass,-70.46,18.61,71.85,0.0,False
46.51,3,Concrete,-74.66,-8.75,103.4,0.3106,True
160.4,0,None,-90.78,26.62,84.16,0.0,False
85.68,1,Concrete,-88.44,19.73,88.71,0.0,False
113.03,0,None,-97.69,36.57,81.12,0.0,False
173.3,4,Concrete,-71.01,-33.82,124.83,0.4906,True
83.65,1,Concrete,-75.99,7.48,88.5,0.0005,False
135.62,4,Concrete,-98.51,-4.19,122.7,0.1876,True
137.81,2,Concrete,-71.37,-11.47,102.84,0.3521,True
144.04,4,Glass,-63.57,-7.66,91.22,0.2804,True
109.65,3,Glass,-78.05,11.19,86.85,0.0,False
55.39,1,Glass,-78.14,21.22,76.92,0.0,False
51.97,0,None,-62.09,7.72,74.37,0.0006,False
163.97,1,Glass,-64.85,-1.5,86.35,0.1165,True
125.94,0,None,-91.31,29.25,82.06,0.0,False
150.02,3,Glass,-85.84,16.26,89.58,0.0,False
99.82,2,Glass,-93.18,29.14,84.04,0.0,False
89.33,4,Glass,-90.35,23.28,87.07,0.0,False
131.36,0,None,-73.4,10.98,82.42,0.0,False
72.42,4,Concrete,-64.23,-33.02,117.25,0.4874,True
155.31,3,Concrete,-76.16,-17.71,113.88,0.4262,True
29.2,2,Concrete,-97.21,27.84,89.36,0.0,False
22.17,1,Glass,-67.01,18.04,68.97,0.0,False
59.0,2,Glass,-94.57,35.09,79.47,0.0,False
94.41,2,Glass,-90.61,27.05,83.55,0.0,False
176.93,3,Concrete,-92.48,-2.53,115.01,0.1426,True
110.37,3,Concrete,-94.44,3.53,110.91,0.0143,False
38.35,0,None,-94.37,42.64,71.73,0.0,False
19.03,3,Glass,-84.11,32.46,71.64,0.0,False
55.67,3,Concrete,-79.07,-5.9,104.97,0.2431,True
41.5,0,None,-93.0,40.58,72.41,0.0,False
22.3,0,None,-73.96,26.94,67.02,0.0,False
90.75,2,Concrete,-60.79,-18.42,99.21,0.4329,True
90.28,2,Concrete,-79.88,0.71,99.17,0.0596,False
31.86,0,None,-93.23,43.11,70.12,0.0,False
17.16,0,None,-81.09,36.35,64.75,0.0,False
166.93,2,Glass,-85.41,16.9,88.51,0.0,False
186.21,1,Glass,-68.73,1.28,87.45,0.0488,False
60.68,3,Glass,-70.93,9.21,81.71,0.0,False
44.41,1,Glass,-93.63,38.63,75.0,0.0,False
178.77,0,None,-91.33,26.23,85.1,0.0,False
78.6,3,Glass,-71.39,7.42,83.96,0.0003,False
162.07,4,Glass,-70.07,-2.18,92.25,0.1325,True
37.77,3,Glass,-92.45,34.85,77.6,0.0,False
149.03,2,Glass,-90.43,22.91,87.52,0.0,False
144.11,4,Concrete,-81.43,-21.8,123.23,0.4541,True
88.97,4,Glass,-61.31,-5.73,87.04,0.2367,True
99.7,1,Concrete,-97.58,27.55,90.03,0.0,False
114.42,4,Glass,-78.16,8.94,89.22,0.0,False
131.75,4,Concrete,-93.32,-9.13,122.45,0.3158,True
189.02,2,Concrete,-79.16,-6.43,105.58,0.251,True
55.71,2,Concrete,-93.16,18.19,94.97,0.0,False
118.22,0,None,-92.72,31.21,81.51,0.0,False
38.65,2,Glass,-90.62,34.82,75.8,0.0,False
27.33,4,Concrete,-73.05,-15.73,108.79,0.408,True
88.09,0,None,-81.32,22.36,78.95,0.0,False
50.03,1,Glass,-88.39,32.35,76.04,0.0,False
188.89,3,Concrete,-79.41,-16.17,115.58,0.4129,True
169.75,4,Concrete,-65.77,-38.88,124.65,0.4976,True
185.37,0,None,-71.78,6.37,85.42,0.0012,False
187.16,0,None,-60.9,-4.6,85.5,0.2059,True
198.62,2,Glass,-96.99,26.98,90.01,0.0,False
18.14,4,Concrete,-88.97,3.74,105.23,0.0135,False
119.95,4,Concrete,-93.87,-7.77,121.63,0.2859,True
52.89,4,Glass,-65.52,3.0,82.52,0.0217,False
61.12,1,Glass,-98.38,40.6,77.78,0.0,False
26.02,2,Concrete,-91.06,22.7,88.36,0.0,False
114.11,2,Glass,-72.03,6.83,85.2,0.0004,False
126.2,4,Glass,-73.06,2.99,90.08,0.0232,False
85.56,0,None,-90.31,31.61,78.7,0.0,False
56.78,3,Concrete,-73.45,-11.69,105.14,0.3541,True
57.28,0,None,-62.83,7.62,75.21,0.0002,False
151.07,0,None,-73.27,9.63,83.64,0.0,False
86.88,2,Concrete,-81.7,2.87,98.83,0.0251,False
12.97,4,Glass,-70.64,20.32,70.31,0.0,False
133.88,3,Concrete,-93.89,1.31,112.59,0.0533,False
147.26,4,Concrete,-72.94,-30.48,123.42,0.4813,True
70.21,3,Glass,-61.96,-1.03,82.98,0.1023,True
42.19,0,None,-66.34,13.79,72.56,0.0,False
181.32,0,None,-80.57,15.35,85.22,0.0,False
66.01,2,Glass,-77.32,16.87,80.45,0.0,False
123.83,2,Glass,-89.24,23.33,85.91,0.0,False
134.39,3,Glass,-80.88,12.26,88.62,0.0,False
130.1,1,Glass,-75.11,10.77,84.34,0.0,False
73.78,4,Concrete,-96.25,-1.16,117.41,0.1049,True
95.83,0,None,-85.94,26.26,79.68,0.0,False
37.09,0,None,-65.31,13.87,71.44,0.0,False
76.3,1,Glass,-95.21,35.51,79.7,0.0,False
142.3,1,Glass,-95.51,30.39,85.12,0.0,False
105.42,2,Concrete,-80.26,-0.25,100.51,0.0882,False
50.41,3,Concrete,-76.8,-7.31,104.1,0.2694,True
137.06,0,None,-95.96,33.17,82.79,0.0,False
149.58,4,Glass,-94.15,22.6,91.55,0.0,False
176.06,2,Glass,-74.0,5.03,88.97,0.0056,False
160.61,0,None,-78.5,14.33,84.17,0.0,False
45.81,3,Concrete,-63.64,-19.64,103.27,0.4399,True
71.57,4,Concrete,-78.5,-18.65,117.15,0.4391,True
190.52,2,Glass,-85.76,16.11,89.65,0.0,False
129.08,0,None,-75.73,13.45,82.27,0.0,False
38.56,1,Glass,-88.26,34.48,73.78,0.0,False
60.77,3,Concrete,-90.48,4.75,105.73,0.0075,False
158.45,1,Glass,-99.6,33.55,86.05,0.0,False
114.17,2,Concrete,-78.26,-2.94,101.21,0.1623,True
153.69,1,Concrete,-70.92,-2.86,93.79,0.1567,True
104.81,1,Glass,-72.2,9.74,82.46,0.0,False
68.68,4,Concrete,-68.95,-27.84,116.79,0.4852,True
55.89,0,None,-86.34,31.34,75.0,0.0,False
76.56,3,Glass,-72.48,8.74,83.73,0.0,False
112.55,4,Concrete,-69.49,-31.59,121.08,0.485,True
82.08,4,Glass,-91.04,24.7,86.34,0.0,False
158.2,0,None,-84.43,20.4,84.04,0.0,False
33.12,4,Glass,-74.99,16.53,78.46,0.0,False
132.23,4,Glass,-65.66,-4.82,90.48,0.2158,True
197.78,1,Glass,-86.52,18.54,87.98,0.0,False
83.74,2,Concrete,-66.86,-11.65,98.51,0.3637,True
14.17,2,Concrete,-75.12,12.04,83.08,0.0,False
192.47,4,Concrete,-76.5,-29.25,125.74,0.4758,True
193.87,0,None,-90.7,24.9,85.8,0.0,False
165.12,4,Glass,-68.3,-4.11,92.41,0.1853,True
16.18,3,Glass,-99.78,49.54,70.23,0.0,False
174.46,3,Concrete,-93.66,-1.22,114.89,0.1145,True
36.63,1,Concrete,-85.43,24.1,81.33,0.0,False
150.23,4,Concrete,-75.69,-27.9,123.59,0.48,True
37.97,4,Glass,-93.0,33.36,79.64,0.0,False
80.75,0,None,-61.72,3.52,78.2,0.0173,False
14.81,4,Glass,-60.85,9.38,71.47,0.0,False
47.41,4,Concrete,-95.82,2.25,113.57,0.0343,False
114.59,2,Concrete,-99.72,18.49,101.24,0.0,False
49.12,4,Concrete,-67.78,-26.1,113.88,0.4721,True
81.33,2,Glass,-99.56,37.3,82.26,0.0,False
25.08,1,Glass,-83.23,33.19,70.04,0.0,False
35.66,2,Concrete,-68.98,-2.12,91.1,0.1344,True
77.82,3,Concrete,-60.86,-27.01,107.88,0.4807,True
113.55,2,Glass,-88.44,23.28,85.16,0.0,False
74.07,3,Glass,-86.4,22.95,83.45,0.0,False
63.98,0,None,-89.57,33.39,76.18,0.0,False
29.02,4,Concrete,-62.2,-27.1,109.31,0.4723,True
72.29,1,Glass,-82.0,22.76,79.24,0.0,False
182.05,1,Glass,-68.43,1.17,87.26,0.0528,False
188.9,1,Concrete,-65.85,-9.73,95.58,0.3113,True
44.89,2,Glass,-67.06,9.96,77.1,0.0,False
161.07,1,Concrete,-86.47,12.28,94.19,0.0,False
15.69,3,Glass,-86.24,36.27,69.97,0.0,False
190.53,4,Glass,-81.36,7.7,93.65,0.0003,False
42.34,0,None,-95.28,42.69,72.59,0.0,False
141.91,4,Concrete,-67.03,-36.06,123.09,0.4919,True
173.12,3,Concrete,-60.32,-34.5,114.82,0.4886,True
66.15,0,None,-69.97,13.5,76.46,0.0,False
98.09,1,Concrete,-81.41,11.53,89.89,0.0,False
124.32,1,Glass,-82.37,18.42,83.94,0.0,False
137.88,3,Glass,-79.01,10.17,88.84,0.0,False
106.15,3,Glass,-68.72,2.15,86.57,0.0378,False
159.59,1,Concrete,-88.41,14.3,94.11,0.0,False
159.8,2,Concrete,-72.24,-11.89,104.13,0.3616,True
100.98,2,Glass,-75.87,11.73,84.14,0.0,False
33.86,0,None,-76.43,25.78,70.65,0.0,False
93.5,2,Glass,-81.93,18.46,83.47,0.0,False
10.39,2,Glass,-97.15,52.77,64.39,0.0,False
134.84,1,Glass,-64.02,-0.63,84.65,0.0925,False
33.93,3,Glass,-84.22,27.56,76.67,0.0,False
69.7,1,Concrete,-97.56,30.64,86.92,0.0,False
83.72,0,None,-74.4,15.89,78.51,0.0,False
38.08,3,Glass,-79.39,21.72,77.67,0.0,False
194.68,3,Concrete,-99.62,3.78,115.84,0.0122,False
77.85,2,Glass,-67.42,5.55,81.88,0.0033,False
199.07,1,Glass,-67.31,-0.73,88.03,0.0949,False
53.79,1,Concrete,-83.27,18.6,84.67,0.0,False
42.77,2,Glass,-70.21,13.54,76.68,0.0,False
164.19,0,None,-63.1,-1.26,84.36,0.1111,True
156.23,4,Glass,-87.69,15.76,91.93,0.0,False
158.03,1,Concrete,-83.59,9.56,94.03,0.0,False
46.72,3,Concrete,-62.02,-21.42,103.44,0.4559,True
39.83,3,Concrete,-95.78,13.72,102.06,0.0,False
14.1,4,Glass,-76.92,25.88,71.04,0.0,False
126.99,0,None,-98.9,36.77,82.13,0.0,False
192.1,1,Glass,-76.49,8.77,87.72,0.0,False
178.01,4,Concrete,-64.57,-40.5,125.06,0.49,True
41.43,3,Concrete,-68.07,-14.33,102.4,0.3946,True
161.73,3,Glass,-83.69,13.46,90.23,0.0,False
154.09,1,Glass,-99.29,33.48,85.81,0.0,False
122.27,4,Glass,-75.79,5.99,89.8,0.0019,False
124.35,0,None,-82.41,20.46,81.95,0.0,False
171.07,4,Concrete,-80.37,-24.35,124.72,0.4708,True
176.07,0,None,-92.77,27.8,84.97,0.0,False
159.02,3,Glass,-83.21,13.13,90.08,0.0,False
24.36,2,Glass,-79.68,27.89,71.79,0.0,False
110.61,4,Glass,-63.28,-5.65,88.93,0.2333,True
18.17,0,None,-93.93,48.69,65.24,0.0,False
120.04,2,Glass,-67.3,1.65,85.64,0.0438,False
140.64,1,Glass,-86.38,21.37,85.02,0.0,False
53.05,2,Glass,-60.77,2.22,78.55,0.0328,False
173.36,1,Glass,-65.82,-1.02,86.83,0.1031,True
158.45,1,Glass,-87.13,21.08,86.05,0.0,False
159.21,0,None,-71.84,7.74,84.09,0.0,False
177.64,2,Glass,-76.15,7.11,89.05,0.0009,False
170.95,2,Concrete,-82.25,-2.46,104.71,0.1442,True
169.11,4,Concrete,-78.72,-25.9,124.62,0.4756,True
55.85,3,Glass,-99.56,38.57,80.99,0.0,False
184.52,0,None,-83.25,17.87,85.38,0.0,False
70.75,1,Glass,-70.41,11.36,79.05,0.0,False
33.03,4,Concrete,-66.39,-24.05,110.43,0.4632,True
76.9,2,Glass,-94.44,32.67,81.77,0.0,False
160.2,3,Glass,-91.45,21.31,90.15,0.0,False
136.98,3,Concrete,-78.29,-14.5,112.79,0.3987,True
42.07,2,Glass,-93.8,37.27,76.53,0.0,False
161.36,3,Glass,-86.06,15.85,90.21,0.0,False
48.93,2,Concrete,-67.03,-6.81,93.84,0.2557,True
11.55,3,Concrete,-63.47,-7.83,91.3,0.278,True
193.3,2,Glass,-73.34,3.56,89.78,0.0162,False
29.49,2,Concrete,-83.12,13.68,89.45,0.0,False
184.36,1,Concrete,-98.36,22.99,95.37,0.0,False
99.79,2,Glass,-70.87,6.83,84.04,0.0011,False
103.92,4,Glass,-88.26,19.87,88.39,0.0,False
50.63,3,Concrete,-88.84,4.7,104.14,0.0072,False
47.52,1,Concrete,-92.24,28.65,83.59,0.0,False
27.41,3,Concrete,-70.37,-8.44,98.81,0.2952,True
177.52,0,None,-66.61,1.58,85.04,0.0436,False
48.28,3,Glass,-73.01,13.28,79.73,0.0,False
171.13,4,Glass,-89.15,16.43,92.72,0.0,False
164.81,0,None,-67.31,2.92,84.39,0.0228,False
123.71,0,None,-79.22,17.32,81.9,0.0,False
184.63,0,None,-67.15,1.77,85.38,0.0434,False
162.57,1,Concrete,-92.55,18.27,94.27,0.0,False
118.54,2,Concrete,-99.32,17.79,101.53,0.0,False
84.98,2,Glass,-82.3,19.66,82.64,0.0,False
189.0,2,Concrete,-79.3,-6.29,105.58,0.2429,True
62.08,3,Concrete,-61.67,-24.24,105.91,0.4761,True
191.84,1,Glass,-71.71,3.99,87.71,0.0121,False
67.44,2,Concrete,-93.93,17.3,96.63,0.0,False
177.17,4,Concrete,-98.67,-6.35,125.02,0.2449,True
91.53,4,Glass,-65.5,-1.79,87.29,0.1197,True
52.33,0,None,-69.51,15.08,74.43,0.0,False
191.48,1,Glass,-71.07,3.37,87.7,0.0186,False
96.36,4,Glass,-85.77,18.04,87.73,0.0,False
68.87,2,Concrete,-62.05,-14.76,96.81,0.3956,True
86.22,2,Concrete,-83.08,4.32,98.77,0.0094,False
19.83,4,Glass,-88.25,34.25,74.0,0.0,False
175.52,3,Concrete,-96.45,1.51,114.94,0.0458,False
134.8,4,Glass,-79.26,8.61,90.65,0.0001,False
174.91,2,Concrete,-71.1,-13.81,104.91,0.3855,True
87.85,2,Concrete,-95.93,17.01,98.93,0.0,False
146.5,0,None,-61.41,-1.96,83.37,0.1332,True
187.84,2,Concrete,-76.88,-8.65,105.53,0.301,True
85.06,0,None,-70.11,11.46,78.65,0.0,False
76.63,2,Concrete,-95.12,17.38,97.74,0.0,False
146.03,0,None,-80.25,16.91,83.34,0.0,False
39.91,4,Concrete,-91.8,-0.27,112.08,0.0861,False
127.96,0,None,-74.47,12.27,82.2,0.0,False
188.28,2,Glass,-66.24,-3.31,89.55,0.1697,True
17.51,3,Glass,-97.76,46.84,70.92,0.0,False
43.76,0,None,-99.85,46.97,72.88,0.0,False
179.11,2,Concrete,-76.78,-8.33,105.12,0.3028,True
29.88,3,Glass,-83.04,27.48,75.56,0.0,False
107.13,3,Glass,-63.93,-2.72,86.65,0.1511,True
152.69,1,Glass,-84.15,18.42,85.73,0.0,False
94.06,1,Glass,-91.31,29.79,81.52,0.0,False
149.15,1,Concrete,-90.3,16.77,93.53,0.0,False
163.73,2,Concrete,-72.54,-11.8,104.34,0.355,True
191.69,4,Glass,-71.63,-2.07,93.71,0.1345,True
41.44,2,Glass,-80.58,24.18,76.4,0.0,False
144.46,0,None,-82.51,19.26,83.25,0.0,False
25.17,2,Concrete,-65.57,-2.51,88.07,0.1477,True
14.74,4,Glass,-72.22,20.79,71.43,0.0,False
101.15,3,Glass,-85.12,18.96,86.15,0.0,False
179.73,4,Glass,-73.38,0.23,93.15,0.0763,False
63.05,4,Concrete,-86.27,-9.78,116.05,0.3258,True
125.43,0,None,-88.75,26.72,82.02,0.0,False
198.31,1,Glass,-67.64,-0.36,88.0,0.0884,False
151.45,4,Glass,-94.37,22.71,91.66,0.0,False
178.21,0,None,-82.2,17.13,85.07,0.0,False
139.97,2,Glass,-89.63,22.66,86.97,0.0,False
180.4,2,Glass,-88.01,18.83,89.18,0.0,False
51.96,3,Concrete,-86.01,1.64,104.37,0.0464,False
155.25,0,None,-92.55,28.68,83.87,0.0,False
145.88,2,Concrete,-85.12,1.79,103.33,0.0421,False
168.61,4,Concrete,-96.47,-8.12,124.59,0.2856,True
64.99,0,None,-76.05,19.74,76.31,0.0,False
99.73,3,Concrete,-65.66,-24.38,110.03,0.4635,True
143.5,1,Glass,-85.75,20.56,85.19,0.0,False
58.96,2,Concrete,-98.27,22.81,95.47,0.0,False
157.92,0,None,-60.47,-3.56,84.02,0.1797,True
139.05,2,Glass,-98.8,31.88,86.92,0.0,False
185.13,4,Concrete,-61.75,-43.65,125.4,0.4937,True
22.65,0,None,-87.51,40.35,67.16,0.0,False
158.26,4,Glass,-76.15,4.11,92.04,0.0107,False
52.34,4,Glass,-69.73,7.3,82.43,0.0004,False
132.14,2,Glass,-86.1,19.63,86.47,0.0,False
166.06,1,Concrete,-80.01,5.55,94.46,0.0037,False
32.36,4,Glass,-71.13,12.87,78.26,0.0,False
155.04,0,None,-96.35,32.49,83.86,0.0,False
14.49,3,Concrete,-75.94,2.66,93.27,0.0268,False
174.65,0,None,-85.41,20.52,84.9,0.0,False
77.5,1,Glass,-83.06,23.22,79.84,0.0,False
142.72,0,None,-96.65,33.51,83.14,0.0,False
16.99,1,Glass,-97.27,50.61,66.66,0.0,False
40.18,0,None,-99.42,47.29,72.13,0.0,False
57.58,4,Concrete,-61.85,-33.41,115.26,0.4754,True
25.77,0,None,-84.71,36.43,68.28,0.0,False
10.96,2,Concrete,-95.31,34.46,80.85,0.0,False
191.94,4,Glass,-88.26,14.55,93.72,0.0,False
36.66,0,None,-77.85,26.51,71.34,0.0,False
136.25,2,Glass,-99.66,32.91,86.74,0.0,False
35.08,3,Glass,-99.0,42.05,76.96,0.0,False
132.51,0,None,-65.36,2.86,82.5,0.0248,False
18.77,0,None,-85.81,40.28,65.53,0.0,False
11.57,3,Glass,-74.77,27.45,67.32,0.0,False
173.02,0,None,-96.07,31.26,84.82,0.0,False
58.04,2,Glass,-70.62,11.29,79.33,0.0,False
106.09,2,Glass,-85.72,21.15,84.57,0.0,False
18.31,4,Concrete,-68.13,-17.17,105.31,0.4211,True
156.93,4,Glass,-75.59,3.63,91.97,0.0159,False
99.74,2,Glass,-88.63,24.59,84.03,0.0,False
36.02,0,None,-74.12,22.93,71.18,0.0,False
187.57,3,Concrete,-90.96,-4.56,115.52,0.2108,True
155.53,0,None,-68.55,4.66,83.89,0.0083,False
90.64,3,Glass,-68.57,3.36,85.2,0.0186,False
157.52,1,Glass,-94.82,28.82,86.0,0.0,False
31.49,3,Glass,-90.11,34.09,76.02,0.0,False
138.24,0,None,-88.26,25.39,82.87,0.0,False
95.4,3,Glass,-93.39,27.74,85.65,0.0,False
160.03,1,Glass,-81.43,15.29,86.14,0.0,False
20.16,3,Concrete,-72.81,-3.34,96.14,0.1609,True
116.18,4,Glass,-62.83,-6.53,89.36,0.2552,True
179.46,4,Concrete,-93.25,-11.89,125.13,0.3608,True
12.53,3,Concrete,-80.32,8.3,92.01,0.0002,False
12.79,0,None,-77.25,35.06,62.19,0.0,False
62.31,1,Glass,-70.35,12.41,77.95,0.0,False
76.84,1,Concrete,-91.66,23.89,87.77,0.0,False
195.12,3,Glass,-78.13,6.27,91.86,0.002,False
55.34,2,Concrete,-92.46,17.55,94.91,0.0,False
94.95,0,None,-66.41,6.81,79.6,0.0015,False
126.64,3,Concrete,-73.43,-18.68,112.11,0.4336,True
33.78,4,Concrete,-62.55,-28.07,110.63,0.4781,True
105.41,2,Concrete,-87.74,7.23,100.51,0.0007,False
163.91,0,None,-89.15,24.81,84.35,0.0,False
155.09,0,None,-61.59,-2.27,83.87,0.1389,True
10.78,4,Concrete,-83.41,2.7,100.71,0.0253,False
180.12,3,Concrete,-79.32,-15.84,115.17,0.4145,True
31.3,2,Concrete,-65.2,-4.76,89.96,0.2072,True
33.08,2,Concrete,-67.1,-3.35,90.44,0.1698,True
100.05,0,None,-79.56,19.5,80.06,0.0,False
65.49,2,Glass,-66.84,6.46,80.38,0.0019,False
97.64,3,Concrete,-76.08,-13.77,109.85,0.3792,True
114.5,3,Concrete,-82.79,-8.44,111.23,0.2905,True
145.05,4,Glass,-64.74,-6.55,91.28,0.2584,True
47.62,2,Concrete,-80.92,7.31,93.61,0.0006,False
36.57,4,Glass,-75.99,16.67,79.32,0.0,False
175.7,2,Glass,-76.72,7.77,88.95,0.0006,False
117.94,0,None,-82.47,20.98,81.49,0.0,False
169.81,3,Glass,-69.68,-0.97,90.65,0.1032,True
92.2,3,Glass,-77.94,12.59,85.35,0.0,False
152.78,3,Glass,-62.61,-7.13,89.74,0.2691,True
23.67,1,Glass,-62.87,13.33,69.54,0.0,False
58.29,1,Concrete,-64.75,-0.62,85.37,0.0948,False
172.18,4,Concrete,-90.53,-14.24,124.77,0.3901,True
78.05,1,Glass,-68.0,8.1,79.9,0.0002,False
81.27,3,Glass,-71.12,6.87,84.25,0.0008,False
69.63,0,None,-66.53,9.62,76.91,0.0,False
123.72,3,Concrete,-67.62,-24.29,111.9,0.4661,True
31.93,3,Concrete,-83.59,3.45,100.14,0.0207,False
71.7,0,None,-94.73,37.57,77.17,0.0,False
41.04,1,Glass,-90.07,35.75,74.32,0.0,False
44.82,1,Concrete,-68.77,5.68,83.08,0.003,False
97.11,4,Glass,-70.86,3.06,87.8,0.0219,False
66.57,3,Glass,-72.92,10.4,82.52,0.0,False
26.79,2,Concrete,-61.57,-7.05,88.61,0.2648,True
178.19,0,None,-96.31,31.24,85.07,0.0,False
87.78,2,Concrete,-90.78,11.85,98.92,0.0,False
101.77,2,Glass,-86.64,22.43,84.21,0.0,False
28.32,2,Concrete,-65.49,-3.61,89.1,0.1767,True
130.47,4,Glass,-61.6,-8.77,90.36,0.2998,True
138.24,4,Glass,-71.6,0.73,90.87,0.0613,False
18.94,0,None,-85.73,40.13,65.6,0.0,False
163.48,1,Glass,-64.04,-2.29,86.32,0.1393,True
149.84,1,Concrete,-60.82,-12.74,93.57,0.3817,True
103.43,0,None,-92.59,32.24,80.35,0.0,False
103.25,2,Glass,-60.57,-3.76,84.33,0.1769,True
120.27,0,None,-60.58,-1.07,81.66,0.1056,True
27.16,0,None,-97.16,48.43,68.73,0.0,False
112.5,0,None,-63.54,2.47,81.08,0.0294,False
148.37,3,Glass,-82.56,13.08,89.48,0.0,False
74.65,1,Concrete,-70.99,3.48,87.51,0.0171,False
111.8,1,Concrete,-83.4,12.38,91.02,0.0,False
151.43,0,None,-97.37,33.71,83.66,0.0,False
127.59,3,Glass,-65.32,-2.85,88.17,0.1573,True
100.68,0,None,-80.06,19.94,80.11,0.0,False
95.81,3,Glass,-85.38,19.7,85.68,0.0,False
108.35,1,Concrete,-74.93,4.18,90.75,0.0115,False
90.64,1,Concrete,-79.53,10.33,89.2,0.0,False
140.75,4,Glass,-86.64,15.62,91.02,0.0,False
134.79,1,Concrete,-85.16,12.52,92.65,0.0,False
143.22,4,Glass,-60.57,-10.61,91.17,0.3364,True
68.05,0,None,-92.88,36.16,76.71,0.0,False
169.16,4,Concrete,-82.08,-22.54,124.62,0.462,True
177.71,1,Concrete,-86.41,11.36,95.05,0.0,False
147.75,1,Glass,-71.39,5.94,85.44,0.002,False
92.03,4,Concrete,-91.11,-8.22,119.33,0.2973,True
158.72,3,Concrete,-63.34,-30.72,114.07,0.4805,True
21.84,2,Glass,-88.6,37.76,70.84,0.0,False
106.17,1,Glass,-68.24,5.66,82.57,0.0029,False
24.54,1,Concrete,-93.54,35.69,77.85,0.0,False
163.07,3,Concrete,-91.73,-2.57,114.3,0.1429,True
157.58,2,Glass,-92.05,24.05,88.0,0.0,False
175.44,3,Glass,-80.74,9.8,90.94,0.0,False
88.45,3,Concrete,-79.24,-9.75,108.99,0.3293,True
102.74,3,Glass,-90.66,24.37,86.29,0.0,False
112.69,4,Concrete,-65.22,-35.87,121.09,0.4809,True
159.18,2,Glass,-80.18,12.08,88.09,0.0,False
60.28,1,Concrete,-79.63,13.97,85.66,0.0,False
61.44,1,Glass,-66.51,8.68,77.82,0.0001,False
11.84,0,None,-67.0,25.48,61.52,0.0,False
133.77,1,Glass,-67.3,2.72,84.58,0.0251,False
164.95,2,Glass,-80.42,12.02,88.4,0.0,False
133.26,3,Concrete,-64.09,-28.46,112.55,0.4774,True
130.19,4,Concrete,-64.31,-38.04,122.35,0.4876,True
146.81,2,Glass,-84.08,16.69,87.39,0.0,False
165.33,3,Glass,-99.41,28.99,90.42,0.0,False
172.67,4,Glass,-72.49,-0.31,92.8,0.0817,False
21.62,4,Glass,-88.01,33.26,74.75,0.0,False
51.44,4,Concrete,-70.15,-24.13,114.28,0.4581,True
83.33,4,Concrete,-79.19,-19.28,118.47,0.4482,True
162.49,1,Glass,-82.48,16.21,86.27,0.0,False
116.92,2,Concrete,-95.47,14.06,101.41,0.0,False
48.27,3,Glass,-91.33,31.6,79.73,0.0,False
82.81,0,None,-76.06,17.64,78.42,0.0,False
124.52,4,Glass,-66.66,-3.3,89.96,0.165,True
128.16,1,Glass,-89.44,25.23,84.21,0.0,False
175.96,0,None,-98.66,33.7,84.96,0.0,False
42.46,3,Concrete,-95.0,12.38,102.61,0.0,False
100.38,1,Concrete,-74.21,4.12,90.09,0.0099,False
78.81,1,Concrete,-81.26,13.27,87.99,0.0,False
111.15,0,None,-80.04,19.07,80.97,0.0,False
32.72,0,None,-97.51,47.16,70.35,0.0,False
97.36,4,Glass,-94.3,26.48,87.82,0.0,False
107.24,0,None,-80.43,19.76,80.66,0.0,False
57.47,2,Concrete,-71.52,-3.72,95.24,0.1787,True
166.01,1,Concrete,-61.63,-12.82,94.46,0.3727,True
116.32,2,Concrete,-84.47,3.1,101.37,0.0243,False
145.27,3,Concrete,-79.99,-13.3,113.3,0.3628,True
94.82,3,Glass,-70.73,5.14,85.59,0.0057,False
10.76,0,None,-84.87,44.17,60.69,0.0,False
36.31,1,Concrete,-86.87,25.62,81.25,0.0,False
198.51,1,Concrete,-60.37,-15.64,96.01,0.4179,True
72.67,3,Glass,-81.75,18.47,83.28,0.0,False
191.28,0,None,-78.88,13.19,85.69,0.0,False
52.36,3,Concrete,-87.56,3.13,104.44,0.0209,False
84.13,4,Concrete,-69.93,-28.63,118.55,0.4724,True
27.76,0,None,-83.65,34.72,68.92,0.0,False
64.4,2,Glass,-91.68,31.45,80.23,0.0,False
171.52,0,None,-78.06,13.32,84.74,0.0,False
121.45,0,None,-97.55,35.81,81.74,0.0,False
105.66,1,Glass,-67.26,4.72,82.53,0.0077,False
168.51,3,Concrete,-70.9,-23.68,114.59,0.4572,True
150.39,0,None,-97.38,33.78,83.6,0.0,False
11.01,2,Glass,-93.37,48.47,64.89,0.0,False
29.02,2,Concrete,-78.85,9.55,89.31,0.0,False
185.39,2,Concrete,-85.18,-0.24,105.42,0.0815,False
146.23,2,Glass,-64.83,-2.52,87.35,0.1405,True
38.09,0,None,-69.45,17.78,71.67,0.0,False
75.44,2,Concrete,-96.61,19.01,97.61,0.0,False
23.92,4,Glass,-65.73,10.1,75.63,0.0,False
25.02,4,Glass,-67.43,11.41,76.02,0.0,False
70.13,2,Concrete,-97.75,20.77,96.97,0.0,False
52.55,1,Glass,-91.24,34.77,76.47,0.0,False
84.04,0,None,-84.94,26.4,78.54,0.0,False
82.77,4,Concrete,-66.82,-31.59,118.41,0.493,True
186.27,3,Concrete,-89.3,-6.16,115.46,0.2408,True
118.01,3,Concrete,-71.96,-19.53,111.49,0.4434,True
123.6,0,None,-79.47,17.58,81.89,0.0,False
150.03,1,Concrete,-71.95,-1.63,93.58,0.1187,True
189.42,0,None,-86.36,20.76,85.6,0.0,False
185.08,3,Concrete,-69.69,-25.71,115.4,0.4711,True
28.76,1,Glass,-93.77,42.54,71.23,0.0,False
11.37,1,Concrete,-64.42,13.25,71.17,0.0,False
55.34,4,Concrete,-80.13,-14.79,114.91,0.3994,True
35.48,0,None,-90.71,39.66,71.05,0.0,False
113.17,0,None,-92.44,31.31,81.13,0.0,False
189.96,2,Concrete,-71.26,-14.36,105.63,0.3895,True
18.42,0,None,-75.06,29.7,65.36,0.0,False
182.39,1,Concrete,-60.04,-15.23,95.27,0.4108,True
76.52,3,Glass,-73.07,9.34,83.73,0.0001,False
191.75,3,Glass,-87.64,15.93,91.71,0.0,False
110.77,3,Concrete,-66.0,-24.94,110.94,0.4705,True
198.01,2,Glass,-97.13,27.15,89.99,0.0,False
138.44,2,Glass,-63.22,-3.66,86.88,0.1743,True
175.48,1,Glass,-89.67,22.73,86.94,0.0,False
80.54,4,Concrete,-74.59,-23.58,118.17,0.4613,True
16.17,0,None,-96.22,51.99,64.23,0.0,False
171.57,3,Concrete,-92.97,-1.77,114.74,0.1215,True
24.26,0,None,-88.8,41.05,67.75,0.0,False
12.45,0,None,-82.58,40.62,61.96,0.0,False
159.2,3,Concrete,-73.56,-20.53,114.09,0.4481,True
32.73,3,Glass,-63.45,7.1,76.35,0.0006,False
114.37,2,Concrete,-87.41,6.18,101.22,0.0031,False
176.14,2,Concrete,-93.81,8.84,104.97,0.0,False
42.38,1,Glass,-90.22,35.62,74.6,0.0,False
87.67,4,Concrete,-91.11,-7.8,118.91,0.2828,True
133.15,3,Concrete,-67.46,-25.08,112.54,0.4728,True
35.99,4,Concrete,-94.34,3.16,111.18,0.0211,False
18.58,2,Glass,-85.32,35.89,69.44,0.0,False
61.77,4,Concrete,-69.43,-26.44,115.87,0.4652,True
124.5,2,Concrete,-71.78,-10.17,101.96,0.3321,True
33.63,1,Concrete,-97.38,36.79,80.59,0.0,False
40.54,0,None,-77.59,25.37,72.21,0.0,False
56.42,3,Glass,-82.3,21.22,81.08,0.0,False
32.52,4,Glass,-73.2,14.9,78.3,0.0,False
73.45,0,None,-74.92,17.54,77.37,0.0,False
55.22,0,None,-96.44,41.55,74.9,0.0,False
111.67,0,None,-98.57,37.55,81.01,0.0,False
172.02,0,None,-91.84,27.08,84.77,0.0,False
49.68,1,Glass,-88.61,32.63,75.98,0.0,False
134.25,1,Concrete,-84.42,11.81,92.61,0.0,False
133.61,3,Glass,-82.59,14.02,88.57,0.0,False
135.95,3,Glass,-65.97,-2.75,88.72,0.1525,True
11.75,3,Glass,-62.18,14.72,67.46,0.0,False
179.93,1,Glass,-78.53,11.37,87.16,0.0,False
51.71,2,Concrete,-73.61,-0.72,94.33,0.1003,True
187.33,1,Glass,-90.34,22.83,87.51,0.0,False
190.03,3,Concrete,-75.21,-20.42,115.63,0.4467,True
152.87,3,Glass,-68.6,-1.14,89.74,0.1015,True
165.72,3,Glass,-69.33,-1.11,90.44,0.1037,True
134.72,0,None,-90.46,27.82,82.64,0.0,False
152.1,0,None,-82.44,18.74,83.7,0.0,False
191.9,4,Concrete,-80.03,-25.69,125.72,0.4672,True
160.42,3,Glass,-73.53,3.37,90.16,0.0162,False
77.16,4,Concrete,-83.12,-14.68,117.8,0.4008,True
135.28,2,Concrete,-65.56,-17.12,102.68,0.4207,True
195.16,3,Glass,-64.14,-7.73,91.86,0.29,True
88.79,0,None,-71.05,12.03,79.02,0.0,False
100.83,2,Concrete,-61.71,-18.41,100.13,0.4318,True
15.94,1,Glass,-74.95,28.84,66.11,0.0,False
94.4,1,Concrete,-86.27,16.72,89.55,0.0,False
180.16,0,None,-95.23,30.06,85.17,0.0,False
123.4,2,Concrete,-78.11,-3.77,101.88,0.1735,True
86.19,3,Glass,-97.98,33.22,84.76,0.0,False
15.15,1,Concrete,-94.34,40.67,73.66,0.0,False
118.84,4,Glass,-95.67,26.12,89.55,0.0,False
84.7,0,None,-79.52,20.91,78.61,0.0,False
190.39,2,Glass,-93.72,24.07,89.65,0.0,False
180.62,2,Concrete,-71.15,-14.04,105.19,0.39,True
53.38,0,None,-85.02,30.42,74.6,0.0,False
60.46,1,Glass,-83.47,25.79,77.68,0.0,False
149.91,1,Concrete,-87.64,14.07,93.57,0.0,False
108.3,1,Concrete,-73.02,2.28,90.75,0.0333,False
21.22,0,None,-94.85,48.27,66.59,0.0,False
76.1,0,None,-81.08,23.4,77.68,0.0,False
198.61,0,None,-81.62,15.6,86.01,0.0,False
101.58,4,Glass,-66.16,-2.03,88.19,0.129,True
94.82,1,Glass,-63.21,1.62,81.59,0.044,False
68.68,1,Glass,-65.22,6.43,78.79,0.0016,False
180.12,3,Glass,-78.1,6.94,91.17,0.0011,False
29.84,4,Concrete,-90.45,0.9,109.55,0.058,False
36.7,0,None,-88.5,37.16,71.35,0.0,False
46.74,4,Concrete,-75.4,-18.05,113.45,0.429,True
20.69,1,Concrete,-99.35,42.98,76.37,0.0,False
153.34,2,Glass,-95.88,28.11,87.77,0.0,False
156.92,3,Glass,-84.1,14.13,89.97,0.0,False
102.22,2,Concrete,-94.67,14.43,100.24,0.0,False
177.36,0,None,-90.46,25.43,85.03,0.0,False
77.95,1,Glass,-73.43,13.53,79.89,0.0,False
192.86,3,Concrete,-81.93,-13.83,115.76,0.3812,True
139.48,3,Concrete,-74.6,-18.34,112.94,0.4329,True
125.47,0,None,-70.16,8.14,82.02,0.0001,False
113.15,0,None,-72.49,11.36,81.13,0.0,False
76.76,2,Glass,-86.44,24.69,81.76,0.0,False
51.96,4,Concrete,-86.78,-7.59,114.37,0.2747,True
53.59,4,Glass,-96.1,33.46,82.64,0.0,False
166.58,4,Concrete,-61.36,-43.13,124.49,0.493,True
175.88,2,Concrete,-67.63,-17.33,104.96,0.4288,True
151.16,2,Glass,-68.09,0.44,87.64,0.0661,False
49.62,2,Concrete,-92.97,19.0,93.97,0.0,False
100.05,2,Glass,-81.79,17.73,84.06,0.0,False
17.01,2,Concrete,-83.81,19.14,84.67,0.0,False
40.09,2,Concrete,-78.17,6.06,92.11,0.0024,False
39.57,0,None,-64.52,12.52,72.0,0.0,False
189.58,3,Concrete,-63.77,-31.84,115.61,0.4781,True
21.1,2,Concrete,-82.55,16.01,86.54,0.0,False
52.67,2,Glass,-80.97,22.48,78.49,0.0,False
26.33,3,Glass,-93.17,38.7,74.46,0.0,False
15.96,2,Concrete,-82.96,18.85,84.11,0.0,False
64.0,4,Concrete,-97.34,1.16,116.18,0.0544,False
45.82,2,Concrete,-63.09,-10.19,93.28,0.3354,True
191.45,4,Concrete,-72.44,-33.26,125.7,0.4895,True
148.16,2,Concrete,-69.82,-13.65,103.47,0.3833,True
99.45,3,Glass,-94.62,28.62,86.01,0.0,False
54.01,0,None,-99.16,44.46,74.7,0.0,False
137.47,4,Concrete,-99.39,-3.43,122.82,0.1681,True
128.93,1,Concrete,-86.2,13.94,92.26,0.0,False
29.05,3,Glass,-96.7,41.38,75.32,0.0,False
163.73,4,Concrete,-99.19,-5.15,124.34,0.2208,True
193.87,2,Glass,-92.99,23.18,89.8,0.0,False
97.56,0,None,-80.95,21.11,79.84,0.0,False
38.84,0,None,-84.02,32.18,71.84,0.0,False
198.32,1,Glass,-66.15,-1.85,88.0,0.12,True
59.19,3,Concrete,-73.04,-12.46,105.5,0.3687,True
148.51,2,Concrete,-99.32,15.83,103.49,0.0,False
14.82,3,Concrete,-98.36,24.89,93.47,0.0,False
63.89,4,Glass,-86.43,22.27,84.16,0.0,False
179.58,4,Concrete,-62.95,-42.19,125.14,0.4913,True
186.47,0,None,-91.59,26.12,85.47,0.0,False
141.89,4,Concrete,-96.2,-6.9,123.09,0.2623,True
150.41,2,Glass,-99.96,32.36,87.6,0.0,False
10.96,2,Glass,-69.96,25.12,64.85,0.0,False
184.97,0,None,-87.0,21.6,85.4,0.0,False
57.38,4,Concrete,-73.68,-21.55,115.23,0.4575,True
88.68,2,Glass,-85.0,21.99,83.01,0.0,False
58.69,2,Glass,-66.58,7.15,79.43,0.0009,False
150.5,3,Glass,-64.31,-5.3,89.61,0.2187,True
117.1,2,Glass,-65.39,-0.04,85.43,0.0776,False
190.84,1,Glass,-75.94,8.27,87.67,0.0,False
84.9,3,Glass,-60.59,-4.04,84.63,0.1911,True
188.86,4,Glass,-97.19,23.61,93.58,0.0,False
25.61,2,Concrete,-69.39,1.17,88.22,0.0502,False
184.64,4,Glass,-75.99,2.61,93.38,0.0246,False
197.0,2,Glass,-70.07,0.13,89.94,0.0743,False
94.87,3,Concrete,-95.66,6.06,109.6,0.002,False
33.09,0,None,-78.86,28.41,70.45,0.0,False
171.07,4,Concrete,-85.88,-18.84,124.72,0.4421,True
196.36,4,Glass,-81.41,7.5,93.92,0.0005,False
33.83,1,Glass,-64.47,11.83,72.64,0.0,False
135.46,1,Glass,-68.17,3.48,84.69,0.0182,False
191.81,4,Glass,-72.28,-1.44,93.71,0.1197,True
54.22,1,Glass,-98.01,41.27,76.74,0.0,False
10.49,1,Concrete,-92.77,42.3,70.47,0.0,False
176.29,3,Glass,-73.24,2.26,90.98,0.0362,False
141.96,0,None,-66.83,3.73,83.1,0.0152,False
123.01,4,Concrete,-77.05,-24.8,121.85,0.4736,True
165.24,4,Glass,-73.81,1.39,92.42,0.0423,False
76.14,2,Glass,-78.73,17.05,81.69,0.0,False
44.64,0,None,-75.46,22.41,73.05,0.0,False
50.02,4,Glass,-77.7,15.67,82.04,0.0,False
31.72,1,Glass,-78.33,26.25,72.08,0.0,False
173.52,2,Concrete,-83.21,-1.63,104.84,0.1207,True
37.65,2,Concrete,-89.3,17.73,91.57,0.0,False
193.59,2,Concrete,-83.54,-2.25,105.79,0.1337,True
128.95,1,Glass,-77.24,12.98,84.26,0.0,False
53.44,1,Concrete,-98.59,33.98,84.61,0.0,False
127.62,1,Concrete,-89.65,17.48,92.17,0.0,False
153.55,1,Glass,-72.64,6.86,85.78,0.0011,False
109.63,4,Glass,-75.11,6.26,88.85,0.0015,False
24.94,0,None,-61.55,13.56,67.99,0.0,False
104.24,4,Glass,-82.8,14.39,88.41,0.0,False
51.11,1,Concrete,-61.22,-3.0,84.22,0.1608,True
153.85,0,None,-65.38,1.58,83.8,0.0426,False
99.12,0,None,-99.44,39.47,79.98,0.0,False
13.08,3,Concrete,-80.65,8.27,92.38,0.0001,False
157.09,3,Glass,-93.31,23.33,89.98,0.0,False
34.39,3,Concrete,-80.58,-0.2,100.78,0.0846,False
36.36,3,Concrete,-71.29,-9.98,101.27,0.3192,True
127.54,3,Concrete,-62.69,-29.47,112.17,0.4854,True
51.38,2,Glass,-70.08,11.81,78.27,0.0,False
167.45,1,Concrete,-67.26,-7.27,94.53,0.2718,True
54.58,0,None,-94.54,39.74,74.8,0.0,False
81.86,4,Glass,-94.7,28.39,86.32,0.0,False
195.51,3,Concrete,-85.36,-10.52,115.88,0.3391,True
127.76,4,Glass,-73.84,3.66,90.18,0.0131,False
75.75,2,Concrete,-92.86,15.21,97.64,0.0,False
113.21,1,Glass,-65.05,1.92,83.13,0.0406,False
173.35,4,Glass,-93.0,20.17,92.83,0.0,False
27.32,0,None,-77.28,28.5,68.78,0.0,False
55.28,4,Glass,-99.04,36.14,82.91,0.0,False
46.43,4,Concrete,-80.72,-12.67,113.39,0.3676,True
55.59,2,Concrete,-76.69,1.74,94.95,0.0419,False
104.12,1,Glass,-85.48,23.08,82.4,0.0,False
131.45,4,Concrete,-93.13,-9.3,122.43,0.3098,True
118.23,4,Concrete,-90.0,-11.51,121.51,0.3571,True
180.53,2,Glass,-61.25,-7.93,89.19,0.2768,True
108.38,1,Glass,-91.85,29.1,82.75,0.0,False
157.3,2,Concrete,-64.34,-19.65,103.99,0.4455,True
179.77,2,Glass,-60.58,-8.57,89.15,0.3045,True
25.33,0,None,-94.89,46.76,68.13,0.0,False
33.16,0,None,-95.49,45.03,70.47,0.0,False
64.04,3,Glass,-86.97,24.79,82.18,0.0,False
114.34,3,Concrete,-63.54,-27.68,111.22,0.4775,True
178.74,3,Concrete,-74.51,-20.59,115.1,0.4482,True
28.5,0,None,-74.36,25.21,69.15,0.0,False
80.42,0,None,-61.66,3.5,78.16,0.0147,False
81.88,2,Concrete,-95.06,16.74,98.32,0.0,False
76.68,4,Concrete,-77.75,-20.0,117.75,0.4487,True
177.88,0,None,-86.95,21.89,85.06,0.0,False
43.66,4,Concrete,-80.35,-12.51,112.85,0.3677,True
73.99,0,None,-81.56,24.13,77.44,0.0,False
97.83,4,Glass,-67.46,-0.4,87.86,0.0904,False
39.38,1,Glass,-92.3,38.34,73.96,0.0,False
45.18,1,Glass,-98.38,43.23,75.15,0.0,False
42.71,4,Glass,-64.22,3.55,80.66,0.0184,False
118.91,4,Glass,-92.46,22.9,89.56,0.0,False
176.89,1,Concrete,-83.23,8.23,95.01,0.0003,False
66.0,3,Concrete,-69.32,-17.13,106.45,0.4283,True
45.53,1,Concrete,-79.13,15.91,83.22,0.0,False
122.83,2,Concrete,-87.23,5.39,101.84,0.0036,False
175.18,4,Concrete,-74.75,-30.18,124.92,0.4722,True
92.67,2,Concrete,-79.63,0.24,99.39,0.0742,False
17.01,1,Concrete,-93.95,39.29,74.67,0.0,False
75.06,2,Glass,-81.24,19.68,81.56,0.0,False
25.63,1,Glass,-85.79,35.56,70.23,0.0,False
111.04,2,Glass,-64.89,-0.08,84.96,0.0796,False
197.7,2,Glass,-63.47,-6.51,89.97,0.2479,True
140.68,2,Concrete,-88.18,5.17,103.02,0.0052,False
74.69,1,Concrete,-67.61,0.09,87.52,0.0744,False
97.31,2,Concrete,-94.01,14.2,99.82,0.0,False
49.52,1,Glass,-87.03,31.08,75.95,0.0,False
148.15,1,Glass,-75.22,9.75,85.47,0.0,False
165.15,3,Glass,-89.81,19.4,90.41,0.0,False
97.69,3,Glass,-74.54,8.69,85.85,0.0,False
57.95,1,Concrete,-97.07,31.75,85.32,0.0,False
179.22,0,None,-88.63,23.51,85.12,0.0,False
92.19,1,Concrete,-66.88,-2.47,89.35,0.1473,True
15.86,3,Glass,-61.83,11.77,70.06,0.0,False
120.22,3,Glass,-75.07,7.42,87.65,0.0004,False
185.41,1,Concrete,-89.56,14.14,95.42,0.0,False
17.47,2,Glass,-75.04,26.13,68.9,0.0,False
102.29,0,None,-96.37,36.12,80.25,0.0,False
173.79,2,Concrete,-68.92,-15.93,104.85,0.4052,True
37.32,0,None,-84.77,33.27,71.49,0.0,False
172.88,4,Concrete,-88.56,-16.25,124.81,0.4054,True
14.47,3,Concrete,-72.31,-0.96,93.27,0.1105,True
183.05,4,Concrete,-63.56,-41.74,125.31,0.4911,True
181.84,1,Concrete,-73.96,-1.29,95.25,0.1063,True
82.13,2,Glass,-98.19,35.84,82.34,0.0,False
189.06,1,Concrete,-60.56,-15.03,95.59,0.4137,True
53.31,2,Glass,-87.75,29.16,78.59,0.0,False
56.47,1,Glass,-87.57,30.48,77.09,0.0,False
170.77,1,Concrete,-76.21,1.51,94.7,0.0463,False
183.61,2,Concrete,-67.44,-17.89,105.33,0.4289,True
17.56,4,Glass,-65.29,12.35,72.94,0.0,False
47.06,3,Glass,-69.14,9.64,79.51,0.0,False
175.14,1,Concrete,-60.86,-14.07,94.92,0.3906,True
24.86,4,Glass,-64.69,8.73,75.96,0.0,False
152.35,0,None,-73.67,9.96,83.71,0.0,False
38.73,1,Concrete,-89.73,27.92,81.82,0.0,False
71.7,0,None,-96.91,39.75,77.16,0.0,False
182.42,4,Glass,-69.17,-4.1,93.28,0.1838,True
178.35,1,Glass,-69.51,2.43,87.08,0.0297,False
37.29,2,Concrete,-61.8,-9.68,91.49,0.3191,True
43.31,0,None,-96.61,43.82,72.79,0.0,False
19.39,2,Glass,-67.24,17.44,69.8,0.0,False
133.71,1,Concrete,-96.6,24.02,92.58,0.0,False
162.7,4,Concrete,-89.15,-15.13,124.28,0.4059,True
169.19,0,None,-68.78,4.16,84.62,0.0121,False
33.97,1,Glass,-61.7,9.03,72.68,0.0,False
97.19,2,Concrete,-97.29,17.48,99.81,0.0,False
49.17,1,Glass,-94.11,38.22,75.89,0.0,False
33.25,4,Concrete,-81.84,-8.65,110.49,0.3129,True
123.29,4,Glass,-64.67,-5.2,89.87,0.2247,True
28.39,0,None,-61.37,12.26,69.12,0.0,False
66.74,4,Concrete,-97.76,1.22,116.54,0.0515,False
53.29,4,Glass,-90.18,27.6,82.59,0.0,False
96.07,4,Glass,-89.51,21.8,87.71,0.0,False
148.47,0,None,-84.78,21.29,83.49,0.0,False
42.43,2,Concrete,-75.16,2.55,92.61,0.0267,False
133.02,0,None,-67.89,5.36,82.53,0.0043,False
67.04,3,Glass,-83.56,20.98,82.58,0.0,False
160.32,1,Concrete,-93.71,19.55,94.15,0.0,False
45.95,4,Concrete,-66.24,-27.06,113.3,0.47,True
84.35,1,Concrete,-74.36,5.78,88.58,0.0033,False
139.1,4,Glass,-87.52,16.6,90.92,0.0,False
140.36,4,Glass,-87.49,16.49,91.0,0.0,False
148.85,4,Concrete,-67.61,-35.9,123.51,0.4967,True
70.14,2,Glass,-89.99,29.02,80.97,0.0,False
15.09,2,Concrete,-70.37,6.74,83.63,0.0012,False
97.94,3,Concrete,-66.06,-23.82,109.87,0.4615,True
184.37,1,Concrete,-79.23,3.87,95.37,0.0135,False
103.86,4,Concrete,-67.98,-32.41,120.38,0.4898,True
91.31,4,Concrete,-99.7,0.44,119.26,0.0656,False
46.45,0,None,-65.7,12.31,73.39,0.0,False
73.89,0,None,-90.63,33.2,77.43,0.0,False
13.91,3,Concrete,-68.63,-4.29,92.92,0.1979,True
110.29,4,Glass,-97.58,28.67,88.91,0.0,False
91.04,1,Concrete,-68.61,-0.62,89.24,0.1008,True
56.7,2,Glass,-92.55,33.43,79.13,0.0,False
139.66,0,None,-75.04,12.09,82.96,0.0,False
54.95,3,Concrete,-83.7,-1.15,104.85,0.1122,True
90.28,1,Concrete,-61.47,-7.69,89.17,0.2788,True
87.53,0,None,-61.71,2.81,78.9,0.0254,False
143.92,3,Concrete,-60.83,-32.38,113.22,0.4928,True
129.23,4,Concrete,-81.02,-21.27,122.28,0.461,True
50.15,2,Concrete,-75.75,1.69,94.06,0.0443,False
121.01,2,Glass,-65.94,0.23,85.71,0.074,False
16.64,1,Concrete,-74.55,20.07,74.48,0.0,False
154.3,4,Glass,-88.7,16.88,91.82,0.0,False
101.79,3,Glass,-99.13,32.92,86.21,0.0,False
33.53,0,None,-90.05,39.49,70.56,0.0,False
60.75,2,Glass,-78.73,19.01,79.73,0.0,False
17.75,3,Glass,-81.1,30.06,71.04,0.0,False
12.89,2,Glass,-76.45,30.19,66.26,0.0,False
67.91,1,Concrete,-92.05,25.36,86.69,0.0,False
20.1,1,Glass,-90.77,42.65,68.12,0.0,False
117.24,3,Concrete,-99.8,8.36,111.44,0.0001,False
115.31,3,Concrete,-70.77,-20.52,111.29,0.4404,True
90.57,0,None,-65.34,6.15,79.19,0.0019,False
47.85,0,None,-80.6,26.95,73.65,0.0,False
142.51,2,Concrete,-77.64,-5.5,103.13,0.2198,True
19.86,0,None,-98.06,52.05,66.01,0.0,False
103.94,0,None,-73.49,13.1,80.39,0.0,False
179.94,2,Glass,-89.89,20.73,89.16,0.0,False
124.76,4,Concrete,-87.11,-14.87,121.98,0.4032,True
25.9,3,Concrete,-85.1,6.78,98.32,0.0011,False
138.71,1,Glass,-77.7,12.8,84.9,0.0,False
150.0,0,None,-93.86,30.28,83.58,0.0,False
68.51,0,None,-69.14,12.37,76.77,0.0,False
30.05,4,Concrete,-89.97,0.36,109.61,0.073,False
11.66,4,Glass,-64.13,14.74,69.39,0.0,False
149.14,4,Glass,-82.79,11.26,91.53,0.0,False
125.4,4,Glass,-79.9,9.88,90.02,0.0,False
188.27,2,Glass,-70.51,0.96,89.55,0.0577,False
192.49,2,Glass,-61.78,-7.96,89.74,0.2791,True
139.73,4,Glass,-85.16,14.2,90.96,0.0,False
176.66,3,Concrete,-68.64,-26.36,115.0,0.4734,True
75.83,0,None,-95.34,37.69,77.65,0.0,False
173.49,1,Glass,-89.18,22.34,86.84,0.0,False
114.92,3,Concrete,-70.04,-21.22,111.26,0.4475,True
35.81,4,Concrete,-64.87,-26.26,111.13,0.4805,True
115.53,0,None,-64.07,2.76,81.31,0.028,False
55.4,4,Concrete,-91.33,-3.59,114.92,0.1719,True
47.55,1,Concrete,-72.25,8.65,83.6,0.0001,False
68.51,2,Glass,-66.76,5.99,80.77,0.0025,False
108.97,4,Concrete,-95.73,-5.07,120.8,0.2125,True
145.6,0,None,-67.9,4.58,83.32,0.0065,False
27.7,0,None,-75.6,26.7,68.9,0.0,False
34.15,3,Glass,-93.15,36.42,76.72,0.0,False
153.65,4,Glass,-85.8,14.01,91.78,0.0,False
102.12,3,Concrete,-67.27,-22.97,110.24,0.4654,True
14.67,1,Concrete,-77.65,24.27,73.38,0.0,False
139.21,3,Concrete,-91.85,-1.08,112.93,0.1086,True
42.79,1,Concrete,-69.04,6.36,82.68,0.0011,False
109.37,0,None,-79.52,18.68,80.83,0.0,False
92.2,4,Concrete,-76.42,-22.92,119.35,0.4619,True
154.39,0,None,-61.78,-2.04,83.83,0.1371,True
132.07,0,None,-87.29,24.82,82.47,0.0,False
150.95,0,None,-80.78,17.15,83.63,0.0,False
57.41,3,Concrete,-64.29,-20.94,105.23,0.4537,True
198.2,4,Glass,-60.88,-13.12,94.0,0.3758,True
119.37,2,Glass,-77.68,12.09,85.59,0.0,False
128.38,3,Glass,-92.11,23.89,88.22,0.0,False
92.45,0,None,-64.01,4.64,79.37,0.0068,False
162.67,3,Glass,-74.06,3.78,90.28,0.0136,False
93.12,0,None,-87.72,28.29,79.43,0.0,False
103.31,2,Glass,-96.96,32.63,84.34,0.0,False
119.9,2,Concrete,-79.0,-2.63,101.63,0.1528,True
172.61,4,Concrete,-66.89,-37.91,124.8,0.4953,True
140.64,3,Glass,-85.27,16.25,89.02,0.0,False
107.88,2,Concrete,-87.11,6.4,100.71,0.0014,False
196.96,3,Concrete,-85.65,-10.29,115.94,0.3347,True
68.46,3,Concrete,-73.6,-13.16,106.76,0.374,True
172.53,2,Concrete,-90.97,6.18,104.79,0.0017,False
166.1,0,None,-60.63,-3.83,84.46,0.1869,True
156.09,0,None,-96.39,32.47,83.92,0.0,False
131.83,4,Glass,-86.13,15.68,90.45,0.0,False
91.02,4,Concrete,-96.35,-2.88,119.24,0.1545,True
196.61,4,Concrete,-83.52,-22.4,125.93,0.4607,True
56.17,2,Glass,-88.01,28.97,79.04,0.0,False
138.29,1,Concrete,-86.86,13.99,92.87,0.0,False
96.17,4,Glass,-70.22,2.51,87.72,0.0301,False
60.95,1,Concrete,-63.32,-2.43,85.75,0.1438,True
53.38,0,None,-78.77,24.17,74.6,0.0,False
199.24,2,Glass,-82.57,12.53,90.04,0.0,False
28.88,0,None,-95.22,45.95,69.26,0.0,False
52.89,2,Concrete,-86.46,11.94,94.52,0.0,False
176.94,3,Glass,-93.51,22.5,91.01,0.0,False
99.78,1,Glass,-97.59,35.56,82.04,0.0,False
146.58,2,Glass,-93.92,26.55,87.38,0.0,False
48.14,3,Glass,-92.53,32.83,79.7,0.0,False
31.25,0,None,-77.05,27.1,69.95,0.0,False
68.93,3,Concrete,-70.33,-16.5,106.82,0.4139,True
61.92,3,Glass,-63.75,1.86,81.89,0.0384,False
59.98,3,Glass,-81.8,20.18,81.61,0.0,False
134.4,4,Concrete,-62.93,-39.69,122.62,0.4954,True
158.63,0,None,-69.21,5.15,84.06,0.0053,False
89.54,4,Glass,-96.96,29.86,87.09,0.0,False
161.69,2,Glass,-66.6,-1.63,88.23,0.1268,True
157.85,0,None,-65.28,1.26,84.02,0.0489,False
118.21,3,Glass,-94.27,26.77,87.51,0.0,False
163.36,3,Glass,-89.57,19.25,90.32,0.0,False
52.44,2,Glass,-78.17,19.72,78.45,0.0,False
109.22,4,Concrete,-73.12,-27.7,120.82,0.4743,True
195.08,1,Glass,-80.09,12.23,87.86,0.0,False
178.65,0,None,-62.7,-2.39,85.09,0.1386,True
23.61,0,None,-65.74,18.22,67.52,0.0,False
53.75,3,Concrete,-66.41,-18.25,104.66,0.4242,True
96.11,2,Glass,-99.01,35.3,83.71,0.0,False
95.36,0,None,-85.25,25.6,79.64,0.0,False
49.84,0,None,-77.43,23.43,74.01,0.0,False
146.19,0,None,-95.19,31.84,83.35,0.0,False
77.38,0,None,-78.9,21.08,77.83,0.0,False
60.26,3,Glass,-82.84,21.19,81.66,0.0,False
37.07,2,Concrete,-70.47,-0.97,91.43,0.1034,True
184.95,0,None,-89.39,23.99,85.4,0.0,False
52.78,2,Concrete,-97.06,22.55,94.5,0.0,False
15.14,1,Glass,-79.93,34.27,65.66,0.0,False
33.03,3,Concrete,-71.93,-8.51,100.43,0.3047,True
75.28,2,Concrete,-62.38,-15.21,97.59,0.4088,True
89.26,3,Concrete,-92.06,2.99,109.07,0.0243,False
93.71,0,None,-91.59,32.1,79.49,0.0,False
49.95,1,Glass,-61.8,5.78,76.03,0.0039,False
167.62,3,Concrete,-82.17,-12.37,114.54,0.3706,True
103.53,0,None,-66.63,6.28,80.36,0.0018,False
136.56,2,Concrete,-61.49,-21.27,102.76,0.4509,True
181.04,4,Concrete,-85.47,-19.74,125.21,0.4395,True
195.28,4,Glass,-84.37,10.5,93.87,0.0,False
110.45,3,Concrete,-64.42,-26.5,110.92,0.4729,True
52.43,0,None,-76.25,21.81,74.45,0.0,False
83.91,1,Glass,-85.61,25.08,80.53,0.0,False
22.8,0,None,-93.85,46.63,67.21,0.0,False
13.97,2,Glass,-97.07,50.11,66.96,0.0,False
193.88,4,Concrete,-89.06,-16.74,125.8,0.4135,True
68.41,3,Glass,-93.88,31.12,82.76,0.0,False
68.01,3,Concrete,-96.88,10.17,106.71,0.0,False
98.87,2,Glass,-66.91,2.95,83.96,0.0261,False
177.29,4,Glass,-71.6,-1.43,93.03,0.1118,True
78.74,0,None,-95.07,37.09,77.98,0.0,False
53.1,4,Concrete,-79.74,-14.82,114.56,0.3946,True
72.39,3,Glass,-85.45,22.2,83.25,0.0,False
197.22,2,Concrete,-70.02,-15.94,105.95,0.4081,True
82.63,4,Concrete,-83.59,-14.81,118.4,0.404,True
36.81,4,Glass,-96.27,36.9,79.37,0.0,False
143.58,2,Concrete,-85.09,1.89,103.2,0.0368,False
128.34,3,Glass,-89.33,21.11,88.22,0.0,False
104.53,1,Concrete,-76.13,5.69,90.44,0.0025,False
34.36,0,None,-95.78,45.0,70.77,0.0,False
19.13,2,Concrete,-72.74,7.06,85.69,0.0009,False
28.31,2,Glass,-97.49,44.39,73.09,0.0,False
59.07,1,Glass,-81.42,23.94,77.48,0.0,False
70.13,4,Glass,-94.4,29.43,84.97,0.0,False
138.44,1,Concrete,-84.95,12.07,92.88,0.0,False
127.22,0,None,-82.72,20.57,82.15,0.0,False
107.56,0,None,-84.93,24.24,80.69,0.0,False
27.55,0,None,-93.36,44.5,68.86,0.0,False
107.12,2,Concrete,-73.51,-7.14,100.65,0.2614,True
30.42,0,None,-79.14,29.42,69.72,0.0,False
13.51,2,Glass,-82.79,36.12,66.67,0.0,False
149.03,2,Glass,-76.05,8.53,87.52,0.0,False
25.7,1,Glass,-95.23,44.98,70.25,0.0,False
167.51,1,Concrete,-80.97,6.43,94.53,0.0018,False
123.93,0,None,-67.47,5.56,81.92,0.0039,False
136.52,1,Concrete,-60.42,-12.34,92.76,0.3624,True
134.64,0,None,-99.97,37.33,82.64,0.0,False
10.98,0,None,-91.51,50.65,60.87,0.0,False
69.8,1,Glass,-96.65,37.72,78.93,0.0,False
148.04,2,Glass,-76.5,9.04,87.46,0.0,False
25.18,2,Glass,-88.29,36.21,72.07,0.0,False
68.75,3,Glass,-76.24,13.44,82.8,0.0,False
111.45,4,Concrete,-72.36,-28.63,121.0,0.4808,True
29.92,0,None,-67.75,18.18,69.57,0.0,False
43.81,3,Concrete,-84.05,1.16,102.89,0.0538,False
93.74,4,Glass,-99.8,32.31,87.49,0.0,False
128.31,0,None,-84.57,22.35,82.22,0.0,False
125.77,0,None,-72.06,10.01,82.05,0.0001,False
142.29,3,Glass,-71.27,2.16,89.12,0.036,False
55.95,1,Glass,-72.1,15.09,77.01,0.0,False
95.41,0,None,-66.56,6.92,79.65,0.0008,False
29.82,0,None,-93.04,43.5,69.54,0.0,False
57.63,2,Glass,-73.42,14.15,79.27,0.0,False
70.66,2,Glass,-69.74,8.7,81.04,0.0,False
153.75,4,Concrete,-67.57,-36.22,123.79,0.4921,True
52.66,3,Glass,-98.44,37.96,80.48,0.0,False
51.99,3,Concrete,-82.64,-1.73,104.37,0.1236,True
82.77,0,None,-62.25,3.84,78.41,0.0146,False
113.87,4,Concrete,-96.23,-4.95,121.18,0.2158,True
96.42,1,Glass,-95.5,33.77,81.74,0.0,False
73.87,2,Glass,-83.05,21.62,81.42,0.0,False
45.37,0,None,-60.67,7.48,73.19,0.0003,False
27.03,1,Concrete,-65.14,6.45,78.69,0.0021,False
91.24,0,None,-97.61,38.35,79.26,0.0,False
128.07,1,Glass,-94.95,30.74,84.2,0.0,False
112.5,3,Glass,-66.5,-0.58,87.08,0.0885,False
59.96,4,Concrete,-98.29,2.68,115.61,0.0271,False
183.52,1,Glass,-74.21,6.88,87.33,0.0006,False
154.24,4,Concrete,-83.82,-20.0,123.82,0.4402,True
143.52,4,Concrete,-73.23,-29.97,123.19,0.4828,True
54.79,2,Glass,-91.24,32.41,78.83,0.0,False
96.02,3,Glass,-81.23,15.53,85.7,0.0,False
132.13,4,Concrete,-85.64,-16.84,122.47,0.42,True
83.81,4,Glass,-71.96,5.44,86.52,0.0037,False
12.38,0,None,-70.02,28.1,61.91,0.0,False
67.73,4,Glass,-62.81,-1.86,84.67,0.1287,True
79.74,0,None,-97.35,39.26,78.09,0.0,False
134.04,0,None,-94.96,32.36,82.6,0.0,False
74.06,0,None,-79.34,21.9,77.45,0.0,False
85.04,2,Concrete,-63.16,-15.49,98.65,0.4061,True
104.8,3,Glass,-94.64,28.18,86.46,0.0,False
46.42,2,Concrete,-74.79,1.4,93.39,0.0491,False
137.82,3,Glass,-89.92,21.08,88.84,0.0,False
141.47,3,Concrete,-87.09,-5.97,113.07,0.2405,True
133.66,4,Concrete,-78.85,-23.73,122.57,0.4574,True
74.84,4,Concrete,-74.34,-23.2,117.54,0.4639,True
88.67,1,Concrete,-81.76,12.75,89.01,0.0,False
111.81,0,None,-90.45,29.42,81.02,0.0,False
141.75,0,None,-95.6,32.51,83.08,0.0,False
199.93,3,Concrete,-90.5,-5.58,116.07,0.2258,True
172.56,0,None,-89.3,24.5,84.79,0.0,False
153.21,3,Glass,-65.55,-4.21,89.76,0.1897,True
131.95,1,Glass,-62.57,-1.9,84.46,0.1293,True
115.96,3,Glass,-69.35,2.01,87.34,0.0379,False
199.9,0,None,-92.96,26.89,86.07,0.0,False
100.76,1,Glass,-68.46,6.34,82.12,0.0018,False
21.9,2,Concrete,-82.35,15.48,86.86,0.0,False
66.18,3,Glass,-82.63,20.17,82.47,0.0,False
197.93,0,None,-77.23,11.24,85.98,0.0,False
177.26,0,None,-94.29,29.27,85.03,0.0,False
152.69,4,Glass,-64.96,-6.77,91.73,0.2536,True
20.12,2,Glass,-72.35,22.22,70.13,0.0,False
117.96,0,None,-64.46,2.97,81.49,0.0245,False
97.31,1,Glass,-90.42,28.6,81.82,0.0,False
104.04,4,Concrete,-83.48,-16.92,120.4,0.4245,True
154.2,4,Concrete,-83.29,-20.53,123.82,0.4459,True
101.08,3,Concrete,-85.92,-4.22,110.15,0.187,True
109.66,4,Concrete,-89.94,-10.92,120.86,0.3443,True
150.38,1,Concrete,-74.75,1.15,93.6,0.0534,False
124.08,0,None,-66.35,4.42,81.93,0.0088,False
39.37,0,None,-77.19,25.23,71.96,0.0,False
117.66,0,None,-83.49,22.03,81.47,0.0,False
85.45,2,Concrete,-76.71,-1.98,98.69,0.1305,True
133.75,2,Concrete,-90.41,7.83,102.58,0.0003,False
16.16,3,Concrete,-62.33,-11.89,94.23,0.3578,True
49.56,4,Glass,-99.31,37.35,81.96,0.0,False
131.48,1,Glass,-61.15,-3.28,84.43,0.1643,True
63.35,2,Glass,-67.8,7.71,80.09,0.0005,False
198.8,4,Concrete,-86.2,-19.82,126.02,0.4424,True
146.86,4,Glass,-68.72,-2.67,91.39,0.1494,True
157.4,0,None,-94.88,30.89,83.99,0.0,False
101.07,3,Concrete,-98.73,8.58,110.15,0.0,False
155.17,2,Concrete,-71.9,-11.97,103.87,0.3658,True
158.26,0,None,-64.53,0.49,84.04,0.0682,False
62.9,4,Concrete,-66.33,-29.7,116.03,0.4803,True
30.3,1,Glass,-88.7,37.02,71.68,0.0,False
190.48,3,Concrete,-62.77,-32.88,115.65,0.4829,True
37.68,2,Glass,-69.33,13.76,75.58,0.0,False
146.91,1,Glass,-66.33,0.94,85.4,0.0549,False
174.91,3,Glass,-63.57,-7.34,90.91,0.2728,True
77.97,0,None,-83.25,25.36,77.89,0.0,False
121.74,1,Concrete,-61.23,-10.53,91.76,0.3361,True
85.35,2,Glass,-76.7,14.02,82.68,0.0,False
118.49,2,Glass,-67.96,2.43,85.53,0.0285,False
196.14,0,None,-72.01,6.1,85.91,0.0018,False
10.73,3,Glass,-85.37,38.71,66.66,0.0,False
174.95,4,Glass,-65.08,-7.83,92.91,0.2813,True
82.11,4,Glass,-73.11,6.77,86.34,0.0011,False
58.74,0,None,-89.05,33.62,75.43,0.0,False
191.68,0,None,-85.29,19.58,85.71,0.0,False
173.74,0,None,-67.87,3.02,84.85,0.0203,False
198.82,3,Concrete,-86.53,-9.5,116.02,0.315,True
152.87,2,Glass,-79.58,11.84,87.74,0.0,False
127.2,3,Glass,-64.86,-3.28,88.14,0.1673,True
141.64,2,Concrete,-85.5,2.43,103.08,0.0295,False
12.7,3,Glass,-62.99,14.86,68.13,0.0,False
69.89,4,Concrete,-79.17,-17.77,116.94,0.4328,True
151.9,2,Concrete,-92.77,9.09,103.69,0.0001,False
143.49,0,None,-72.55,9.36,83.19,0.0,False
124.88,2,Concrete,-94.06,12.07,101.98,0.0,False
164.95,1,Glass,-94.78,28.38,86.4,0.0,False
84.69,0,None,-68.16,9.55,78.61,0.0,False
101.01,4,Concrete,-60.13,-40.01,120.14,0.4835,True
39.26,3,Glass,-82.13,24.2,77.93,0.0,False
117.34,1,Concrete,-97.33,25.89,91.44,0.0,False
61.47,0,None,-64.56,8.74,75.83,0.0,False
170.23,1,Concrete,-93.46,18.78,94.67,0.0,False
49.5,2,Glass,-64.84,6.9,77.95,0.0009,False
124.32,3,Glass,-78.69,10.74,87.94,0.0,False
185.25,0,None,-94.97,29.56,85.41,0.0,False
55.98,0,None,-86.07,31.06,75.02,0.0,False
72.12,2,Glass,-70.09,8.88,81.21,0.0,False
69.81,2,Glass,-93.62,32.69,80.93,0.0,False
113.54,4,Concrete,-75.94,-25.22,121.16,0.4732,True
131.85,1,Concrete,-69.54,-2.92,92.46,0.1543,True
34.5,2,Concrete,-73.82,3.01,90.81,0.0227,False
157.32,0,None,-79.14,15.15,83.99,0.0,False
76.14,4,Glass,-95.47,29.79,85.69,0.0,False
189.99,2,Concrete,-71.21,-14.42,105.63,0.3827,True
77.44,0,None,-68.29,10.45,77.83,0.0,False
198.46,3,Glass,-81.99,9.98,92.01,0.0,False
42.35,4,Glass,-89.66,29.07,80.59,0.0,False
39.79,1,Concrete,-89.51,27.47,82.05,0.0,False
28.54,0,None,-62.42,13.25,69.16,0.0,False
54.4,2,Glass,-91.1,32.33,78.77,0.0,False
15.24,0,None,-99.79,56.08,63.71,0.0,False
62.54,4,Glass,-98.17,34.19,83.98,0.0,False
131.36,0,None,-76.84,14.41,82.42,0.0,False
78.88,1,Concrete,-69.45,1.46,87.99,0.0441,False
143.21,1,Concrete,-73.13,-0.04,93.17,0.0779,False
185.74,1,Concrete,-71.3,-4.13,95.43,0.1871,True
160.78,0,None,-98.12,33.95,84.18,0.0,False
61.5,4,Glass,-84.06,20.23,83.83,0.0,False
172.07,4,Glass,-79.04,6.28,92.77,0.0011,False
121.43,0,None,-80.92,19.18,81.74,0.0,False
39.36,3,Glass,-75.4,17.45,77.96,0.0,False
97.36,4,Glass,-86.53,18.71,87.82,0.0,False
179.44,0,None,-88.82,23.69,85.13,0.0,False
74.88,0,None,-66.2,8.66,77.54,0.0,False
29.95,1,Concrete,-73.56,13.98,79.58,0.0,False
34.82,1,Glass,-69.79,16.9,72.89,0.0,False
21.45,1,Glass,-75.3,26.62,68.68,0.0,False
106.56,3,Glass,-65.36,-1.25,86.61,0.1109,True
49.75,4,Glass,-94.89,32.91,81.99,0.0,False
142.71,4,Glass,-61.19,-9.96,91.14,0.3247,True
101.29,2,Glass,-93.01,28.84,84.17,0.0,False
61.49,4,Concrete,-94.13,-1.7,115.83,0.1226,True
187.93,2,Glass,-72.87,3.34,89.53,0.0182,False
101.98,0,None,-71.23,11.01,80.22,0.0,False
24.72,0,None,-70.99,23.07,67.91,0.0,False
157.77,3,Concrete,-90.88,-3.13,114.01,0.1654,True
36.55,0,None,-89.08,37.77,71.31,0.0,False
180.84,4,Concrete,-84.67,-20.53,125.2,0.4522,True
118.92,2,Concrete,-86.23,4.67,101.56,0.0069,False
146.47,3,Concrete,-71.36,-22.01,113.37,0.456,True
101.41,1,Glass,-98.34,36.16,82.18,0.0,False
82.95,2,Glass,-80.83,18.4,82.43,0.0,False
128.25,0,None,-69.23,7.01,82.22,0.0012,False
137.95,4,Concrete,-73.55,-29.3,122.85,0.4746,True
174.99,0,None,-95.8,30.88,84.91,0.0,False
94.18,4,Concrete,-75.19,-24.35,119.53,0.4665,True
50.04,0,None,-74.18,20.14,74.04,0.0,False
170.9,4,Glass,-65.28,-7.43,92.71,0.2693,True
160.32,4,Glass,-96.04,23.88,92.15,0.0,False
114.93,1,Glass,-94.71,31.45,83.26,0.0,False
46.5,3,Glass,-99.67,40.26,79.4,0.0,False
133.49,3,Glass,-92.04,23.47,88.56,0.0,False
139.79,1,Concrete,-67.3,-5.66,92.96,0.2284,True
97.38,1,Glass,-88.5,26.68,81.82,0.0,False
57.21,1,Glass,-81.34,24.13,77.2,0.0,False
121.81,2,Glass,-90.29,24.52,85.77,0.0,False
49.27,3,Concrete,-92.86,8.96,103.91,0.0001,False
197.19,3,Concrete,-72.2,-23.75,115.95,0.4534,True
149.4,1,Concrete,-86.25,12.71,93.54,0.0,False
100.16,2,Concrete,-80.06,-0.01,100.07,0.0803,False
76.07,2,Glass,-65.33,3.65,81.68,0.0161,False
135.51,3,Glass,-87.24,18.55,88.69,0.0,False
103.7,3,Glass,-94.89,28.52,86.37,0.0,False
95.18,3,Concrete,-91.76,2.13,109.62,0.0352,False
18.32,1,Concrete,-99.64,44.33,75.31,0.0,False
54.97,4,Glass,-85.95,23.09,82.86,0.0,False
166.45,3,Glass,-91.34,20.86,90.48,0.0,False
24.35,3,Concrete,-61.82,-15.96,97.78,0.4122,True
197.71,4,Glass,-86.42,12.44,93.98,0.0,False
101.17,0,None,-73.0,12.84,80.15,0.0,False
55.83,4,Glass,-95.52,32.53,82.99,0.0,False
126.71,3,Glass,-87.96,19.85,88.11,0.0,False
190.98,2,Concrete,-92.73,7.06,105.67,0.0007,False
124.02,4,Glass,-79.02,9.1,89.92,0.0,False
179.23,2,Glass,-66.68,-2.44,89.12,0.1401,True
85.74,4,Concrete,-80.52,-18.2,118.72,0.4282,True
146.01,3,Concrete,-91.54,-1.8,113.34,0.1266,True
177.29,4,Glass,-92.35,19.32,93.03,0.0,False
170.6,0,None,-60.97,-3.72,84.69,0.1778,True
97.15,3,Concrete,-66.05,-23.76,109.8,0.4632,True
67.34,1,Glass,-90.55,31.93,78.62,0.0,False
68.97,1,Concrete,-63.74,-3.09,86.83,0.1606,True
198.81,2,Glass,-89.44,19.42,90.02,0.0,False
53.29,1,Concrete,-76.93,12.34,84.59,0.0,False
63.29,0,None,-78.8,22.72,76.08,0.0,False
111.95,2,Concrete,-70.56,-10.47,101.03,0.3293,True
11.52,4,Concrete,-61.37,-19.92,101.29,0.4408,True
108.05,4,Concrete,-61.75,-38.98,120.73,0.5021,True
117.64,3,Concrete,-70.56,-20.91,111.47,0.4522,True
77.72,4,Concrete,-95.35,-2.52,117.86,0.1444,True
186.51,3,Concrete,-97.39,1.92,115.47,0.0387,False
31.8,4,Glass,-81.99,23.89,78.1,0.0,False
164.76,1,Concrete,-75.71,1.32,94.39,0.0494,False
150.51,1,Concrete,-97.45,23.84,93.61,0.0,False
133.68,2,Concrete,-66.52,-16.06,102.58,0.409,True
104.81,1,Concrete,-84.14,13.68,90.46,0.0,False
174.37,3,Concrete,-79.35,-15.53,114.88,0.4045,True
126.18,3,Glass,-78.61,10.54,88.07,0.0,False
80.3,1,Glass,-92.04,31.9,80.15,0.0,False
93.74,4,Glass,-82.69,15.2,87.49,0.0,False
121.44,1,Concrete,-84.8,13.05,91.74,0.0,False
75.79,4,Glass,-82.91,17.26,85.65,0.0,False
97.0,4,Glass,-86.89,19.1,87.79,0.0,False
175.98,1,Glass,-95.46,28.5,86.96,0.0,False
108.36,4,Glass,-71.12,2.36,88.75,0.031,False
14.34,2,Concrete,-80.45,17.26,83.19,0.0,False
189.6,3,Glass,-89.92,18.31,91.61,0.0,False
150.55,2,Glass,-88.42,20.81,87.61,0.0,False
83.38,0,None,-68.84,10.36,78.48,0.0,False
53.02,3,Glass,-89.57,29.03,80.54,0.0,False
121.27,3,Glass,-86.76,19.03,87.73,0.0,False
199.15,3,Glass,-81.8,9.76,92.04,0.0,False
12.55,2,Glass,-74.33,28.31,66.02,0.0,False
135.38,0,None,-94.15,31.46,82.69,0.0,False
125.77,1,Concrete,-88.81,16.77,92.05,0.0,False
97.39,0,None,-91.44,31.62,79.82,0.0,False
119.48,2,Glass,-61.24,-4.36,85.6,0.1942,True
64.65,0,None,-74.84,18.58,76.26,0.0,False
113.68,4,Concrete,-76.01,-25.15,121.17,0.4621,True
82.55,1,Glass,-74.41,14.02,80.39,0.0,False
114.04,1,Glass,-91.35,28.16,83.2,0.0,False
56.32,1,Concrete,-80.85,15.78,85.07,0.0,False
125.33,2,Concrete,-98.54,16.53,102.02,0.0,False
54.23,4,Glass,-80.95,18.21,82.74,0.0,False
108.9,4,Concrete,-73.85,-26.94,120.79,0.4765,True
121.38,3,Glass,-87.9,20.17,87.74,0.0,False
68.67,3,Concrete,-98.43,11.64,106.79,0.0,False
57.52,1,Concrete,-79.32,14.07,85.25,0.0,False
112.35,1,Glass,-64.63,1.56,83.07,0.046,False
166.73,2,Glass,-88.32,19.82,88.49,0.0,False
71.18,1,Concrete,-62.44,-4.66,87.1,0.2076,True
79.93,4,Concrete,-97.36,-0.75,118.11,0.0967,False
194.12,4,Glass,-61.05,-12.77,93.82,0.3703,True
90.37,1,Glass,-67.49,6.31,81.17,0.0018,False
89.73,3,Concrete,-88.36,-0.76,109.11,0.0967,False
97.52,3,Glass,-88.61,22.77,85.84,0.0,False
97.67,2,Glass,-60.06,-3.79,83.85,0.1837,True
170.3,0,None,-82.38,17.7,84.68,0.0,False
73.5,3,Glass,-69.06,5.68,83.38,0.0027,False
182.21,3,Glass,-90.41,19.15,91.27,0.0,False
193.79,2,Concrete,-64.57,-21.23,105.8,0.45,True
51.36,4,Glass,-72.27,10.0,82.27,0.0,False
135.43,0,None,-94.57,31.88,82.69,0.0,False
125.8,1,Glass,-74.63,10.58,84.05,0.0,False
101.83,0,None,-88.86,28.64,80.21,0.0,False
121.84,4,Concrete,-64.59,-37.18,121.77,0.4954,True
78.43,2,Glass,-79.74,17.8,81.94,0.0,False
12.56,0,None,-95.82,53.79,62.03,0.0,False
13.93,1,Concrete,-83.88,30.95,72.93,0.0,False
80.36,3,Glass,-96.14,31.99,84.16,0.0,False
194.27,0,None,-76.22,10.4,85.82,0.0,False
128.61,2,Glass,-67.82,1.58,86.24,0.0428,False
131.5,4,Glass,-94.92,24.49,90.43,0.0,False
54.67,3,Glass,-93.69,32.88,80.81,0.0,False
88.7,2,Concrete,-69.33,-9.68,99.01,0.3187,True
23.75,0,None,-63.53,15.97,67.57,0.0,False
168.31,4,Glass,-83.19,10.61,92.58,0.0,False
50.25,2,Glass,-96.74,38.67,78.08,0.0,False
133.13,0,None,-63.22,0.68,82.54,0.0608,False
33.22,3,Glass,-69.9,13.42,76.48,0.0,False
85.79,1,Concrete,-95.97,27.25,88.72,0.0,False
105.47,4,Glass,-93.7,25.18,88.52,0.0,False
90.58,1,Glass,-61.45,0.26,81.2,0.0732,False
116.7,3,Concrete,-92.13,0.73,111.4,0.0651,False
34.94,1,Concrete,-93.18,32.26,80.92,0.0,False
192.58,4,Concrete,-69.66,-36.09,125.75,0.4974,True
100.62,4,Concrete,-81.72,-18.39,120.11,0.4245,True
151.64,2,Glass,-90.5,22.82,87.67,0.0,False
152.73,0,None,-68.03,4.3,83.73,0.0103,False
198.46,4,Glass,-68.93,-5.08,94.01,0.2122,True
159.29,2,Concrete,-71.49,-12.6,104.1,0.3646,True
106.62,2,Concrete,-88.07,7.46,100.61,0.0001,False
169.25,3,Glass,-60.72,-9.91,90.62,0.3223,True
26.2,2,Concrete,-98.57,30.15,88.42,0.0,False
24.08,0,None,-82.66,34.98,67.69,0.0,False
67.89,1,Glass,-75.06,16.37,78.69,0.0,False
164.62,2,Glass,-62.1,-6.29,88.38,0.2479,True
63.71,2,Concrete,-62.34,-13.8,96.14,0.39,True
114.99,1,Glass,-99.44,36.17,83.27,0.0,False
105.94,1,Concrete,-98.02,27.47,90.56,0.0,False
194.45,0,None,-88.66,22.83,85.83,0.0,False
20.72,4,Concrete,-98.35,11.97,106.38,0.0,False
31.07,0,None,-89.29,39.39,69.9,0.0,False
115.41,4,Glass,-92.62,23.33,89.3,0.0,False
122.75,4,Concrete,-67.37,-34.47,121.83,0.4845,True
91.08,0,None,-70.8,11.55,79.24,0.0,False
18.67,1,Concrete,-86.0,30.52,75.47,0.0,False
62.55,3,Glass,-73.37,11.39,81.98,0.0,False
143.37,4,Concrete,-97.7,-5.48,123.18,0.2217,True
190.92,1,Concrete,-78.57,2.9,95.67,0.0245,False
169.66,2,Glass,-60.59,-8.05,88.65,0.2847,True
39.57,2,Concrete,-72.72,0.72,92.0,0.065,False
52.63,4,Concrete,-97.01,2.53,114.48,0.0293,False
26.69,1,Concrete,-84.37,25.79,78.58,0.0,False
52.58,4,Glass,-78.64,16.16,82.47,0.0,False
159.96,0,None,-67.52,3.39,84.13,0.0171,False
93.96,4,Concrete,-87.98,-11.53,119.51,0.3501,True
166.2,2,Glass,-74.28,5.81,88.47,0.004,False
41.72,2,Glass,-68.21,11.75,76.46,0.0,False
71.62,3,Glass,-79.2,16.05,83.16,0.0,False
14.81,1,Glass,-85.64,40.18,65.46,0.0,False
65.84,1,Concrete,-98.79,32.36,86.42,0.0,False
107.89,4,Concrete,-87.38,-13.34,120.71,0.38,True
55.48,4,Concrete,-83.63,-11.31,114.94,0.3488,True
61.02,3,Glass,-69.03,7.27,81.76,0.0006,False
149.23,2,Glass,-86.85,19.31,87.53,0.0,False
161.89,3,Concrete,-73.08,-21.16,114.24,0.4528,True
183.26,2,Concrete,-62.73,-22.58,105.32,0.4506,True
130.4,2,Glass,-98.94,32.58,86.36,0.0,False
198.93,1,Glass,-81.68,13.66,88.03,0.0,False
156.7,0,None,-66.41,2.45,83.96,0.0298,False
161.65,1,Glass,-66.39,0.17,86.23,0.0681,False
74.06,1,Concrete,-90.26,22.81,87.45,0.0,False
31.56,3,Glass,-62.12,6.09,76.04,0.0023,False
163.62,3,Concrete,-90.56,-3.77,114.33,0.1854,True
102.84,4,Glass,-73.59,5.29,88.3,0.0051,False
111.66,1,Concrete,-71.27,0.25,91.01,0.073,False
77.03,1,Glass,-92.73,32.95,79.79,0.0,False
187.21,0,None,-65.62,0.12,85.5,0.0761,False
25.44,2,Concrete,-78.13,9.97,88.17,0.0,False
127.08,0,None,-75.98,13.85,82.14,0.0,False
124.45,1,Glass,-74.32,10.37,83.95,0.0,False
14.29,1,Concrete,-97.29,44.14,73.15,0.0,False
125.01,0,None,-83.46,21.47,81.99,0.0,False
145.49,3,Glass,-65.33,-3.98,89.31,0.1872,True
199.76,4,Concrete,-88.47,-17.6,126.06,0.4265,True
74.87,2,Glass,-81.57,20.03,81.54,0.0,False
91.02,2,Concrete,-91.3,12.07,99.24,0.0,False
77.32,1,Concrete,-96.35,28.53,87.82,0.0,False
39.64,3,Glass,-77.48,19.46,78.02,0.0,False
133.27,1,Glass,-96.21,31.66,84.55,0.0,False
104.41,0,None,-78.19,17.76,80.43,0.0,False
20.73,0,None,-65.66,19.27,66.38,0.0,False
178.68,1,Glass,-68.61,1.51,87.1,0.0449,False
20.99,1,Concrete,-80.9,24.4,76.49,0.0,False
43.51,1,Glass,-66.64,11.81,74.83,0.0,False
85.34,0,None,-97.42,38.75,78.68,0.0,False
100.73,0,None,-88.8,28.69,80.12,0.0,False
165.04,1,Glass,-68.55,2.15,86.41,0.033,False
67.57,1,Glass,-97.13,38.49,78.65,0.0,False
41.78,1,Glass,-80.54,26.07,74.47,0.0,False
32.22,4,Concrete,-68.56,-21.66,110.22,0.4501,True
49.24,3,Concrete,-93.95,10.05,103.9,0.0,False
90.99,0,None,-78.21,18.98,79.23,0.0,False
124.9,0,None,-66.77,4.78,81.99,0.0077,False
123.0,0,None,-64.29,2.44,81.85,0.0292,False
176.83,0,None,-72.66,7.65,85.01,0.0001,False
196.92,2,Concrete,-77.6,-8.34,105.94,0.2907,True
108.66,2,Concrete,-83.36,2.59,100.78,0.0289,False
107.26,0,None,-73.79,13.12,80.66,0.0,False
84.7,4,Concrete,-89.99,-8.63,118.61,0.296,True
141.68,2,Concrete,-65.19,-17.89,103.08,0.43,True
118.38,0,None,-86.39,24.87,81.52,0.0,False
108.69,3,Glass,-85.18,18.4,86.78,0.0,False
24.83,3,Glass,-79.8,25.84,73.96,0.0,False
188.8,0,None,-76.11,10.53,85.57,0.0,False
197.24,3,Concrete,-87.19,-8.76,115.95,0.3033,True
106.75,3,Concrete,-62.87,-27.76,110.62,0.4763,True
111.06,0,None,-74.86,13.9,80.97,0.0,False
67.38,0,None,-99.18,42.56,76.62,0.0,False
174.03,3,Concrete,-80.45,-14.42,114.87,0.39,True
26.36,2,Glass,-92.52,40.04,72.47,0.0,False
96.43,3,Concrete,-93.05,3.31,109.74,0.0189,False
39.95,3,Concrete,-60.8,-21.29,102.08,0.453,True
154.59,4,Glass,-97.76,25.92,91.84,0.0,False
100.18,1,Concrete,-76.96,6.89,90.07,0.001,False
30.98,0,None,-82.03,32.16,69.87,0.0,False
53.33,2,Glass,-71.1,12.5,78.59,0.0,False
110.69,0,None,-89.01,28.07,80.94,0.0,False
153.85,1,Glass,-90.07,24.28,85.8,0.0,False
82.24,2,Glass,-71.69,9.33,82.36,0.0,False
176.71,3,Concrete,-81.2,-13.8,115.0,0.3876,True
57.86,0,None,-68.2,12.9,75.3,0.0,False
112.01,0,None,-77.21,16.17,81.04,0.0,False
143.68,2,Glass,-96.53,29.33,87.2,0.0,False
130.88,3,Glass,-66.26,-2.13,88.39,0.1336,True
72.29,1,Glass,-82.98,23.74,79.24,0.0,False
104.87,2,Concrete,-60.32,-20.15,100.47,0.4473,True
122.34,1,Glass,-76.25,12.45,83.81,0.0,False
52.62,2,Glass,-90.59,32.11,78.48,0.0,False
48.67,3,Glass,-74.5,14.7,79.8,0.0,False
116.39,4,Concrete,-83.45,-17.93,121.37,0.4255,True
65.35,0,None,-90.85,34.49,76.36,0.0,False
113.67,1,Concrete,-93.01,21.84,91.17,0.0,False
194.36,0,None,-65.33,-0.5,85.83,0.0905,False
47.87,0,None,-92.64,38.98,73.66,0.0,False
163.66,0,None,-87.44,23.11,84.33,0.0,False
85.28,3,Glass,-70.53,5.86,84.67,0.0033,False
88.8,0,None,-71.87,12.84,79.02,0.0,False
18.28,2,Concrete,-70.18,4.89,85.29,0.0074,False
104.83,1,Concrete,-88.05,17.59,90.46,0.0,False
71.48,0,None,-62.88,5.74,77.14,0.0026,False
38.93,2,Concrete,-72.11,0.25,91.86,0.0701,False
73.67,1,Concrete,-92.9,25.5,87.4,0.0,False
54.4,2,Concrete,-83.54,8.77,94.77,0.0,False
40.99,1,Concrete,-96.68,34.37,82.31,0.0,False
66.93,4,Concrete,-98.85,2.28,116.57,0.0351,False
33.7,1,Concrete,-89.76,29.15,80.61,0.0,False
175.56,3,Concrete,-95.62,0.67,114.94,0.064,False
182.44,0,None,-63.02,-2.26,85.28,0.1392,True
14.48,0,None,-71.97,28.69,63.27,0.0,False
91.67,1,Concrete,-60.17,-9.13,89.3,0.3084,True
96.43,2,Glass,-72.97,9.23,83.74,0.0,False
156.0,1,Glass,-65.29,-0.63,85.92,0.0978,False
188.1,0,None,-61.71,-3.83,85.54,0.1788,True
147.87,1,Concrete,-65.24,-8.22,93.45,0.295,True
12.36,0,None,-87.21,45.31,61.9,0.0,False
68.07,1,Glass,-72.41,13.7,78.71,0.0,False
44.92,3,Concrete,-97.74,14.64,103.1,0.0,False
63.65,2,Concrete,-82.46,6.33,96.13,0.0015,False
72.81,4,Concrete,-76.56,-20.74,117.3,0.4478,True
183.68,3,Concrete,-72.35,-22.99,115.34,0.4626,True
137.46,4,Concrete,-89.2,-13.61,122.82,0.3847,True
169.47,0,None,-87.86,23.23,84.64,0.0,False
43.2,1,Glass,-87.12,32.36,74.76,0.0,False
107.3,3,Glass,-95.93,29.27,86.67,0.0,False
198.7,4,Glass,-76.49,2.47,94.02,0.0295,False
134.02,1,Concrete,-85.44,12.84,92.6,0.0,False
145.57,3,Glass,-88.55,19.23,89.32,0.0,False
18.74,0,None,-65.6,20.09,65.51,0.0,False
60.72,1,Concrete,-95.5,29.78,85.72,0.0,False
166.65,2,Concrete,-64.21,-20.28,104.49,0.4495,True
26.16,0,None,-92.03,43.62,68.41,0.0,False
145.7,3,Concrete,-62.87,-30.46,113.32,0.4803,True
60.74,3,Glass,-98.8,37.08,81.72,0.0,False
106.29,3,Concrete,-96.14,5.55,110.58,0.0033,False
70.1,2,Concrete,-74.2,-2.77,96.97,0.1547,True
22.22,4,Glass,-79.83,24.84,74.99,0.0,False
111.3,1,Glass,-63.24,0.26,82.98,0.0737,False
190.04,3,Concrete,-79.31,-16.33,115.63,0.4156,True
21.22,2,Concrete,-66.11,-0.48,86.59,0.0923,False
190.74,2,Concrete,-78.0,-7.66,105.66,0.2788,True
134.05,2,Concrete,-90.93,8.33,102.6,0.0,False
53.91,2,Concrete,-95.19,20.51,94.69,0.0,False
143.28,0,None,-96.44,33.27,83.18,0.0,False
45.21,2,Glass,-62.52,5.36,77.16,0.0043,False
142.44,1,Concrete,-95.52,22.4,93.13,0.0,False
111.6,4,Concrete,-89.82,-11.19,121.01,0.3454,True
169.25,2,Concrete,-69.95,-14.68,104.63,0.3946,True
41.15,0,None,-71.2,18.86,72.34,0.0,False
112.46,1,Concrete,-91.08,20.01,91.07,0.0,False
37.07,2,Concrete,-94.07,22.64,91.43,0.0,False
163.16,2,Glass,-67.01,-1.29,88.31,0.1095,True
77.58,2,Concrete,-84.16,6.32,97.85,0.0013,False
85.97,1,Glass,-74.78,14.04,80.74,0.0,False
75.39,0,None,-61.98,4.38,77.6,0.0103,False
53.61,1,Glass,-78.77,22.13,76.64,0.0,False
34.28,4,Concrete,-81.31,-9.44,110.75,0.3175,True
16.92,1,Glass,-70.7,24.08,66.62,0.0,False
40.77,2,Concrete,-79.3,7.03,92.26,0.0005,False
123.15,0,None,-65.41,3.55,81.86,0.0163,False
85.84,1,Glass,-77.75,17.02,80.73,0.0,False
30.76,0,None,-78.53,28.72,69.81,0.0,False
54.05,0,None,-91.07,36.36,74.71,0.0,False
189.14,1,Concrete,-62.94,-12.65,95.59,0.3631,True
150.52,3,Concrete,-70.64,-22.97,113.61,0.4711,True
197.09,1,Concrete,-61.06,-14.88,95.95,0.3922,True
196.33,0,None,-71.34,5.43,85.91,0.0044,False
16.78,1,Concrete,-76.9,22.35,74.55,0.0,False
134.71,0,None,-68.17,5.53,82.64,0.0036,False
112.03,4,Glass,-92.31,23.27,89.04,0.0,False
49.63,2,Glass,-78.35,20.38,77.97,0.0,False
54.15,3,Concrete,-85.68,0.95,104.73,0.0604,False
131.25,3,Concrete,-77.1,-15.32,112.42,0.3938,True
183.43,4,Concrete,-82.93,-22.4,125.32,0.4596,True
61.31,0,None,-65.81,10.01,75.8,0.0,False
86.77,1,Glass,-87.57,26.75,80.82,0.0,False
60.76,3,Concrete,-61.65,-24.08,105.73,0.474,True
149.01,4,Concrete,-90.57,-12.94,123.52,0.3722,True
139.74,4,Concrete,-91.63,-11.33,122.96,0.3503,True
198.74,0,None,-84.61,18.59,86.02,0.0,False
94.34,0,None,-81.99,22.44,79.55,0.0,False
148.93,0,None,-73.82,10.31,83.51,0.0,False
77.9,2,Concrete,-75.96,-1.92,97.88,0.1331,True
76.67,2,Concrete,-87.66,9.92,97.75,0.0,False
175.64,1,Glass,-67.47,0.52,86.95,0.0661,False
110.7,4,Concrete,-82.26,-18.68,120.94,0.4341,True
170.15,3,Concrete,-84.64,-10.04,114.67,0.3247,True
133.44,2,Concrete,-86.33,3.77,102.56,0.0133,False
180.12,0,None,-87.69,22.52,85.17,0.0,False
150.67,3,Glass,-73.33,3.71,89.61,0.0168,False
70.98,2,Glass,-61.4,0.32,81.08,0.0716,False
30.13,1,Concrete,-93.34,33.7,79.63,0.0,False
142.1,4,Glass,-80.09,8.99,91.11,0.0,False
115.1,2,Concrete,-95.45,14.18,101.28,0.0,False
154.64,2,Glass,-61.66,-6.19,87.84,0.2367,True
102.81,0,None,-99.44,39.15,80.29,0.0,False
175.95,0,None,-97.48,32.52,84.96,0.0,False
74.61,4,Glass,-69.51,4.0,85.51,0.0132,False
156.88,4,Glass,-91.69,19.72,91.97,0.0,False
154.05,1,Glass,-72.4,6.6,85.81,0.0009,False
88.23,1,Concrete,-96.65,27.68,88.97,0.0,False
39.44,3,Concrete,-95.72,13.74,101.97,0.0,False
122.22,0,None,-63.96,2.17,81.8,0.0337,False
14.69,0,None,-75.31,31.92,63.39,0.0,False
101.44,2,Concrete,-84.09,3.91,100.18,0.0127,False
192.23,2,Glass,-94.42,24.69,89.73,0.0,False
30.32,3,Concrete,-99.1,19.41,99.69,0.0,False
104.62,4,Glass,-64.87,-3.58,88.45,0.1735,True
51.1,2,Concrete,-92.7,18.47,94.22,0.0,False
150.05,2,Glass,-74.18,6.6,87.58,0.0015,False
158.1,0,None,-64.83,0.8,84.03,0.0666,False
100.9,1,Concrete,-98.87,28.74,90.13,0.0,False
138.44,2,Glass,-69.18,2.3,86.88,0.0318,False
84.94,1,Glass,-64.59,3.95,80.64,0.0148,False
89.01,0,None,-83.95,24.91,79.04,0.0,False
181.64,4,Glass,-98.69,25.45,93.24,0.0,False
82.14,3,Glass,-83.33,18.98,84.34,0.0,False
110.04,0,None,-85.77,24.88,80.88,0.0,False
112.5,2,Glass,-78.09,13.01,85.08,0.0,False
199.92,3,Glass,-87.4,15.32,92.07,0.0,False
41.71,0,None,-86.06,33.6,72.46,0.0,False
177.81,3,Glass,-63.14,-7.91,91.05,0.2795,True
158.65,0,None,-95.4,31.34,84.06,0.0,False
177.66,3,Glass,-81.26,10.21,91.05,0.0,False
43.91,3,Glass,-77.35,18.45,78.91,0.0,False
42.74,0,None,-89.68,37.01,72.67,0.0,False
95.96,3,Concrete,-87.08,-2.62,109.7,0.1461,True
190.05,1,Concrete,-69.08,-6.55,95.63,0.2541,True
87.92,3,Glass,-97.68,32.74,84.94,0.0,False
132.46,0,None,-75.78,13.29,82.5,0.0,False
54.75,3,Glass,-95.46,34.64,80.82,0.0,False
56.4,4,Concrete,-87.63,-7.45,115.08,0.2785,True
68.4,2,Glass,-65.5,4.74,80.76,0.007,False
135.59,3,Concrete,-82.19,-10.51,112.7,0.3381,True
187.96,2,Glass,-91.58,22.05,89.54,0.0,False
173.94,4,Glass,-89.19,16.33,92.86,0.0,False
67.26,1,Concrete,-89.07,22.46,86.61,0.0,False
189.25,0,None,-99.93,34.33,85.59,0.0,False
137.3,0,None,-81.55,18.75,82.81,0.0,False
133.87,3,Concrete,-89.69,-2.9,112.59,0.1504,True
126.09,4,Concrete,-75.37,-26.7,122.07,0.4702,True
122.06,1,Glass,-97.51,33.72,83.79,0.0,False
63.02,0,None,-66.42,10.38,76.04,0.0,False
41.54,2,Glass,-63.6,7.17,76.42,0.0004,False
51.16,4,Glass,-74.37,12.14,82.23,0.0,False
138.12,4,Concrete,-66.33,-36.53,122.86,0.4934,True
27.45,0,None,-68.03,19.21,68.82,0.0,False
37.77,1,Concrete,-62.65,1.06,81.6,0.0547,False
91.82,2,Glass,-67.7,4.39,83.31,0.0089,False
151.31,4,Concrete,-98.78,-4.87,123.65,0.2124,True
189.02,2,Concrete,-96.47,10.89,105.58,0.0,False
45.23,4,Glass,-85.24,24.07,81.16,0.0,False
154.2,4,Concrete,-68.8,-35.02,123.82,0.4799,True
70.08,1,Glass,-76.88,17.91,78.97,0.0,False
18.37,1,Glass,-79.51,32.17,67.33,0.0,False
196.29,3,Concrete,-75.38,-20.54,115.91,0.4474,True
45.3,2,Concrete,-73.18,0.01,93.18,0.0798,False
23.55,4,Glass,-99.53,44.03,75.5,0.0,False
21.67,3,Glass,-71.3,18.53,72.77,0.0,False
187.84,4,Glass,-67.5,-6.03,93.53,0.2389,True
156.2,0,None,-75.08,11.16,83.93,0.0,False
49.35,3,Concrete,-82.71,-1.21,103.92,0.1094,True
135.98,0,None,-77.69,14.97,82.72,0.0,False
174.11,3,Concrete,-88.97,-5.9,114.87,0.2407,True
163.99,2,Concrete,-60.99,-23.36,104.35,0.4703,True
134.4,3,Glass,-73.3,4.68,88.62,0.0079,False
105.87,1,Glass,-99.21,36.66,82.55,0.0,False
44.5,2,Concrete,-81.53,8.51,93.02,0.0001,False
194.06,3,Concrete,-79.32,-16.49,115.81,0.4093,True
39.81,3,Glass,-93.87,35.82,78.05,0.0,False
107.79,3,Concrete,-98.58,7.87,110.71,0.0001,False
66.3,0,None,-88.35,31.86,76.49,0.0,False
24.6,1,Concrete,-93.84,35.97,77.87,0.0,False
26.85,2,Glass,-61.56,8.93,72.63,0.0,False
177.53,2,Concrete,-72.91,-12.13,105.04,0.3661,True
124.91,1,Concrete,-66.35,-5.64,91.99,0.2295,True
45.55,2,Concrete,-72.68,-0.54,93.22,0.0928,False
188.52,1,Glass,-95.43,27.87,87.56,0.0,False
105.14,1,Glass,-69.25,6.76,82.49,0.0015,False
81.35,2,Glass,-88.88,26.62,82.26,0.0,False
189.49,2,Concrete,-99.11,13.5,105.61,0.0,False
27.43,1,Concrete,-97.63,38.81,78.82,0.0,False
111.08,2,Glass,-86.22,21.25,84.97,0.0,False
158.67,1,Glass,-79.93,13.87,86.06,0.0,False
188.04,3,Glass,-93.33,21.79,91.54,0.0,False
46.46,3,Concrete,-92.46,9.07,103.4,0.0,False
162.05,0,None,-99.16,34.91,84.25,0.0,False
195.02,3,Glass,-84.99,13.13,91.86,0.0,False
190.06,0,None,-80.26,14.63,85.63,0.0,False
152.91,3,Glass,-92.42,22.68,89.74,0.0,False
55.97,4,Glass,-86.48,23.47,83.01,0.0,False
34.73,2,Glass,-66.13,11.27,74.87,0.0,False
147.31,0,None,-98.77,35.35,83.42,0.0,False
154.01,1,Concrete,-99.65,25.84,93.81,0.0,False
45.88,0,None,-87.82,34.53,73.29,0.0,False
19.6,2,Concrete,-72.57,6.67,85.9,0.0013,False
64.15,4,Concrete,-71.27,-24.93,116.2,0.4675,True
12.3,0,None,-86.43,44.58,61.85,0.0,False
119.26,4,Glass,-95.87,26.28,89.58,0.0,False
115.16,1,Glass,-90.63,27.35,83.28,0.0,False
102.21,2,Glass,-79.85,15.61,84.24,0.0,False
164.43,0,None,-80.04,15.66,84.37,0.0,False
136.9,1,Concrete,-72.18,-0.6,92.78,0.0964,False
174.62,1,Concrete,-66.57,-8.32,94.9,0.2935,True
151.49,3,Glass,-76.88,7.22,89.66,0.0007,False
24.5,4,Concrete,-87.28,-0.55,107.84,0.0957,False
36.77,1,Glass,-69.98,16.61,73.36,0.0,False
90.04,0,None,-72.68,13.54,79.14,0.0,False
155.28,1,Concrete,-68.14,-5.73,93.88,0.2326,True
65.2,0,None,-93.73,37.39,76.34,0.0,False
64.37,0,None,-90.9,34.68,76.23,0.0,False
13.1,4,Glass,-90.0,39.6,70.4,0.0,False
186.23,0,None,-63.05,-2.4,85.46,0.1385,True
106.13,1,Concrete,-64.28,-6.29,90.57,0.2448,True
113.47,2,Concrete,-98.92,17.77,101.15,0.0,False
155.98,2,Concrete,-63.68,-20.23,103.92,0.4485,True
111.39,2,Glass,-73.85,8.86,84.99,0.0,False
167.34,1,Concrete,-98.28,23.75,94.53,0.0,False
192.43,0,None,-78.25,12.51,85.74,0.0,False
148.56,3,Concrete,-94.58,1.09,113.49,0.0573,False
117.52,2,Concrete,-62.11,-19.35,101.46,0.4351,True
143.45,4,Concrete,-99.42,-3.76,123.19,0.1769,True
117.54,4,Concrete,-65.8,-35.66,121.46,0.4916,True
157.11,1,Glass,-84.49,18.51,85.98,0.0,False
185.48,1,Glass,-63.24,-4.18,87.42,0.1954,True
46.95,3,Concrete,-76.34,-7.14,103.49,0.2667,True
183.34,2,Glass,-89.27,19.95,89.32,0.0,False
17.88,1,Glass,-99.31,52.21,67.1,0.0,False
34.99,4,Glass,-92.49,33.56,78.93,0.0,False
124.58,3,Glass,-92.99,25.03,87.96,0.0,False
72.27,0,None,-66.49,9.26,77.23,0.0,False
194.46,0,None,-61.83,-4.0,85.83,0.1828,True
32.7,1,Concrete,-82.27,21.93,80.35,0.0,False
14.88,2,Concrete,-85.14,21.64,83.51,0.0,False
13.65,2,Concrete,-63.99,1.23,82.76,0.0529,False
169.29,3,Concrete,-99.04,4.41,114.63,0.0096,False
147.02,3,Concrete,-98.79,5.39,113.4,0.0035,False
58.58,0,None,-78.95,23.54,75.41,0.0,False
50.93,1,Glass,-99.9,43.71,76.19,0.0,False
54.18,4,Glass,-92.92,30.19,82.73,0.0,False
161.83,0,None,-85.05,20.82,84.24,0.0,False
44.45,2,Glass,-64.78,7.77,77.01,0.0001,False
95.23,0,None,-72.28,12.65,79.63,0.0,False
170.4,0,None,-62.13,-2.56,84.68,0.147,True
195.39,1,Concrete,-77.24,1.37,95.87,0.0494,False
121.05,2,Glass,-76.77,11.06,85.71,0.0,False
99.96,1,Concrete,-92.09,22.04,90.05,0.0,False
47.76,4,Concrete,-82.94,-10.69,113.64,0.3399,True
167.81,0,None,-62.99,-1.56,84.55,0.1161,True
17.45,1,Glass,-81.02,34.13,66.89,0.0,False
87.26,2,Glass,-64.45,1.58,82.87,0.0474,False
175.15,4,Concrete,-82.96,-21.97,124.92,0.4536,True
29.6,4,Glass,-65.73,8.25,77.48,0.0004,False
79.57,3,Glass,-72.53,8.46,84.07,0.0,False
72.17,4,Glass,-78.43,13.2,85.22,0.0,False
171.16,4,Glass,-77.19,4.47,92.72,0.0095,False
177.22,1,Glass,-60.73,-6.3,87.02,0.2442,True
19.2,0,None,-87.49,41.77,65.72,0.0,False
71.98,2,Concrete,-94.37,17.17,97.2,0.0,False
112.08,2,Glass,-74.09,9.05,85.04,0.0001,False
176.99,0,None,-82.76,17.75,85.01,0.0,False
58.83,1,Concrete,-87.2,21.75,85.45,0.0,False
91.44,4,Concrete,-66.55,-32.73,119.28,0.4909,True
61.5,4,Glass,-61.72,-2.11,83.83,0.1296,True
195.51,3,Glass,-62.42,-9.45,91.88,0.3165,True
162.2,2,Concrete,-71.85,-12.41,104.26,0.374,True
165.97,2,Glass,-68.21,-0.25,88.45,0.089,False
30.67,2,Concrete,-73.01,3.22,89.79,0.0205,False
60.56,1,Glass,-60.35,2.65,77.7,0.0282,False
75.38,0,None,-95.62,38.02,77.6,0.0,False
21.33,4,Glass,-70.81,16.18,74.63,0.0,False
49.9,3,Concrete,-70.4,-13.62,104.02,0.3865,True
25.65,4,Glass,-78.49,22.25,76.24,0.0,False
113.14,0,None,-78.44,17.31,81.13,0.0,False
117.01,1,Concrete,-84.26,12.84,91.42,0.0,False
114.86,3,Concrete,-69.58,-21.68,111.26,0.4598,True
30.66,1,Glass,-94.18,42.4,71.79,0.0,False
11.7,3,Concrete,-85.78,14.37,91.42,0.0,False
115.83,3,Concrete,-91.31,-0.03,111.33,0.0811,False
103.14,2,Glass,-72.57,8.25,84.32,0.0,False
14.39,0,None,-84.99,41.77,63.22,0.0,False
38.21,4,Concrete,-87.23,-4.47,111.7,0.1988,True
95.9,4,Glass,-96.51,28.82,87.69,0.0,False
66.33,1,Concrete,-93.12,26.63,86.49,0.0,False
39.13,0,None,-83.83,31.92,71.91,0.0,False
178.77,4,Glass,-94.77,21.67,93.1,0.0,False
64.44,2,Concrete,-66.97,-9.27,96.24,0.3072,True
176.5,2,Concrete,-78.88,-6.11,104.99,0.2405,True
109.16,1,Concrete,-73.92,3.11,90.82,0.0234,False
84.69,0,None,-88.95,30.34,78.61,0.0,False
181.09,1,Concrete,-80.15,4.94,95.21,0.0066,False
157.17,1,Glass,-98.31,32.32,85.98,0.0,False
182.92,0,None,-88.73,23.44,85.3,0.0,False
85.47,1,Concrete,-64.78,-3.91,88.69,0.1805,True
114.62,0,None,-90.71,29.47,81.24,0.0,False
56.89,1,Glass,-87.95,30.8,77.15,0.0,False
32.58,1,Glass,-66.66,14.35,72.31,0.0,False
17.93,4,Concrete,-82.48,-2.65,105.13,0.147,True
93.94,3,Concrete,-87.5,-2.01,109.51,0.1336,True
168.12,4,Glass,-89.28,16.71,92.57,0.0,False
95.69,3,Glass,-84.66,18.99,85.67,0.0,False
98.5,3,Concrete,-75.23,-14.69,109.92,0.4008,True
50.31,2,Concrete,-99.68,25.6,94.09,0.0,False
194.54,0,None,-86.11,20.27,85.83,0.0,False
183.02,1,Glass,-84.44,17.14,87.3,0.0,False
176.37,4,Concrete,-80.64,-24.35,124.98,0.4644,True
129.8,0,None,-89.36,27.04,82.32,0.0,False
174.46,2,Concrete,-84.84,-0.05,104.89,0.0812,False
100.9,1,Concrete,-89.92,19.79,90.13,0.0,False
143.14,2,Concrete,-98.81,15.64,103.17,0.0,False
51.75,0,None,-76.8,22.47,74.33,0.0,False
127.63,2,Concrete,-69.44,-12.73,102.17,0.3728,True
186.79,1,Glass,-78.76,11.27,87.48,0.0,False
43.77,2,Glass,-68.63,11.76,76.88,0.0,False
16.99,3,Glass,-96.96,46.3,70.66,0.0,False
36.61,0,None,-86.69,35.37,71.33,0.0,False
54.98,1,Concrete,-95.78,30.93,84.86,0.0,False
93.01,4,Concrete,-74.76,-24.66,119.42,0.4717,True
158.2,2,Concrete,-91.91,7.87,104.04,0.0002,False
130.95,3,Concrete,-77.81,-14.59,112.4,0.4036,True
173.54,3,Concrete,-67.77,-27.07,114.84,0.4801,True
64.4,0,None,-95.19,38.96,76.23,0.0,False
100.67,1,Glass,-92.85,30.74,82.11,0.0,False
81.32,0,None,-73.81,15.55,78.26,0.0,False
67.52,1,Concrete,-75.35,8.71,86.64,0.0001,False
199.75,2,Glass,-75.36,5.3,90.06,0.0057,False
96.11,4,Concrete,-83.43,-16.28,119.71,0.4209,True
97.26,4,Glass,-68.77,0.95,87.81,0.0585,False
169.37,1,Concrete,-80.56,5.92,94.63,0.0019,False
197.41,0,None,-79.56,13.59,85.96,0.0,False
103.92,1,Concrete,-87.09,16.7,90.39,0.0,False
61.39,4,Glass,-92.8,28.99,83.82,0.0,False
28.01,3,Concrete,-84.97,5.96,99.0,0.0028,False
60.58,3,Glass,-99.01,37.31,81.7,0.0,False
99.06,1,Concrete,-76.03,6.06,89.97,0.0009,False
177.76,2,Concrete,-65.25,-19.81,105.05,0.4361,True
65.18,4,Concrete,-82.17,-14.16,116.34,0.3916,True
184.25,3,Concrete,-86.75,-8.62,115.36,0.3064,True
163.01,2,Glass,-78.53,10.23,88.3,0.0,False
184.7,2,Glass,-97.84,28.46,89.38,0.0,False
21.7,1,Glass,-99.16,50.38,68.78,0.0,False
68.37,0,None,-68.72,11.97,76.75,0.0,False
124.49,4,Concrete,-95.48,-6.47,121.96,0.2443,True
19.87,2,Glass,-83.23,33.21,70.02,0.0,False
82.5,4,Glass,-97.9,31.52,86.38,0.0,False
38.05,2,Concrete,-99.34,27.68,91.66,0.0,False
99.39,2,Concrete,-82.49,2.49,100.0,0.0302,False
11.33,1,Concrete,-90.04,38.9,71.14,0.0,False
85.36,2,Glass,-98.67,35.99,82.68,0.0,False
113.91,2,Glass,-78.7,13.51,85.19,0.0,False
143.21,3,Concrete,-67.48,-25.7,113.17,0.4656,True
67.94,2,Concrete,-98.53,21.83,96.7,0.0,False
15.74,3,Concrete,-76.26,2.27,93.99,0.0329,False
42.07,2,Glass,-83.81,27.28,76.53,0.0,False
98.63,0,None,-82.52,22.58,79.93,0.0,False
103.5,1,Glass,-94.58,32.23,82.35,0.0,False
158.56,1,Concrete,-79.2,5.15,94.06,0.0063,False
150.9,0,None,-65.8,2.17,83.63,0.0356,False
139.72,0,None,-87.94,24.99,82.96,0.0,False
51.34,1,Concrete,-74.74,10.47,84.26,0.0,False
179.45,3,Concrete,-68.88,-26.25,115.13,0.47,True
150.14,3,Glass,-90.67,21.09,89.58,0.0,False
141.62,2,Glass,-72.95,5.88,87.08,0.0031,False
71.76,3,Glass,-64.55,1.38,83.17,0.0473,False
84.8,3,Concrete,-76.69,-11.93,108.62,0.3615,True
49.42,4,Concrete,-93.93,-0.0,113.93,0.0811,False
189.52,4,Glass,-61.27,-12.33,93.61,0.3558,True
12.92,2,Concrete,-64.52,2.24,82.28,0.0352,False
135.79,1,Concrete,-81.33,8.61,92.71,0.0,False
112.19,0,None,-61.58,0.53,81.05,0.0611,False
147.31,0,None,-93.35,29.93,83.42,0.0,False
130.32,3,Concrete,-66.22,-26.13,112.35,0.4655,True
183.32,1,Concrete,-64.18,-11.14,95.32,0.3517,True
28.13,3,Glass,-66.53,11.49,75.04,0.0,False
119.89,2,Glass,-74.99,9.36,85.63,0.0,False
194.54,1,Concrete,-61.38,-14.46,95.83,0.3873,True
35.44,2,Glass,-93.29,38.24,75.04,0.0,False
150.7,4,Concrete,-75.59,-28.03,123.62,0.4793,True
15.99,3,Glass,-83.38,33.25,70.13,0.0,False
102.33,4,Concrete,-95.51,-4.74,120.25,0.2003,True
117.6,2,Glass,-91.32,25.86,85.46,0.0,False
116.89,0,None,-93.57,32.16,81.41,0.0,False
120.67,3,Glass,-67.53,-0.16,87.69,0.0781,False
156.6,1,Glass,-65.54,-0.41,85.95,0.0879,False
20.32,3,Glass,-94.64,42.43,72.21,0.0,False
56.62,4,Concrete,-92.02,-3.09,115.11,0.1636,True
59.6,3,Concrete,-62.2,-23.36,105.56,0.4567,True
163.48,1,Glass,-94.55,28.23,86.32,0.0,False
106.15,4,Concrete,-88.07,-12.5,120.57,0.356,True
46.67,4,Glass,-96.56,35.13,81.43,0.0,False
189.19,1,Glass,-82.62,15.03,87.59,0.0,False
145.88,2,Glass,-94.1,26.77,87.33,0.0,False
185.77,1,Glass,-62.13,-5.3,87.43,0.2239,True
13.7,4,Concrete,-81.66,-1.13,102.79,0.1036,True
52.71,3,Concrete,-62.9,-21.6,104.49,0.4524,True
19.95,0,None,-92.77,46.72,66.05,0.0,False
59.52,1,Glass,-62.48,4.94,77.55,0.0066,False
120.86,0,None,-69.43,7.73,81.7,0.0003,False
68.19,4,Concrete,-99.22,2.49,116.73,0.0299,False
168.04,4,Glass,-81.92,9.36,92.56,0.0,False
160.45,3,Glass,-85.52,15.36,90.16,0.0,False
